_MEMBER_MyList,_LogP_MyList,GO,_PATTERN_,_RANK_,GiniIndex,Category,CategoryID,Description,PARENT_GO,LogP,Enrichment,Z-score,#TotalGeneInLibrary,#GeneInGO,#GeneInHitList,#GeneInGOAndHitList,%InGO,STDV %InGO,GeneID,Hits,Log(q-value),EvidenceCutoff
1,-52,M40025,M1,1,0,Cell Type Signatures,7,BUSSLINGER DUODENAL DIFFERENTIATING STEM CELLS,,-52,46,41,30284,305,80,37,46,5.6,71|518|708|1854|2023|2597|3015|3146|3148|3925|4493|4494|4501|4502|4904|5216|5315|5935|6124|6154|6171|6175|6187|6232|6235|6418|6636|7112|8364|9168|9377|10051|10376|10541|23521|25804|203068,ACTG1|ATP5MC3|C1QBP|DUT|ENO1|GAPDH|H2AZ1|HMGB1|HMGB2|STMN1|MT1E|MT1F|MT1X|MT2A|YBX1|PFN1|PKM|RBM3|RPL4|RPL26|RPL41|RPLP0|RPS2|RPS27|RPS29|SET|SNRPF|TMPO|H4C3|TMSB10|COX5A|SMC4|TUBA1B|ANP32B|RPL13A|LSM4|TUBB,-48,0
1,-38,M41679,M1,1,0,Cell Type Signatures,7,TRAVAGLINI LUNG MESOTHELIAL CELL,,-38,21,27,30284,649,80,36,45,5.6,567|972|2023|2597|3106|3108|3113|3115|3117|3119|3122|3123|3127|3921|3925|4493|4494|4501|4502|6124|6154|6171|6173|6175|6187|6218|6232|6235|6277|6418|6636|6748|9168|10541|23521|55651,B2M|CD74|ENO1|GAPDH|HLA-B|HLA-DMA|HLA-DPA1|HLA-DPB1|HLA-DQA1|HLA-DQB1|HLA-DRA|HLA-DRB1|HLA-DRB5|RPSA|STMN1|MT1E|MT1F|MT1X|MT2A|RPL4|RPL26|RPL41|RPL36A|RPLP0|RPS2|RPS17|RPS27|RPS29|S100A6|SET|SNRPF|SSR4|TMSB10|ANP32B|RPL13A|NHP2,-34,0
1,-32,M40003,M1,1,0,Cell Type Signatures,7,BUSSLINGER ESOPHAGEAL EARLY SUPRABASAL CELLS,,-32,91,41,30284,79,80,19,24,4.8,518|567|1854|2023|3015|3146|3148|3303|3925|4502|4904|6124|6418|7112|8364|10051|10376|23521|203068,ATP5MC3|B2M|DUT|ENO1|H2AZ1|HMGB1|HMGB2|HSPA1A|STMN1|MT2A|YBX1|RPL4|SET|TMPO|H4C3|SMC4|TUBA1B|RPL13A|TUBB,-28,0
1,-32,M41751,M1,1,0,Cell Type Signatures,7,RUBENSTEIN SKELETAL MUSCLE MYELOID CELLS,,-32,29,27,30284,347,80,27,34,5.3,60|972|2597|3108|3113|3115|3122|3123|3303|3337|3726|4904|4929|5216|6124|6154|6171|6173|6187|6235|6275|6277|7538|9168|9377|9709|11151,ACTB|CD74|GAPDH|HLA-DMA|HLA-DPA1|HLA-DPB1|HLA-DRA|HLA-DRB1|HSPA1A|DNAJB1|JUNB|YBX1|NR4A2|PFN1|RPL4|RPL26|RPL41|RPL36A|RPS2|RPS29|S100A4|S100A6|ZFP36|TMSB10|COX5A|HERPUD1|CORO1A,-28,0
1,-31,M40026,M1,1,0,Cell Type Signatures,7,BUSSLINGER DUODENAL TRANSIT AMPLIFYING CELLS,,-31,45,32,30284,194,80,23,29,5.1,71|518|2023|2597|3015|3146|3148|4502|4904|5216|5935|6124|6154|6171|6175|6187|6235|8364|9168|9377|10376|10541|23521,ACTG1|ATP5MC3|ENO1|GAPDH|H2AZ1|HMGB1|HMGB2|MT2A|YBX1|PFN1|RBM3|RPL4|RPL26|RPL41|RPLP0|RPS2|RPS29|H4C3|TMSB10|COX5A|TUBA1B|ANP32B|RPL13A,-28,0
1,-31,M41706,M1,1,0,Cell Type Signatures,7,FAN OVARY CL4 T LYMPHOCYTE NK CELL 1,,-31,37,29,30284,246,80,24,30,5.1,567|1984|2023|2597|3105|3106|3107|3115|3119|3123|3133|3148|3303|4818|5216|5315|6235|6275|6277|6352|6748|7538|10376|11151,B2M|EIF5A|ENO1|GAPDH|HLA-A|HLA-B|HLA-C|HLA-DPB1|HLA-DQB1|HLA-DRB1|HLA-E|HMGB2|HSPA1A|NKG7|PFN1|PKM|RPS29|S100A4|S100A6|CCL5|SSR4|ZFP36|TUBA1B|CORO1A,-27,0
1,-30,M41748,M1,1,0,Cell Type Signatures,7,RUBENSTEIN SKELETAL MUSCLE SATELLITE CELLS,,-30,31,27,30284,310,80,25,31,5.2,518|1854|2597|3151|3726|3921|4493|4501|5935|6124|6154|6171|6173|6175|6187|6232|6235|6275|6277|6636|7538|10376|23521|55651|203068,ATP5MC3|DUT|GAPDH|HMGN2|JUNB|RPSA|MT1E|MT1X|RBM3|RPL4|RPL26|RPL41|RPL36A|RPLP0|RPS2|RPS27|RPS29|S100A4|S100A6|SNRPF|ZFP36|TUBA1B|RPL13A|NHP2|TUBB,-26,0
1,-29,M40005,M1,1,0,Cell Type Signatures,7,BUSSLINGER ESOPHAGEAL DENDRITIC CELLS,,-29,39,29,30284,214,80,22,28,5,60|567|972|3106|3108|3113|3115|3117|3119|3122|3123|3127|3303|3726|4929|5216|6275|6515|7128|7538|9168|10376,ACTB|B2M|CD74|HLA-B|HLA-DMA|HLA-DPA1|HLA-DPB1|HLA-DQA1|HLA-DQB1|HLA-DRA|HLA-DRB1|HLA-DRB5|HSPA1A|JUNB|NR4A2|PFN1|S100A4|SLC2A3|TNFAIP3|ZFP36|TMSB10|TUBA1B,-25,0
1,-28,M41712,M1,1,0,Cell Type Signatures,7,FAN OVARY CL10 PUTATIVE EARLY ATRESIA GRANULOSA CELL,,-28,32,26,30284,274,80,23,29,5.1,60|71|518|808|1854|2597|3015|3146|3148|3151|3925|5216|5315|5902|6173|6218|6636|9168|9377|10376|25804|55651|203068,ACTB|ACTG1|ATP5MC3|CALM3|DUT|GAPDH|H2AZ1|HMGB1|HMGB2|HMGN2|STMN1|PFN1|PKM|RANBP1|RPL36A|RPS17|SNRPF|TMSB10|COX5A|TUBA1B|LSM4|NHP2|TUBB,-24,0
1,-27,M39260,M1,1,0,Cell Type Signatures,7,MENON FETAL KIDNEY 10 IMMUNE CELLS,,-27,78,36,30284,83,80,17,21,4.6,60|567|972|3105|3106|3107|3113|3115|3122|3123|3133|5216|6275|6277|9168|10376|11151,ACTB|B2M|CD74|HLA-A|HLA-B|HLA-C|HLA-DPA1|HLA-DPB1|HLA-DRA|HLA-DRB1|HLA-E|PFN1|S100A4|S100A6|TMSB10|TUBA1B|CORO1A,-24,0
1,-26,M41720,M1,1,0,Cell Type Signatures,7,FAN OVARY CL18 B LYMPHOCYTE,,-26,22,23,30284,422,80,25,31,5.2,567|972|1984|3105|3106|3107|3108|3113|3115|3117|3119|3122|3123|3127|3303|3304|5216|5315|5935|6235|6748|9377|9709|10051|11151,B2M|CD74|EIF5A|HLA-A|HLA-B|HLA-C|HLA-DMA|HLA-DPA1|HLA-DPB1|HLA-DQA1|HLA-DQB1|HLA-DRA|HLA-DRB1|HLA-DRB5|HSPA1A|HSPA1B|PFN1|PKM|RBM3|RPS29|SSR4|COX5A|HERPUD1|SMC4|CORO1A,-23,0
1,-26,M41747,M1,1,0,Cell Type Signatures,7,RUBENSTEIN SKELETAL MUSCLE PCV ENDOTHELIAL CELLS,,-26,35,27,30284,225,80,21,26,4.9,972|3105|3106|3108|3113|3115|3117|3119|3122|3123|3133|3148|4904|6154|6173|6175|6187|6418|6515|6636|9168,CD74|HLA-A|HLA-B|HLA-DMA|HLA-DPA1|HLA-DPB1|HLA-DQA1|HLA-DQB1|HLA-DRA|HLA-DRB1|HLA-E|HMGB2|YBX1|RPL26|RPL36A|RPLP0|RPS2|SET|SLC2A3|SNRPF|TMSB10,-23,0
1,-26,M41715,M1,1,0,Cell Type Signatures,7,FAN OVARY CL13 MONOCYTE MACROPHAGE,,-26,21,22,30284,458,80,25,31,5.2,60|567|972|2023|2597|3105|3106|3107|3108|3113|3115|3117|3119|3122|3123|3127|3303|4904|5216|5315|6275|6277|6748|9377|11151,ACTB|B2M|CD74|ENO1|GAPDH|HLA-A|HLA-B|HLA-C|HLA-DMA|HLA-DPA1|HLA-DPB1|HLA-DQA1|HLA-DQB1|HLA-DRA|HLA-DRB1|HLA-DRB5|HSPA1A|YBX1|PFN1|PKM|S100A4|S100A6|SSR4|COX5A|CORO1A,-22,0
1,-24,M40002,M1,1,0,Cell Type Signatures,7,BUSSLINGER ESOPHAGEAL PROLIFERATING BASAL CELLS,,-24,81,35,30284,70,80,15,19,4.4,567|2023|3015|3146|3148|3925|4502|4904|6124|8364|10051|10376|10541|23521|203068,B2M|ENO1|H2AZ1|HMGB1|HMGB2|STMN1|MT2A|YBX1|RPL4|H4C3|SMC4|TUBA1B|ANP32B|RPL13A|TUBB,-21,0
1,-24,M39251,M1,1,0,Cell Type Signatures,7,MENON FETAL KIDNEY 1 EMBRYONIC RED BLOOD CELLS,,-24,51,29,30284,126,80,17,21,4.6,60|1854|2597|3015|3148|3921|3925|4904|5216|5902|6154|6175|7112|8364|10051|10376|203068,ACTB|DUT|GAPDH|H2AZ1|HMGB2|RPSA|STMN1|YBX1|PFN1|RANBP1|RPL26|RPLP0|TMPO|H4C3|SMC4|TUBA1B|TUBB,-21,0
1,-24,M39229,M1,1,0,Cell Type Signatures,7,LAKE ADULT KIDNEY C10 THIN ASCENDING LIMB,,-24,24,22,30284,353,80,22,28,5,71|518|567|972|2023|2597|3105|3106|3133|3921|4502|4904|5315|6124|6171|6175|6187|6218|6232|6235|6277|23521,ACTG1|ATP5MC3|B2M|CD74|ENO1|GAPDH|HLA-A|HLA-B|HLA-E|RPSA|MT2A|YBX1|PKM|RPL4|RPL41|RPLP0|RPS2|RPS17|RPS27|RPS29|S100A6|RPL13A,-20,0
1,-24,M41709,M1,1,0,Cell Type Signatures,7,FAN OVARY CL7 ANGEIOGENIC ENDOTHELIAL CELL,,-24,30,24,30284,251,80,20,25,4.8,567|972|3105|3106|3107|3108|3113|3115|3119|3122|3123|3127|3133|3146|3304|3726|4502|6277|6515|7538,B2M|CD74|HLA-A|HLA-B|HLA-C|HLA-DMA|HLA-DPA1|HLA-DPB1|HLA-DQB1|HLA-DRA|HLA-DRB1|HLA-DRB5|HLA-E|HMGB1|HSPA1B|JUNB|MT2A|S100A6|SLC2A3|ZFP36,-20,0
1,-23,M41753,M1,1,0,Cell Type Signatures,7,RUBENSTEIN SKELETAL MUSCLE B CELLS,,-23,38,26,30284,177,80,18,22,4.7,972|3108|3113|3115|3117|3119|3122|3123|3726|3921|6124|6154|6171|6173|6187|6232|6235|23521,CD74|HLA-DMA|HLA-DPA1|HLA-DPB1|HLA-DQA1|HLA-DQB1|HLA-DRA|HLA-DRB1|JUNB|RPSA|RPL4|RPL26|RPL41|RPL36A|RPS2|RPS27|RPS29|RPL13A,-20,0
1,-23,M39227,M1,1,0,Cell Type Signatures,7,LAKE ADULT KIDNEY C8 DECENDING THIN LIMB,,-23,27,23,30284,278,80,20,25,4.8,71|567|2023|2597|3105|3106|3146|3921|4502|4904|5315|6124|6171|6175|6187|6218|6232|6277|9168|23521,ACTG1|B2M|ENO1|GAPDH|HLA-A|HLA-B|HMGB1|RPSA|MT2A|YBX1|PKM|RPL4|RPL41|RPLP0|RPS2|RPS17|RPS27|S100A6|TMSB10|RPL13A,-20,0
1,-22,M41652,M1,1,0,Cell Type Signatures,7,TRAVAGLINI LUNG PROXIMAL BASAL CELL,,-22,15,18,30284,629,80,25,31,5.2,518|708|1854|2023|2597|3015|3146|3726|3921|4501|4904|5315|6124|6154|6171|6175|6187|6218|6418|8784|9377|9709|10541|23521|55651,ATP5MC3|C1QBP|DUT|ENO1|GAPDH|H2AZ1|HMGB1|JUNB|RPSA|MT1X|YBX1|PKM|RPL4|RPL26|RPL41|RPLP0|RPS2|RPS17|SET|TNFRSF18|COX5A|HERPUD1|ANP32B|RPL13A|NHP2,-19,0
1,-21,M39266,M1,1,0,Cell Type Signatures,7,HU FETAL RETINA MICROGLIA,,-21,21,20,30284,382,80,21,26,4.9,60|567|972|3105|3106|3107|3108|3113|3122|3123|3133|3303|3304|3337|3726|4929|5216|6515|7538|9709|11151,ACTB|B2M|CD74|HLA-A|HLA-B|HLA-C|HLA-DMA|HLA-DPA1|HLA-DRA|HLA-DRB1|HLA-E|HSPA1A|HSPA1B|DNAJB1|JUNB|NR4A2|PFN1|SLC2A3|ZFP36|HERPUD1|CORO1A,-18,0
1,-21,M39305,M1,1,0,Cell Type Signatures,7,CUI DEVELOPING HEART C8 MACROPHAGE,,-21,26,22,30284,275,80,19,24,4.8,972|3105|3106|3107|3108|3113|3115|3119|3122|3123|3133|3303|3726|4929|6275|6515|7538|9709|11151,CD74|HLA-A|HLA-B|HLA-C|HLA-DMA|HLA-DPA1|HLA-DPB1|HLA-DQB1|HLA-DRA|HLA-DRB1|HLA-E|HSPA1A|JUNB|NR4A2|S100A4|SLC2A3|ZFP36|HERPUD1|CORO1A,-18,0
1,-21,M41749,M1,1,0,Cell Type Signatures,7,RUBENSTEIN SKELETAL MUSCLE NK CELLS,,-21,30,23,30284,226,80,18,22,4.7,60|71|567|2023|3726|3921|4818|5216|5935|6171|6187|6232|6235|6275|6352|7494|11151|203068,ACTB|ACTG1|B2M|ENO1|JUNB|RPSA|NKG7|PFN1|RBM3|RPL41|RPS2|RPS27|RPS29|S100A4|CCL5|XBP1|CORO1A|TUBB,-18,0
1,-21,M39021,M1,1,0,Cell Type Signatures,7,FAN EMBRYONIC CTX BIG GROUPS BRAIN IMMUNE,,-21,41,25,30284,148,80,16,20,4.5,567|972|3105|3106|3107|3122|3123|3133|3337|3726|5216|6275|6277|7538|11151|23521,B2M|CD74|HLA-A|HLA-B|HLA-C|HLA-DRA|HLA-DRB1|HLA-E|DNAJB1|JUNB|PFN1|S100A4|S100A6|ZFP36|CORO1A|RPL13A,-18,0
1,-21,M40016,M1,1,0,Cell Type Signatures,7,BUSSLINGER GASTRIC REG3A POSITIVE CELLS,,-21,1e+02,35,30284,44,80,12,15,4,567|972|3105|3106|3108|3113|3115|3117|3119|3122|3123|9168,B2M|CD74|HLA-A|HLA-B|HLA-DMA|HLA-DPA1|HLA-DPB1|HLA-DQA1|HLA-DQB1|HLA-DRA|HLA-DRB1|TMSB10,-18,0
1,-21,M41710,M1,1,0,Cell Type Signatures,7,FAN OVARY CL8 MATURE CUMULUS GRANULOSA CELL 2,,-21,14,17,30284,646,80,24,30,5.1,60|518|708|808|1854|3146|3148|3151|3925|4494|4501|5216|5902|6235|6418|6636|8364|9168|9377|10376|10541|25804|55651|203068,ACTB|ATP5MC3|C1QBP|CALM3|DUT|HMGB1|HMGB2|HMGN2|STMN1|MT1F|MT1X|PFN1|RANBP1|RPS29|SET|SNRPF|H4C3|TMSB10|COX5A|TUBA1B|ANP32B|LSM4|NHP2|TUBB,-18,0
1,-20,M39231,M1,1,0,Cell Type Signatures,7,LAKE ADULT KIDNEY C12 THICK ASCENDING LIMB,,-20,20,19,30284,381,80,20,25,4.8,518|567|2023|2597|3105|3921|4904|5315|6124|6171|6175|6218|6232|6235|6277|6748|9168|9377|9709|23521,ATP5MC3|B2M|ENO1|GAPDH|HLA-A|RPSA|YBX1|PKM|RPL4|RPL41|RPLP0|RPS17|RPS27|RPS29|S100A6|SSR4|TMSB10|COX5A|HERPUD1|RPL13A,-17,0
1,-20,M39237,M1,1,0,Cell Type Signatures,7,LAKE ADULT KIDNEY C18 COLLECTING DUCT PRINCIPAL CELLS MEDULLA,,-20,22,20,30284,322,80,19,24,4.8,71|518|567|2023|2597|3105|3106|3107|3921|4904|5315|6124|6171|6175|6187|6232|6277|9168|23521,ACTG1|ATP5MC3|B2M|ENO1|GAPDH|HLA-A|HLA-B|HLA-C|RPSA|YBX1|PKM|RPL4|RPL41|RPLP0|RPS2|RPS27|S100A6|TMSB10|RPL13A,-17,0
1,-20,M39238,M1,1,0,Cell Type Signatures,7,LAKE ADULT KIDNEY C19 COLLECTING DUCT INTERCALATED CELLS TYPE A MEDULLA,,-20,22,20,30284,326,80,19,24,4.8,71|518|567|972|2023|2597|3106|3107|3921|4502|5315|6124|6171|6175|6187|6218|6232|9377|23521,ACTG1|ATP5MC3|B2M|CD74|ENO1|GAPDH|HLA-B|HLA-C|RPSA|MT2A|PKM|RPL4|RPL41|RPLP0|RPS2|RPS17|RPS27|COX5A|RPL13A,-17,0
1,-19,M41714,M1,1,0,Cell Type Signatures,7,FAN OVARY CL12 T LYMPHOCYTE NK CELL 2,,-19,35,22,30284,161,80,15,19,4.4,567|3105|3106|3107|3133|5216|5315|6232|6235|6275|6277|6352|6748|7128|11151,B2M|HLA-A|HLA-B|HLA-C|HLA-E|PFN1|PKM|RPS27|RPS29|S100A4|S100A6|CCL5|SSR4|TNFAIP3|CORO1A,-16,0
1,-19,M39242,M1,1,0,Cell Type Signatures,7,LAKE ADULT KIDNEY C23 ENDOTHELIAL CELLS AVR,,-19,42,24,30284,126,80,14,18,4.2,71|567|972|2597|3106|3122|3123|3133|4502|6124|6175|6187|9168|23521,ACTG1|B2M|CD74|GAPDH|HLA-B|HLA-DRA|HLA-DRB1|HLA-E|MT2A|RPL4|RPLP0|RPS2|TMSB10|RPL13A,-16,0
1,-18,M39218,M1,1,0,Cell Type Signatures,7,ZHENG CORD BLOOD C9 GRANULOCYTE MACROPHAGE PROGENITOR,,-18,49,25,30284,100,80,13,16,4.1,71|567|2023|2597|3105|3106|3151|3925|5216|6418|9168|10376|10541,ACTG1|B2M|ENO1|GAPDH|HLA-A|HLA-B|HMGN2|STMN1|PFN1|SET|TMSB10|TUBA1B|ANP32B,-15,0
1,-18,M39174,M1,1,0,Cell Type Signatures,7,MURARO PANCREAS ACINAR CELL,,-18,12,15,30284,731,80,23,29,5.1,71|567|972|3106|3107|3108|3122|3123|3921|5935|6124|6154|6171|6173|6175|6187|6232|6235|7128|7494|9168|9709|23521,ACTG1|B2M|CD74|HLA-B|HLA-C|HLA-DMA|HLA-DRA|HLA-DRB1|RPSA|RBM3|RPL4|RPL26|RPL41|RPL36A|RPLP0|RPS2|RPS27|RPS29|TNFAIP3|XBP1|TMSB10|HERPUD1|RPL13A,-15,0
1,-18,M41667,M1,1,0,Cell Type Signatures,7,TRAVAGLINI LUNG CAPILLARY INTERMEDIATE 2 CELL,,-18,18,17,30284,408,80,19,24,4.8,567|808|3115|3117|3119|3122|3146|3151|4493|4502|4904|6171|6232|6235|6275|6277|6418|9168|10541,B2M|CALM3|HLA-DPB1|HLA-DQA1|HLA-DQB1|HLA-DRA|HMGB1|HMGN2|MT1E|MT2A|YBX1|RPL41|RPS27|RPS29|S100A4|S100A6|SET|TMSB10|ANP32B,-15,0
1,-17,M39297,M1,1,0,Cell Type Signatures,7,DURANTE ADULT OLFACTORY NEUROEPITHELIUM MONOCYTES,,-17,97,31,30284,39,80,10,12,3.7,972|3108|3113|3115|3117|3119|3122|3123|3127|9709,CD74|HLA-DMA|HLA-DPA1|HLA-DPB1|HLA-DQA1|HLA-DQB1|HLA-DRA|HLA-DRB1|HLA-DRB5|HERPUD1,-14,0
1,-16,M41697,M1,1,0,Cell Type Signatures,7,TRAVAGLINI LUNG EREG DENDRITIC CELL,,-16,13,15,30284,579,80,20,25,4.8,60|71|972|2023|2597|3108|3113|3115|3117|3119|3122|3123|3127|4501|4502|4929|6277|6515|7128|9168,ACTB|ACTG1|CD74|ENO1|GAPDH|HLA-DMA|HLA-DPA1|HLA-DPB1|HLA-DQA1|HLA-DQB1|HLA-DRA|HLA-DRB1|HLA-DRB5|MT1X|MT2A|NR4A2|S100A6|SLC2A3|TNFAIP3|TMSB10,-14,0
1,-16,M39045,M1,1,0,Cell Type Signatures,7,FAN EMBRYONIC CTX BRAIN B CELL,,-16,45,23,30284,100,80,12,15,4,972|3105|3106|3107|3108|3113|3115|3119|3122|3123|11151|23521,CD74|HLA-A|HLA-B|HLA-C|HLA-DMA|HLA-DPA1|HLA-DPB1|HLA-DQB1|HLA-DRA|HLA-DRB1|CORO1A|RPL13A,-14,0
1,-16,M41743,M1,1,0,Cell Type Signatures,7,RUBENSTEIN SKELETAL MUSCLE ENDOTHELIAL CELLS,,-16,36,21,30284,137,80,13,16,4.1,567|972|3105|3106|3107|3108|3113|3115|3122|3123|3133|3146|9168,B2M|CD74|HLA-A|HLA-B|HLA-C|HLA-DMA|HLA-DPA1|HLA-DPB1|HLA-DRA|HLA-DRB1|HLA-E|HMGB1|TMSB10,-14,0
1,-16,M41746,M1,1,0,Cell Type Signatures,7,RUBENSTEIN SKELETAL MUSCLE SMOOTH MUSCLE CELLS,,-16,15,16,30284,445,80,18,22,4.7,60|518|808|2597|3151|3726|4493|4502|4904|5315|5902|6124|6171|6275|7538|8364|9377|10541,ACTB|ATP5MC3|CALM3|GAPDH|HMGN2|JUNB|MT1E|MT2A|YBX1|PKM|RANBP1|RPL4|RPL41|S100A4|ZFP36|H4C3|COX5A|ANP32B,-13,0
1,-16,M41716,M1,1,0,Cell Type Signatures,7,FAN OVARY CL14 MATURE SMOOTH MUSCLE CELL,,-16,20,17,30284,306,80,16,20,4.5,60|518|808|1854|1984|3146|3151|3304|3337|3726|4493|4502|5216|6275|6277|7538,ACTB|ATP5MC3|CALM3|DUT|EIF5A|HMGB1|HMGN2|HSPA1B|DNAJB1|JUNB|MT1E|MT2A|PFN1|S100A4|S100A6|ZFP36,-13,0
1,-16,M40010,M1,1,0,Cell Type Signatures,7,BUSSLINGER GASTRIC ISTHMUS CELLS,,-16,15,15,30284,458,80,18,22,4.7,71|808|2023|2597|3015|3146|3148|3925|4904|5216|5935|6277|6636|8364|9168|10051|10376|203068,ACTG1|CALM3|ENO1|GAPDH|H2AZ1|HMGB1|HMGB2|STMN1|YBX1|PFN1|RBM3|S100A6|SNRPF|H4C3|TMSB10|SMC4|TUBA1B|TUBB,-13,0
1,-16,M39282,M1,1,0,Cell Type Signatures,7,DURANTE ADULT OLFACTORY NEUROEPITHELIUM MACROPHAGES,,-16,51,23,30284,81,80,11,14,3.9,972|3108|3113|3115|3117|3119|3122|3123|3127|4929|9709,CD74|HLA-DMA|HLA-DPA1|HLA-DPB1|HLA-DQA1|HLA-DQB1|HLA-DRA|HLA-DRB1|HLA-DRB5|NR4A2|HERPUD1,-13,0
1,-15,M39107,M1,1,0,Cell Type Signatures,7,AIZARANI LIVER C3 NK NKT CELLS 2,,-15,30,19,30284,162,80,13,16,4.1,567|3106|3726|3921|6171|6187|6218|6232|6235|6275|7128|11151|23521,B2M|HLA-B|JUNB|RPSA|RPL41|RPS2|RPS17|RPS27|RPS29|S100A4|TNFAIP3|CORO1A|RPL13A,-13,0
1,-15,M39228,M1,1,0,Cell Type Signatures,7,LAKE ADULT KIDNEY C9 THIN ASCENDING LIMB,,-15,21,17,30284,268,80,15,19,4.4,71|518|567|2023|2597|3106|3921|4904|5315|6124|6175|6187|6218|6277|23521,ACTG1|ATP5MC3|B2M|ENO1|GAPDH|HLA-B|RPSA|YBX1|PKM|RPL4|RPLP0|RPS2|RPS17|S100A6|RPL13A,-13,0
1,-15,M41698,M1,1,0,Cell Type Signatures,7,TRAVAGLINI LUNG TREM2 DENDRITIC CELL,,-15,13,14,30284,572,80,19,24,4.8,518|972|2023|3105|3108|3113|3115|3117|3119|3122|3123|3127|3303|4904|5315|6277|9168|9377|10376,ATP5MC3|CD74|ENO1|HLA-A|HLA-DMA|HLA-DPA1|HLA-DPB1|HLA-DQA1|HLA-DQB1|HLA-DRA|HLA-DRB1|HLA-DRB5|HSPA1A|YBX1|PKM|S100A6|TMSB10|COX5A|TUBA1B,-13,0
1,-15,M39126,M1,1,0,Cell Type Signatures,7,AIZARANI LIVER C25 KUPFFER CELLS 4,,-15,28,19,30284,174,80,13,16,4.1,60|3108|3113|3115|3117|3119|3122|3123|3127|4929|6173|9168|9709,ACTB|HLA-DMA|HLA-DPA1|HLA-DPB1|HLA-DQA1|HLA-DQB1|HLA-DRA|HLA-DRB1|HLA-DRB5|NR4A2|RPL36A|TMSB10|HERPUD1,-12,0
1,-15,M39215,M1,1,0,Cell Type Signatures,7,ZHENG CORD BLOOD C6 HSC MULTIPOTENT PROGENITOR,,-15,43,21,30284,97,80,11,14,3.9,972|3113|3115|3117|3119|3122|3123|3127|3133|4929|6515,CD74|HLA-DPA1|HLA-DPB1|HLA-DQA1|HLA-DQB1|HLA-DRA|HLA-DRB1|HLA-DRB5|HLA-E|NR4A2|SLC2A3,-12,0
1,-15,M41752,M1,1,0,Cell Type Signatures,7,RUBENSTEIN SKELETAL MUSCLE T CELLS,,-15,27,18,30284,181,80,13,16,4.1,3726|3921|5216|6124|6154|6171|6173|6175|6187|6232|6235|11151|23521,JUNB|RPSA|PFN1|RPL4|RPL26|RPL41|RPL36A|RPLP0|RPS2|RPS27|RPS29|CORO1A|RPL13A,-12,0
1,-15,M39044,M1,1,0,Cell Type Signatures,7,FAN EMBRYONIC CTX BRAIN MYELOID,,-15,33,19,30284,139,80,12,15,4,972|3105|3106|3108|3113|3115|3119|3122|3123|4502|6275|6277,CD74|HLA-A|HLA-B|HLA-DMA|HLA-DPA1|HLA-DPB1|HLA-DQB1|HLA-DRA|HLA-DRB1|MT2A|S100A4|S100A6,-12,0
1,-14,M39306,M1,1,0,Cell Type Signatures,7,CUI DEVELOPING HEART C9 B T CELL,,-14,29,18,30284,155,80,12,15,4,3105|3106|3107|3133|3337|3726|4818|6352|6515|7128|7538|11151,HLA-A|HLA-B|HLA-C|HLA-E|DNAJB1|JUNB|NKG7|CCL5|SLC2A3|TNFAIP3|ZFP36|CORO1A,-11,0
1,-14,M41668,M1,1,0,Cell Type Signatures,7,TRAVAGLINI LUNG BRONCHIAL VESSEL 1 CELL,,-14,22,16,30284,224,80,13,16,4.1,2023|3921|4929|6124|6154|6171|6175|6187|6232|6235|10541|23521|55651,ENO1|RPSA|NR4A2|RPL4|RPL26|RPL41|RPLP0|RPS2|RPS27|RPS29|ANP32B|RPL13A|NHP2,-11,0
1,-13,M41711,M1,1,0,Cell Type Signatures,7,FAN OVARY CL9 PUTATIVE APOPTOTIC ENDOTHELIAL CELL,,-13,16,14,30284,365,80,15,19,4.4,567|708|972|1984|2023|3105|3106|3107|3108|3123|3127|3133|3303|4502|6515,B2M|C1QBP|CD74|EIF5A|ENO1|HLA-A|HLA-B|HLA-C|HLA-DMA|HLA-DRB1|HLA-DRB5|HLA-E|HSPA1A|MT2A|SLC2A3,-11,0
1,-13,M40024,M1,1,0,Cell Type Signatures,7,BUSSLINGER DUODENAL STEM CELLS,,-13,17,15,30284,311,80,14,18,4.2,71|518|1854|3146|4904|6124|6154|6171|6187|6232|6235|6418|10541|23521,ACTG1|ATP5MC3|DUT|HMGB1|YBX1|RPL4|RPL26|RPL41|RPS2|RPS27|RPS29|SET|ANP32B|RPL13A,-10,0
1,-13,M39217,M1,1,0,Cell Type Signatures,7,ZHENG CORD BLOOD C8 PUTATIVE LYMPHOID PRIMED MULTIPOTENT PROGENITOR 2,,-13,39,19,30284,97,80,10,12,3.7,71|567|972|2023|2597|3105|3106|3107|3122|6275,ACTG1|B2M|CD74|ENO1|GAPDH|HLA-A|HLA-B|HLA-C|HLA-DRA|S100A4,-10,0
1,-13,M41702,M1,1,0,Cell Type Signatures,7,FAN OVARY CL0 XBP1 SELK HIGH STROMAL CELL,,-13,29,17,30284,143,80,11,14,3.9,3015|4189|4904|6154|6171|6173|6187|6232|7494|9709|23521,H2AZ1|DNAJB9|YBX1|RPL26|RPL41|RPL36A|RPS2|RPS27|XBP1|HERPUD1|RPL13A,-10,0
1,-13,M39106,M1,1,0,Cell Type Signatures,7,AIZARANI LIVER C2 KUPFFER CELLS 1,,-13,23,16,30284,200,80,12,15,4,3108|3113|3115|3117|3119|3122|3123|3127|5315|6173|9168|9709,HLA-DMA|HLA-DPA1|HLA-DPB1|HLA-DQA1|HLA-DQB1|HLA-DRA|HLA-DRB1|HLA-DRB5|PKM|RPL36A|TMSB10|HERPUD1,-10,0
1,-13,M39243,M1,1,0,Cell Type Signatures,7,LAKE ADULT KIDNEY C24 ENDOTHELIAL CELLS AEA AND DVR,,-13,27,17,30284,152,80,11,14,3.9,71|567|972|3106|3122|3123|3133|6124|6175|6187|9168,ACTG1|B2M|CD74|HLA-B|HLA-DRA|HLA-DRB1|HLA-E|RPL4|RPLP0|RPS2|TMSB10,-10,0
1,-12,M40302,M1,1,0,Cell Type Signatures,7,DESCARTES FETAL STOMACH MYELOID CELLS,,-12,45,20,30284,76,80,9,11,3.5,972|3108|3113|3115|3117|3119|3122|3123|3127,CD74|HLA-DMA|HLA-DPA1|HLA-DPB1|HLA-DQA1|HLA-DQB1|HLA-DRA|HLA-DRB1|HLA-DRB5,-9.8,0
1,-12,M39077,M1,1,0,Cell Type Signatures,7,ZHONG PFC MAJOR TYPES MICROGLIA,,-12,13,13,30284,438,80,15,19,4.4,567|972|3106|3107|3133|3303|3304|3337|3726|4929|5216|7494|7538|9709|11151,B2M|CD74|HLA-B|HLA-C|HLA-E|HSPA1A|HSPA1B|DNAJB1|JUNB|NR4A2|PFN1|XBP1|ZFP36|HERPUD1|CORO1A,-9.7,0
1,-12,M39022,M1,1,0,Cell Type Signatures,7,FAN EMBRYONIC CTX BIG GROUPS MICROGLIA,,-12,14,13,30284,371,80,14,18,4.2,567|972|3106|3107|3133|3303|3304|3337|3726|5216|7494|7538|9709|11151,B2M|CD74|HLA-B|HLA-C|HLA-E|HSPA1A|HSPA1B|DNAJB1|JUNB|PFN1|XBP1|ZFP36|HERPUD1|CORO1A,-9.5,0
1,-12,M39208,M1,1,0,Cell Type Signatures,7,HAY BONE MARROW PRO B,,-12,16,14,30284,304,80,13,16,4.1,71|3014|3015|3146|3148|3151|3925|6418|7112|8364|10051|10376|203068,ACTG1|H2AX|H2AZ1|HMGB1|HMGB2|HMGN2|STMN1|SET|TMPO|H4C3|SMC4|TUBA1B|TUBB,-9.3,0
1,-12,M39175,M1,1,0,Cell Type Signatures,7,MURARO PANCREAS MESENCHYMAL STROMAL CELL,,-12,9.5,11,30284,680,80,17,21,4.6,60|71|2023|2597|3015|3146|4502|4904|5216|5935|6124|6175|6515|9168|10051|23521|203068,ACTB|ACTG1|ENO1|GAPDH|H2AZ1|HMGB1|MT2A|YBX1|PFN1|RBM3|RPL4|RPLP0|SLC2A3|TMSB10|SMC4|RPL13A|TUBB,-9.2,0
1,-11,M39289,M1,1,0,Cell Type Signatures,7,DURANTE ADULT OLFACTORY NEUROEPITHELIUM B CELLS,,-11,76,23,30284,35,80,7,8.8,3.2,972|3115|3117|3119|3122|3123|11151,CD74|HLA-DPB1|HLA-DQA1|HLA-DQB1|HLA-DRA|HLA-DRB1|CORO1A,-8.9,0
1,-11,M41704,M1,1,0,Cell Type Signatures,7,FAN OVARY CL2 PUTATIVE EARLY ATRETIC FOLLICLE THECAL CELL 1,,-11,35,17,30284,98,80,9,11,3.5,3151|3304|3726|6154|6171|6173|6232|6277|7538,HMGN2|HSPA1B|JUNB|RPL26|RPL41|RPL36A|RPS27|S100A6|ZFP36,-8.8,0
1,-11,M39263,M1,1,0,Cell Type Signatures,7,HU FETAL RETINA BLOOD,,-11,16,13,30284,282,80,12,15,4,567|808|3133|4493|4494|4501|4502|4904|6187|6275|6277|10541,B2M|CALM3|HLA-E|MT1E|MT1F|MT1X|MT2A|YBX1|RPS2|S100A4|S100A6|ANP32B,-8.5,0
1,-11,M39105,M1,1,0,Cell Type Signatures,7,AIZARANI LIVER C1 NK NKT CELLS 1,,-11,24,15,30284,157,80,10,12,3.7,567|3105|3106|3107|3921|4818|6232|6235|6352|11151,B2M|HLA-A|HLA-B|HLA-C|RPSA|NKG7|RPS27|RPS29|CCL5|CORO1A,-8.5,0
1,-10,M40009,M1,1,0,Cell Type Signatures,7,BUSSLINGER GASTRIC PPP1R1B POSITIVE CELLS,,-10,28,15,30284,121,80,9,11,3.5,6124|6154|6171|6175|6187|6232|6235|10376|23521,RPL4|RPL26|RPL41|RPLP0|RPS2|RPS27|RPS29|TUBA1B|RPL13A,-8.1,0
1,-10,M39202,M1,1,0,Cell Type Signatures,7,HAY BONE MARROW NAIVE T CELL,,-10,12,12,30284,403,80,13,16,4.1,3337|3726|3921|6124|6171|6173|6187|6218|6232|6235|7128|7293|23521,DNAJB1|JUNB|RPSA|RPL4|RPL41|RPL36A|RPS2|RPS17|RPS27|RPS29|TNFAIP3|TNFRSF4|RPL13A,-7.9,0
1,-10,M39287,M1,1,0,Cell Type Signatures,7,DURANTE ADULT OLFACTORY NEUROEPITHELIUM NK CELLS,,-10,36,17,30284,84,80,8,10,3.4,567|3105|3106|3107|4818|5216|6352|11151,B2M|HLA-A|HLA-B|HLA-C|NKG7|PFN1|CCL5|CORO1A,-7.8,0
1,-10,M41687,M1,1,0,Cell Type Signatures,7,TRAVAGLINI LUNG PROLIFERATING NK T CELL,,-10,26,15,30284,129,80,9,11,3.5,1854|3015|3146|3148|3151|3925|5902|10051|10376,DUT|H2AZ1|HMGB1|HMGB2|HMGN2|STMN1|RANBP1|SMC4|TUBA1B,-7.8,0
1,-10,M41651,M1,1,0,Cell Type Signatures,7,TRAVAGLINI LUNG BASAL CELL,,-10,20,14,30284,188,80,10,12,3.7,71|2023|2597|3726|3921|4502|6124|6175|6187|23521,ACTG1|ENO1|GAPDH|JUNB|RPSA|MT2A|RPL4|RPLP0|RPS2|RPL13A,-7.8,0
1,-10,M39103,M1,1,0,Cell Type Signatures,7,ZHONG PFC C1 MICROGLIA,,-10,16,13,30284,257,80,11,14,3.9,1854|3014|3015|3146|3148|3151|3304|5902|7112|8364|10376,DUT|H2AX|H2AZ1|HMGB1|HMGB2|HMGN2|HSPA1B|RANBP1|TMPO|H4C3|TUBA1B,-7.7,0
1,-10,M39133,M1,1,0,Cell Type Signatures,7,AIZARANI LIVER C34 MHC II POS B CELLS,,-10,25,15,30284,134,80,9,11,3.5,3115|3117|3119|3122|3123|3127|6232|11151|23521,HLA-DPB1|HLA-DQA1|HLA-DQB1|HLA-DRA|HLA-DRB1|HLA-DRB5|RPS27|CORO1A|RPL13A,-7.7,0
1,-10,M39226,M1,1,0,Cell Type Signatures,7,LAKE ADULT KIDNEY C7 PROXIMAL TUBULE EPITHELIAL CELLS S3,,-10,25,15,30284,135,80,9,11,3.5,3105|3921|4493|4502|6124|6218|6277|9168|23521,HLA-A|RPSA|MT1E|MT2A|RPL4|RPS17|S100A6|TMSB10|RPL13A,-7.7,0
1,-9.8,M39078,M1,1,0,Cell Type Signatures,7,ZHONG PFC MAJOR TYPES NPCS,,-9.8,24,14,30284,142,80,9,11,3.5,1854|3014|3015|3148|3151|7112|8364|10051|10376,DUT|H2AX|H2AZ1|HMGB2|HMGN2|TMPO|H4C3|SMC4|TUBA1B,-7.5,0
1,-9.7,M40285,M1,1,0,Cell Type Signatures,7,DESCARTES FETAL PLACENTA MYELOID CELLS,,-9.7,23,14,30284,146,80,9,11,3.5,972|3108|3113|3115|3117|3119|3122|3123|3127,CD74|HLA-DMA|HLA-DPA1|HLA-DPB1|HLA-DQA1|HLA-DQB1|HLA-DRA|HLA-DRB1|HLA-DRB5,-7.4,0
1,-9.5,M39259,M1,1,0,Cell Type Signatures,7,MENON FETAL KIDNEY 9 ENDOTHELIAL CELLS,,-9.5,30,15,30284,102,80,8,10,3.4,567|972|3105|3106|3133|6277|9168|10376,B2M|CD74|HLA-A|HLA-B|HLA-E|S100A6|TMSB10|TUBA1B,-7.2,0
1,-9.5,M39304,M1,1,0,Cell Type Signatures,7,CUI DEVELOPING HEART C7 MAST CELL,,-9.5,22,13,30284,156,80,9,11,3.5,3303|3337|4189|6275|6277|6515|7128|7494|7538,HSPA1A|DNAJB1|DNAJB9|S100A4|S100A6|SLC2A3|TNFAIP3|XBP1|ZFP36,-7.2,0
1,-9.1,M39096,M1,1,0,Cell Type Signatures,7,ZHONG PFC C1 OPC,,-9.1,16,12,30284,238,80,10,12,3.7,3014|3015|3146|3148|3151|4502|7112|8364|10051|10376,H2AX|H2AZ1|HMGB1|HMGB2|HMGN2|MT2A|TMPO|H4C3|SMC4|TUBA1B,-6.9,0
1,-9,M40244,M1,1,0,Cell Type Signatures,7,DESCARTES FETAL LUNG MYELOID CELLS,,-9,19,13,30284,176,80,9,11,3.5,972|3108|3113|3115|3117|3119|3122|3123|3127,CD74|HLA-DMA|HLA-DPA1|HLA-DPB1|HLA-DQA1|HLA-DQB1|HLA-DRA|HLA-DRB1|HLA-DRB5,-6.7,0
1,-8.9,M39120,M1,1,0,Cell Type Signatures,7,AIZARANI LIVER C18 NK NKT CELLS 5,,-8.9,25,14,30284,121,80,8,10,3.4,3108|3113|3115|3119|3122|3303|3304|3337,HLA-DMA|HLA-DPA1|HLA-DPB1|HLA-DQB1|HLA-DRA|HSPA1A|HSPA1B|DNAJB1,-6.7,0
1,-8.8,M40032,M1,1,0,Cell Type Signatures,7,BUSSLINGER DUODENAL BCHE CELLS,,-8.8,53,18,30284,43,80,6,7.5,2.9,4493|4494|4501|4502|6277|9168,MT1E|MT1F|MT1X|MT2A|S100A6|TMSB10,-6.6,0
1,-8.7,M40259,M1,1,0,Cell Type Signatures,7,DESCARTES FETAL MUSCLE MYELOID CELLS,,-8.7,23,13,30284,130,80,8,10,3.4,972|3108|3113|3115|3117|3119|3122|3123,CD74|HLA-DMA|HLA-DPA1|HLA-DPB1|HLA-DQA1|HLA-DQB1|HLA-DRA|HLA-DRB1,-6.4,0
1,-8.6,M41684,M1,1,0,Cell Type Signatures,7,TRAVAGLINI LUNG CD4 NAIVE T CELL,,-8.6,23,13,30284,132,80,8,10,3.4,6124|6154|6171|6175|6187|6232|6235|23521,RPL4|RPL26|RPL41|RPLP0|RPS2|RPS27|RPS29|RPL13A,-6.4,0
1,-8.6,M39194,M1,1,0,Cell Type Signatures,7,HAY BONE MARROW DENDRITIC CELL,,-8.6,17,12,30284,196,80,9,11,3.5,972|3108|3113|3115|3117|3119|3122|3123|3127,CD74|HLA-DMA|HLA-DPA1|HLA-DPB1|HLA-DQA1|HLA-DQB1|HLA-DRA|HLA-DRB1|HLA-DRB5,-6.4,0
1,-8.3,M41750,M1,1,0,Cell Type Signatures,7,RUBENSTEIN SKELETAL MUSCLE FBN1 FAP CELLS,,-8.3,13,11,30284,289,80,10,12,3.7,71|2023|3303|4493|5315|6175|6275|6277|10376|203068,ACTG1|ENO1|HSPA1A|MT1E|PKM|RPLP0|S100A4|S100A6|TUBA1B|TUBB,-6.1,0
1,-8.3,M41703,M1,1,0,Cell Type Signatures,7,FAN OVARY CL1 GPRC5A TNFRS12A HIGH SELECTABLE FOLLICLE STROMAL CELL,,-8.3,11,10,30284,380,80,11,14,3.9,71|708|2023|3014|3015|3921|4904|6124|6175|7494|23521,ACTG1|C1QBP|ENO1|H2AX|H2AZ1|RPSA|YBX1|RPL4|RPLP0|XBP1|RPL13A,-6.1,0
1,-8.2,M41659,M1,1,0,Cell Type Signatures,7,TRAVAGLINI LUNG ALVEOLAR EPITHELIAL TYPE 1 CELL,,-8.2,11,9.9,30284,391,80,11,14,3.9,60|71|567|3107|3337|4493|4501|4502|6275|6515|7538,ACTB|ACTG1|B2M|HLA-C|DNAJB1|MT1E|MT1X|MT2A|S100A4|SLC2A3|ZFP36,-6,0
1,-8,M40210,M1,1,0,Cell Type Signatures,7,DESCARTES FETAL INTESTINE MYELOID CELLS,,-8,15,11,30284,227,80,9,11,3.5,972|3108|3113|3115|3117|3119|3122|3123|3127,CD74|HLA-DMA|HLA-DPA1|HLA-DPB1|HLA-DQA1|HLA-DQB1|HLA-DRA|HLA-DRB1|HLA-DRB5,-5.9,0
1,-8,M41666,M1,1,0,Cell Type Signatures,7,TRAVAGLINI LUNG CAPILLARY INTERMEDIATE 1 CELL,,-8,19,12,30284,158,80,8,10,3.4,972|3106|3117|3119|3123|3127|3337|6275,CD74|HLA-B|HLA-DQA1|HLA-DQB1|HLA-DRB1|HLA-DRB5|DNAJB1|S100A4,-5.8,0
1,-7.9,M41718,M1,1,0,Cell Type Signatures,7,FAN OVARY CL16 LYMPHATIC ENDOTHELIAL CELL,,-7.9,15,11,30284,232,80,9,11,3.5,567|3105|3106|3107|3133|3726|3925|5216|6277,B2M|HLA-A|HLA-B|HLA-C|HLA-E|JUNB|STMN1|PFN1|S100A6,-5.8,0
1,-7.9,M41717,M1,1,0,Cell Type Signatures,7,FAN OVARY CL15 SMALL ANTRAL FOLLICLE GRANULOSA CELL,,-7.9,7.6,8.8,30284,645,80,13,16,4.1,60|71|3014|3015|3303|3304|3337|3925|5216|5902|6636|8364|9168,ACTB|ACTG1|H2AX|H2AZ1|HSPA1A|HSPA1B|DNAJB1|STMN1|PFN1|RANBP1|SNRPF|H4C3|TMSB10,-5.7,0
1,-7.8,M39160,M1,1,0,Cell Type Signatures,7,GAO LARGE INTESTINE 24W C11 PANETH LIKE CELL,,-7.8,12,9.9,30284,325,80,10,12,3.7,972|3108|3113|3115|3117|3119|3122|3123|4929|7128,CD74|HLA-DMA|HLA-DPA1|HLA-DPB1|HLA-DQA1|HLA-DQB1|HLA-DRA|HLA-DRB1|NR4A2|TNFAIP3,-5.7,0
1,-7.5,M39296,M1,1,0,Cell Type Signatures,7,DURANTE ADULT OLFACTORY NEUROEPITHELIUM GLOBOSE BASAL CELLS,,-7.5,54,16,30284,35,80,5,6.2,2.7,3015|3151|3925|8364|203068,H2AZ1|HMGN2|STMN1|H4C3|TUBB,-5.4,0
1,-7.5,M39061,M1,1,0,Cell Type Signatures,7,MANNO MIDBRAIN NEUROTYPES HPROGFPM,,-7.5,11,9.4,30284,356,80,10,12,3.7,3015|3146|3148|3151|3925|4501|6154|6636|7112|10051,H2AZ1|HMGB1|HMGB2|HMGN2|STMN1|MT1X|RPL26|SNRPF|TMPO|SMC4,-5.3,0
1,-7.4,M41669,M1,1,0,Cell Type Signatures,7,TRAVAGLINI LUNG BRONCHIAL VESSEL 2 CELL,,-7.4,13,9.8,30284,272,80,9,11,3.5,60|71|3015|3726|4502|4929|6515|7538|10376,ACTB|ACTG1|H2AZ1|JUNB|MT2A|NR4A2|SLC2A3|ZFP36|TUBA1B,-5.3,0
1,-7.3,M39292,M1,1,0,Cell Type Signatures,7,DURANTE ADULT OLFACTORY NEUROEPITHELIUM UNSPECIFIED,,-7.3,51,16,30284,37,80,5,6.2,2.7,3015|3925|8364|10376|203068,H2AZ1|STMN1|H4C3|TUBA1B|TUBB,-5.2,0
1,-7.1,M39264,M1,1,0,Cell Type Signatures,7,HU FETAL RETINA FIBROBLAST,,-7.1,9.8,9,30284,385,80,10,12,3.7,567|3105|3133|3337|3726|4502|5216|6515|7538|9709,B2M|HLA-A|HLA-E|DNAJB1|JUNB|MT2A|PFN1|SLC2A3|ZFP36|HERPUD1,-5.1,0
1,-7.1,M39302,M1,1,0,Cell Type Signatures,7,CUI DEVELOPING HEART C5 VALVAR CELL,,-7.1,15,10,30284,208,80,8,10,3.4,3303|3304|3337|3726|4502|4929|6277|7494,HSPA1A|HSPA1B|DNAJB1|JUNB|MT2A|NR4A2|S100A6|XBP1,-5,0
1,-6.9,M41682,M1,1,0,Cell Type Signatures,7,TRAVAGLINI LUNG CD8 NAIVE T CELL,,-6.9,18,11,30284,144,80,7,8.8,3.2,567|3105|3106|4818|5216|6232|6352,B2M|HLA-A|HLA-B|NKG7|PFN1|RPS27|CCL5,-4.9,0
1,-6.8,M39250,M1,1,0,Cell Type Signatures,7,MENON FETAL KIDNEY 0 CAP MESENCHYME CELLS,,-6.8,25,12,30284,90,80,6,7.5,2.9,3146|3148|6418|8364|10051|10541,HMGB1|HMGB2|SET|H4C3|SMC4|ANP32B,-4.8,0
1,-6.8,M39110,M1,1,0,Cell Type Signatures,7,AIZARANI LIVER C6 KUPFFER CELLS 2,,-6.8,13,9.6,30284,228,80,8,10,3.4,60|3108|3113|3115|3117|3122|3123|9168,ACTB|HLA-DMA|HLA-DPA1|HLA-DPB1|HLA-DQA1|HLA-DRA|HLA-DRB1|TMSB10,-4.7,0
1,-6.7,M41719,M1,1,0,Cell Type Signatures,7,FAN OVARY CL17 PUTATIVE APOPTOTIC SMOOTH MUSCLE CELL,,-6.7,13,9.5,30284,231,80,8,10,3.4,3015|3303|3337|4189|4502|4904|7494|10376,H2AZ1|HSPA1A|DNAJB1|DNAJB9|MT2A|YBX1|XBP1|TUBA1B,-4.7,0
1,-6.7,M39116,M1,1,0,Cell Type Signatures,7,AIZARANI LIVER C12 NK NKT CELLS 4,,-6.7,39,14,30284,49,80,5,6.2,2.7,3303|3304|3337|4818|6352,HSPA1A|HSPA1B|DNAJB1|NKG7|CCL5,-4.7,0
1,-6.7,M39047,M1,1,0,Cell Type Signatures,7,FAN EMBRYONIC CTX BRAIN NAIVE LIKE T CELL,,-6.7,17,10,30284,158,80,7,8.8,3.2,3105|3106|3107|7128|10051|11151|23521,HLA-A|HLA-B|HLA-C|TNFAIP3|SMC4|CORO1A|RPL13A,-4.7,0
1,-6.6,M39214,M1,1,0,Cell Type Signatures,7,ZHENG CORD BLOOD C5 SIMILAR TO HSC C6 PUTATIVE ALTERED METABOLIC STATE,,-6.6,23,11,30284,97,80,6,7.5,2.9,972|3119|3122|3123|3726|7538,CD74|HLA-DQB1|HLA-DRA|HLA-DRB1|JUNB|ZFP36,-4.6,0
1,-6.6,M40011,M1,1,0,Cell Type Signatures,7,BUSSLINGER GASTRIC METALLOTHIONEIN CELLS,,-6.6,23,11,30284,100,80,6,7.5,2.9,60|4493|4501|4502|6173|6175,ACTB|MT1E|MT1X|MT2A|RPL36A|RPLP0,-4.6,0
1,-6.4,M40006,M1,1,0,Cell Type Signatures,7,BUSSLINGER GASTRIC CHIEF CELLS,,-6.4,34,13,30284,56,80,5,6.2,2.7,4494|4501|4502|6748|7494,MT1F|MT1X|MT2A|SSR4|XBP1,-4.4,0
1,-6.2,M40148,M1,1,0,Cell Type Signatures,7,DESCARTES FETAL ADRENAL MYELOID CELLS,,-6.2,14,9.4,30284,183,80,7,8.8,3.2,3108|3113|3115|3117|3119|3122|3123,HLA-DMA|HLA-DPA1|HLA-DPB1|HLA-DQA1|HLA-DQB1|HLA-DRA|HLA-DRB1,-4.3,0
1,-6,M39109,M1,1,0,Cell Type Signatures,7,AIZARANI LIVER C5 NK NKT CELLS 3,,-6,18,9.9,30284,126,80,6,7.5,2.9,4818|4929|5216|6232|6352|11151,NKG7|NR4A2|PFN1|RPS27|CCL5|CORO1A,-4,0
1,-6,M41692,M1,1,0,Cell Type Signatures,7,TRAVAGLINI LUNG MACROPHAGE CELL,,-6,13,8.9,30284,201,80,7,8.8,3.2,972|3117|3119|3123|3127|4493|4904,CD74|HLA-DQA1|HLA-DQB1|HLA-DRB1|HLA-DRB5|MT1E|YBX1,-4,0
1,-5.9,M41683,M1,1,0,Cell Type Signatures,7,TRAVAGLINI LUNG CD4 MEMORY EFFECTOR T CELL,,-5.9,27,11,30284,71,80,5,6.2,2.7,3105|6232|6235|11151|23521,HLA-A|RPS27|RPS29|CORO1A|RPL13A,-4,0
1,-5.9,M41708,M1,1,0,Cell Type Signatures,7,FAN OVARY CL6 PUTATIVE EARLY ATRETIC FOLLICLE THECAL CELL 2,,-5.9,10,8.1,30284,300,80,8,10,3.4,3151|3303|3304|3337|3726|6175|6277|7538,HMGN2|HSPA1A|HSPA1B|DNAJB1|JUNB|RPLP0|S100A6|ZFP36,-4,0
1,-5.9,M39046,M1,1,0,Cell Type Signatures,7,FAN EMBRYONIC CTX BRAIN EFFECTOR T CELL,,-5.9,17,9.6,30284,131,80,6,7.5,2.9,3105|3106|3107|4818|6275|11151,HLA-A|HLA-B|HLA-C|NKG7|S100A4|CORO1A,-4,0
1,-5.8,M40196,M1,1,0,Cell Type Signatures,7,DESCARTES FETAL HEART MYELOID CELLS,,-5.8,17,9.5,30284,134,80,6,7.5,2.9,972|3113|3117|3122|3123|3127,CD74|HLA-DPA1|HLA-DQA1|HLA-DRA|HLA-DRB1|HLA-DRB5,-3.9,0
1,-5.7,M41685,M1,1,0,Cell Type Signatures,7,TRAVAGLINI LUNG NATURAL KILLER T CELL,,-5.7,45,13,30284,34,80,4,5,2.4,567|3107|4818|8784,B2M|HLA-C|NKG7|TNFRSF18,-3.8,0
1,-5.7,M39124,M1,1,0,Cell Type Signatures,7,AIZARANI LIVER C23 KUPFFER CELLS 3,,-5.7,12,8.4,30284,221,80,7,8.8,3.2,60|3303|3304|5315|6275|6277|6515,ACTB|HSPA1A|HSPA1B|PKM|S100A4|S100A6|SLC2A3,-3.8,0
1,-5.6,M39060,M1,1,0,Cell Type Signatures,7,MANNO MIDBRAIN NEUROTYPES HPROGFPL,,-5.6,9.4,7.8,30284,323,80,8,10,3.4,3014|3148|3151|4501|5902|7112|10051|25804,H2AX|HMGB2|HMGN2|MT1X|RANBP1|TMPO|SMC4|LSM4,-3.8,0
1,-5.5,M41700,M1,1,0,Cell Type Signatures,7,TRAVAGLINI LUNG OLR1 CLASSICAL MONOCYTE CELL,,-5.5,5.7,6.6,30284,726,80,11,14,3.9,60|71|2023|2597|4502|5216|5315|6277|6515|7128|7494,ACTB|ACTG1|ENO1|GAPDH|MT2A|PFN1|PKM|S100A6|SLC2A3|TNFAIP3|XBP1,-3.6,0
1,-5.4,M39041,M1,1,0,Cell Type Signatures,7,FAN EMBRYONIC CTX MICROGLIA 1,,-5.4,15,8.8,30284,155,80,6,7.5,2.9,3014|3015|3148|7112|8364|10051,H2AX|H2AZ1|HMGB2|TMPO|H4C3|SMC4,-3.6,0
1,-5.3,M41664,M1,1,0,Cell Type Signatures,7,TRAVAGLINI LUNG CAPILLARY AEROCYTE CELL,,-5.3,36,12,30284,42,80,4,5,2.4,567|972|6275|6277,B2M|CD74|S100A4|S100A6,-3.5,0
1,-5.3,M39279,M1,1,0,Cell Type Signatures,7,DURANTE ADULT OLFACTORY NEUROEPITHELIUM VASCULAR SMOOTH MUSCLE CELLS,,-5.3,20,9.6,30284,93,80,5,6.2,2.7,3303|3304|3726|4502|7538,HSPA1A|HSPA1B|JUNB|MT2A|ZFP36,-3.5,0
1,-5.2,M41688,M1,1,0,Cell Type Signatures,7,TRAVAGLINI LUNG NEUTROPHIL CELL,,-5.2,8.2,7.2,30284,368,80,8,10,3.4,808|3106|3726|5315|6277|6515|7128|11151,CALM3|HLA-B|JUNB|PKM|S100A6|SLC2A3|TNFAIP3|CORO1A,-3.4,0
1,-5.2,M39204,M1,1,0,Cell Type Signatures,7,HAY BONE MARROW NK CELLS,,-5.2,8.2,7.2,30284,370,80,8,10,3.4,567|3105|3107|3133|4818|5216|8784|11151,B2M|HLA-A|HLA-C|HLA-E|NKG7|PFN1|TNFRSF18|CORO1A,-3.4,0
1,-5.2,M40314,M1,1,0,Cell Type Signatures,7,DESCARTES FETAL THYMUS ANTIGEN PRESENTING CELLS,,-5.2,13,8.3,30284,172,80,6,7.5,2.9,972|3113|3115|3122|3123|3127,CD74|HLA-DPA1|HLA-DPB1|HLA-DRA|HLA-DRB1|HLA-DRB5,-3.4,0
1,-5.2,M39127,M1,1,0,Cell Type Signatures,7,AIZARANI LIVER C28 NK NKT CELLS 6,,-5.2,19,9.3,30284,99,80,5,6.2,2.7,3726|6173|6232|6235|7128,JUNB|RPL36A|RPS27|RPS29|TNFAIP3,-3.4,0
1,-5.1,M41690,M1,1,0,Cell Type Signatures,7,TRAVAGLINI LUNG BASOPHIL MAST 2 CELL,,-5.1,6.8,6.7,30284,502,80,9,11,3.5,1984|3726|3925|4189|4929|6515|7128|7293|7538,EIF5A|JUNB|STMN1|DNAJB9|NR4A2|SLC2A3|TNFAIP3|TNFRSF4|ZFP36,-3.3,0
1,-5.1,M39307,M1,1,0,Cell Type Signatures,7,CUI DEVELOPING HEART COMPACT ATRIAL CARDIOMYOCYTE,,-5.1,76,15,30284,15,80,3,3.8,2.1,2597|4904|6232,GAPDH|YBX1|RPS27,-3.3,0
1,-4.9,M40015,M1,1,0,Cell Type Signatures,7,BUSSLINGER GASTRIC LYZ POSITIVE CELLS,,-4.9,17,8.7,30284,111,80,5,6.2,2.7,6154|6171|6175|6187|6232,RPL26|RPL41|RPLP0|RPS2|RPS27,-3.1,0
1,-4.9,M41648,M1,1,0,Cell Type Signatures,7,TRAVAGLINI LUNG CLUB CELL,,-4.9,17,8.6,30284,114,80,5,6.2,2.7,6154|6232|6235|6748|23521,RPL26|RPS27|RPS29|SSR4|RPL13A,-3.1,0
1,-4.9,M41675,M1,1,0,Cell Type Signatures,7,TRAVAGLINI LUNG ADVENTITIAL FIBROBLAST CELL,,-4.9,9,7.1,30284,296,80,7,8.8,3.2,972|3337|3726|6275|6277|7494|7538,CD74|DNAJB1|JUNB|S100A4|S100A6|XBP1|ZFP36,-3.1,0
1,-4.8,M39059,M1,1,0,Cell Type Signatures,7,MANNO MIDBRAIN NEUROTYPES HPROGBP,,-4.8,8.8,7,30284,300,80,7,8.8,3.2,3014|3015|3148|3151|6636|7112|10051,H2AX|H2AZ1|HMGB2|HMGN2|SNRPF|TMPO|SMC4,-3.1,0
1,-4.8,M39286,M1,1,0,Cell Type Signatures,7,DURANTE ADULT OLFACTORY NEUROEPITHELIUM DENDRITIC CELLS,,-4.8,16,8.5,30284,117,80,5,6.2,2.7,60|3122|6275|7128|11151,ACTB|HLA-DRA|S100A4|TNFAIP3|CORO1A,-3.1,0
1,-4.7,M39131,M1,1,0,Cell Type Signatures,7,AIZARANI LIVER C32 MVECS 3,,-4.7,15,8.2,30284,125,80,5,6.2,2.7,567|3105|3106|3133|9168,B2M|HLA-A|HLA-B|HLA-E|TMSB10,-2.9,0
1,-4.6,M41686,M1,1,0,Cell Type Signatures,7,TRAVAGLINI LUNG NATURAL KILLER CELL,,-4.6,14,7.9,30284,132,80,5,6.2,2.7,567|3107|4818|5216|6352,B2M|HLA-C|NKG7|PFN1|CCL5,-2.8,0
1,-4.5,M39134,M1,1,0,Cell Type Signatures,7,AIZARANI LIVER C38 RESIDENT B CELLS 3,,-4.5,49,12,30284,23,80,3,3.8,2.1,6748|7494|9709,SSR4|XBP1|HERPUD1,-2.8,0
1,-4.4,M39036,M1,1,0,Cell Type Signatures,7,FAN EMBRYONIC CTX NSC 2,,-4.4,9.7,6.9,30284,233,80,6,7.5,2.9,808|3014|3015|3148|7112|10051,CALM3|H2AX|H2AZ1|HMGB2|TMPO|SMC4,-2.7,0
1,-4.4,M39322,M1,1,0,Cell Type Signatures,7,CUI DEVELOPING HEART VALVAR ENDOTHELIAL CELL,,-4.4,13,7.6,30284,141,80,5,6.2,2.7,3106|4502|4929|6275|6277,HLA-B|MT2A|NR4A2|S100A4|S100A6,-2.7,0
1,-4.4,M39193,M1,1,0,Cell Type Signatures,7,HAY BONE MARROW CD8 T CELL,,-4.4,21,8.8,30284,71,80,4,5,2.4,3106|4494|4929|6352,HLA-B|MT1F|NR4A2|CCL5,-2.7,0
1,-4.4,M39275,M1,1,0,Cell Type Signatures,7,DURANTE ADULT OLFACTORY NEUROEPITHELIUM CD8 T CELLS,,-4.4,21,8.7,30284,73,80,4,5,2.4,4818|6352|7128|11151,NKG7|CCL5|TNFAIP3|CORO1A,-2.7,0
1,-4.3,M39294,M1,1,0,Cell Type Signatures,7,DURANTE ADULT OLFACTORY NEUROEPITHELIUM MAST CELLS,,-4.3,20,8.6,30284,75,80,4,5,2.4,3304|3337|4929|7128,HSPA1B|DNAJB1|NR4A2|TNFAIP3,-2.6,0
1,-4.3,M39166,M1,1,0,Cell Type Signatures,7,GAO LARGE INTESTINE ADULT CI MESENCHYMAL CELLS,,-4.3,7.3,6.2,30284,361,80,7,8.8,3.2,3113|4818|6275|6515|7293|8784|11151,HLA-DPA1|NKG7|S100A4|SLC2A3|TNFRSF4|TNFRSF18|CORO1A,-2.6,0
1,-4.3,M40187,M1,1,0,Cell Type Signatures,7,DESCARTES FETAL EYE MICROGLIA,,-4.3,13,7.3,30284,151,80,5,6.2,2.7,972|3108|3113|3122|3123,CD74|HLA-DMA|HLA-DPA1|HLA-DRA|HLA-DRB1,-2.6,0
1,-4.2,M39246,M1,1,0,Cell Type Signatures,7,LAKE ADULT KIDNEY C27 VASCULAR SMOOTH MUSCLE CELLS AND PERICYTES,,-4.2,12,7.2,30284,155,80,5,6.2,2.7,3303|3304|3337|3726|7538,HSPA1A|HSPA1B|DNAJB1|JUNB|ZFP36,-2.5,0
1,-4.2,M39048,M1,1,0,Cell Type Signatures,7,MANNO MIDBRAIN NEUROTYPES BASAL,,-4.2,19,8.3,30284,79,80,4,5,2.4,60|71|6171|10376,ACTB|ACTG1|RPL41|TUBA1B,-2.5,0
1,-4.2,M41681,M1,1,0,Cell Type Signatures,7,TRAVAGLINI LUNG CD8 MEMORY EFFECTOR T CELL,,-4.2,39,11,30284,29,80,3,3.8,2.1,6232|6235|6352,RPS27|RPS29|CCL5,-2.5,0
1,-4.2,M39276,M1,1,0,Cell Type Signatures,7,DURANTE ADULT OLFACTORY NEUROEPITHELIUM CD4 T CELLS,,-4.2,38,10,30284,30,80,3,3.8,2.1,6235|7128|11151,RPS29|TNFAIP3|CORO1A,-2.5,0
1,-4,M39123,M1,1,0,Cell Type Signatures,7,AIZARANI LIVER C22 RESIDENT B CELLS 2,,-4,34,9.9,30284,33,80,3,3.8,2.1,6748|7494|9709,SSR4|XBP1|HERPUD1,-2.4,0
1,-4,M39245,M1,1,0,Cell Type Signatures,7,LAKE ADULT KIDNEY C26 MESANGIAL CELLS,,-4,11,6.7,30284,177,80,5,6.2,2.7,567|3133|3303|3304|3337,B2M|HLA-E|HSPA1A|HSPA1B|DNAJB1,-2.3,0
1,-4,M39112,M1,1,0,Cell Type Signatures,7,AIZARANI LIVER C8 RESIDENT B CELLS 1,,-4,32,9.6,30284,35,80,3,3.8,2.1,6748|7494|9709,SSR4|XBP1|HERPUD1,-2.3,0
1,-3.8,M39051,M1,1,0,Cell Type Signatures,7,MANNO MIDBRAIN NEUROTYPES HMGL,,-3.8,5.2,5.3,30284,577,80,8,10,3.4,567|972|3337|3726|4929|7128|7538|9709,B2M|CD74|DNAJB1|JUNB|NR4A2|TNFAIP3|ZFP36|HERPUD1,-2.2,0
1,-3.8,M40019,M1,1,0,Cell Type Signatures,7,BUSSLINGER GASTRIC X CELLS,,-3.8,9.9,6.4,30284,191,80,5,6.2,2.7,3107|3726|4494|5315|6748,HLA-C|JUNB|MT1F|PKM|SSR4,-2.2,0
1,-3.8,M39321,M1,1,0,Cell Type Signatures,7,CUI DEVELOPING HEART VASCULAR ENDOTHELIAL CELL,,-3.8,9.8,6.3,30284,193,80,5,6.2,2.7,3303|3304|3726|7128|7538,HSPA1A|HSPA1B|JUNB|TNFAIP3|ZFP36,-2.2,0
1,-3.7,M39203,M1,1,0,Cell Type Signatures,7,HAY BONE MARROW NEUTROPHIL,,-3.7,5.9,5.4,30284,449,80,7,8.8,3.2,60|2597|5315|6275|6277|6515|9168,ACTB|GAPDH|PKM|S100A4|S100A6|SLC2A3|TMSB10,-2.1,0
1,-3.7,M39270,M1,1,0,Cell Type Signatures,7,HU FETAL RETINA RPC,,-3.7,14,7,30284,107,80,4,5,2.4,3015|3148|3151|8364,H2AZ1|HMGB2|HMGN2|H4C3,-2.1,0
1,-3.7,M39252,M1,1,0,Cell Type Signatures,7,MENON FETAL KIDNEY 2 NEPHRON PROGENITOR CELLS,,-3.7,26,8.5,30284,44,80,3,3.8,2.1,3921|6175|6187,RPSA|RPLP0|RPS2,-2,0
1,-3.6,M39074,M1,1,0,Cell Type Signatures,7,ZHONG PFC MAJOR TYPES ASTROCYTES,,-3.6,7,5.6,30284,325,80,6,7.5,2.9,567|3105|3106|3107|4493|4502,B2M|HLA-A|HLA-B|HLA-C|MT1E|MT2A,-2,0
1,-3.6,M40027,M1,1,0,Cell Type Signatures,7,BUSSLINGER DUODENAL EARLY IMMATURE ENTEROCYTES,,-3.6,13,6.8,30284,113,80,4,5,2.4,518|6154|6235|9377,ATP5MC3|RPL26|RPS29|COX5A,-2,0
1,-3.4,M40264,M1,1,0,Cell Type Signatures,7,DESCARTES FETAL PANCREAS MYELOID CELLS,,-3.4,8.1,5.6,30284,233,80,5,6.2,2.7,3113|3117|3119|3123|3127,HLA-DPA1|HLA-DQA1|HLA-DQB1|HLA-DRB1|HLA-DRB5,-1.8,0
1,-3.4,M39205,M1,1,0,Cell Type Signatures,7,HAY BONE MARROW PLASMA CELL,,-3.4,12,6.3,30284,130,80,4,5,2.4,4189|6748|7494|9709,DNAJB9|SSR4|XBP1|HERPUD1,-1.8,0
1,-3.4,M39018,M1,1,0,Cell Type Signatures,7,FAN EMBRYONIC CTX BIG GROUPS BRAIN ENDOTHELIAL,,-3.4,6.2,5.2,30284,365,80,6,7.5,2.9,567|3105|3133|4493|4502|6515,B2M|HLA-A|HLA-E|MT1E|MT2A|SLC2A3,-1.8,0
1,-3.4,M39236,M1,1,0,Cell Type Signatures,7,LAKE ADULT KIDNEY C17 COLLECTING SYSTEM PCS STRESSED DISSOC SUBSET,,-3.4,7.9,5.5,30284,240,80,5,6.2,2.7,71|3133|3303|3337|7538,ACTG1|HLA-E|HSPA1A|DNAJB1|ZFP36,-1.8,0
1,-3.2,M40014,M1,1,0,Cell Type Signatures,7,BUSSLINGER GASTRIC PARIETAL CELLS,,-3.2,7.5,5.3,30284,254,80,5,6.2,2.7,518|2597|4904|5315|9377,ATP5MC3|GAPDH|YBX1|PKM|COX5A,-1.7,0
1,-3.2,M41677,M1,1,0,Cell Type Signatures,7,TRAVAGLINI LUNG LIPOFIBROBLAST CELL,,-3.2,10,5.8,30284,146,80,4,5,2.4,972|4502|4929|9168,CD74|MT2A|NR4A2|TMSB10,-1.7,0
1,-3.1,M39034,M1,1,0,Cell Type Signatures,7,FAN EMBRYONIC CTX ASTROCYTE 2,,-3.1,9.9,5.7,30284,153,80,4,5,2.4,4493|4494|4501|4502,MT1E|MT1F|MT1X|MT2A,-1.6,0
1,-3.1,M40143,M1,1,0,Cell Type Signatures,7,DESCARTES MAIN FETAL ANTIGEN PRESENTING CELLS,,-3.1,9.8,5.7,30284,154,80,4,5,2.4,972|3113|3115|3119,CD74|HLA-DPA1|HLA-DPB1|HLA-DQB1,-1.6,0
1,-3.1,M39257,M1,1,0,Cell Type Signatures,7,MENON FETAL KIDNEY 7 LOOPOF HENLE CELLS DISTAL,,-3.1,6.9,5,30284,276,80,5,6.2,2.7,518|2023|5315|6277|9377,ATP5MC3|ENO1|PKM|S100A6|COX5A,-1.5,0
1,-3,M40012,M1,1,0,Cell Type Signatures,7,BUSSLINGER GASTRIC IMMATURE PIT CELLS,,-3,9.2,5.4,30284,165,80,4,5,2.4,60|71|5216|6277,ACTB|ACTG1|PFN1|S100A6,-1.5,0
1,-3,M41691,M1,1,0,Cell Type Signatures,7,TRAVAGLINI LUNG PLATELET MEGAKARYOCYTE CELL,,-3,4.4,4.3,30284,604,80,7,8.8,3.2,60|808|2597|3133|3146|5315|6352,ACTB|CALM3|GAPDH|HLA-E|HMGB1|PKM|CCL5,-1.4,0
1,-3,M40276,M1,1,0,Cell Type Signatures,7,DESCARTES FETAL PLACENTA AFP ALB POSITIVE CELLS,,-3,8.9,5.3,30284,171,80,4,5,2.4,4493|4494|4501|4502,MT1E|MT1F|MT1X|MT2A,-1.4,0
1,-2.9,M40001,M1,1,0,Cell Type Signatures,7,BUSSLINGER ESOPHAGEAL QUIESCENT BASAL CELLS,,-2.9,15,6.2,30284,77,80,3,3.8,2.1,3726|6124|23521,JUNB|RPL4|RPL13A,-1.4,0
1,-2.9,M41713,M1,1,0,Cell Type Signatures,7,FAN OVARY CL11 MURAL GRANULOSA CELL,,-2.9,5.1,4.5,30284,443,80,6,7.5,2.9,71|3303|3304|3337|3921|9168,ACTG1|HSPA1A|HSPA1B|DNAJB1|RPSA|TMSB10,-1.4,0
1,-2.9,M39225,M1,1,0,Cell Type Signatures,7,LAKE ADULT KIDNEY C6 PROXIMAL TUBULE EPITHELIAL CELLS FIBRINOGEN POS S3,,-2.9,8.4,5.1,30284,181,80,4,5,2.4,2023|3133|6175|9168,ENO1|HLA-E|RPLP0|TMSB10,-1.4,0
1,-2.8,M39135,M1,1,0,Cell Type Signatures,7,AIZARANI LIVER C39 EPCAM POS BILE DUCT CELLS 4,,-2.8,8.2,5.1,30284,184,80,4,5,2.4,71|3303|3304|6277,ACTG1|HSPA1A|HSPA1B|S100A6,-1.3,0
1,-2.8,M40287,M1,1,0,Cell Type Signatures,7,DESCARTES FETAL SPLEEN AFP ALB POSITIVE CELLS,,-2.8,8.1,5,30284,188,80,4,5,2.4,4493|4494|4501|4502,MT1E|MT1F|MT1X|MT2A,-1.3,0
1,-2.8,M40267,M1,1,0,Cell Type Signatures,7,DESCARTES FETAL PANCREAS ACINAR CELLS,,-2.8,13,5.8,30284,88,80,3,3.8,2.1,4493|4501|4502,MT1E|MT1X|MT2A,-1.3,0
1,-2.7,M39256,M1,1,0,Cell Type Signatures,7,MENON FETAL KIDNEY 6 COLLECTING DUCT CELLS,,-2.7,12,5.5,30284,94,80,3,3.8,2.1,567|2023|6277,B2M|ENO1|S100A6,-1.2,0
1,-2.7,M39216,M1,1,0,Cell Type Signatures,7,ZHENG CORD BLOOD C7 PUTATIVE LYMPHOID PRIMED MULTIPOTENT PROGENITOR 1,,-2.7,12,5.5,30284,95,80,3,3.8,2.1,2023|6418|10376,ENO1|SET|TUBA1B,-1.2,0
1,-2.7,M39017,M1,1,0,Cell Type Signatures,7,FAN EMBRYONIC CTX BIG GROUPS CAJAL RETZIUS,,-2.7,4.6,4.1,30284,499,80,6,7.5,2.9,518|808|3105|5315|9377|25804,ATP5MC3|CALM3|HLA-A|PKM|COX5A|LSM4,-1.2,0
1,-2.7,M39211,M1,1,0,Cell Type Signatures,7,ZHENG CORD BLOOD C2 PUTATIVE BASOPHIL EOSINOPHIL MAST CELL PROGENITOR,,-2.7,12,5.5,30284,96,80,3,3.8,2.1,6275|6277|9168,S100A4|S100A6|TMSB10,-1.2,0
1,-2.7,M39219,M1,1,0,Cell Type Signatures,7,ZHENG CORD BLOOD C10 MULTILYMPHOID PROGENITOR,,-2.7,12,5.4,30284,97,80,3,3.8,2.1,71|972|11151,ACTG1|CD74|CORO1A,-1.2,0
1,-2.6,M39176,M1,1,0,Cell Type Signatures,7,MURARO PANCREAS ENDOTHELIAL CELL,,-2.6,5.2,4.2,30284,362,80,5,6.2,2.7,3106|3133|3146|6515|9168,HLA-B|HLA-E|HMGB1|SLC2A3|TMSB10,-1.1,0
1,-2.6,M39317,M1,1,0,Cell Type Signatures,7,CUI DEVELOPING HEART CARDIAC FIBROBLASTS,,-2.6,11,5.2,30284,106,80,3,3.8,2.1,2597|5315|9377,GAPDH|PKM|COX5A,-1.1,0
1,-2.5,M39118,M1,1,0,Cell Type Signatures,7,AIZARANI LIVER C14 HEPATOCYTES 2,,-2.5,6.7,4.4,30284,226,80,4,5,2.4,4493|4494|4501|4502,MT1E|MT1F|MT1X|MT2A,-1.1,0
1,-2.5,M39290,M1,1,0,Cell Type Signatures,7,DURANTE ADULT OLFACTORY NEUROEPITHELIUM OLFACTORY ENSHEATHING GLIA,,-2.5,9.9,4.9,30284,115,80,3,3.8,2.1,3925|4493|4502,STMN1|MT1E|MT2A,-1,0
1,-2.4,M39168,M1,1,0,Cell Type Signatures,7,MURARO PANCREAS ALPHA CELL,,-2.4,4,3.7,30284,568,80,6,7.5,2.9,3105|3151|3925|4929|5315|10376,HLA-A|HMGN2|STMN1|NR4A2|PKM|TUBA1B,-0.96,0
1,-2.4,M40175,M1,1,0,Cell Type Signatures,7,DESCARTES FETAL EYE CORNEAL AND CONJUNCTIVAL EPITHELIAL CELLS,,-2.4,6.2,4.2,30284,243,80,4,5,2.4,3726|4929|6277|55651,JUNB|NR4A2|S100A6|NHP2,-0.96,0
1,-2.3,M40167,M1,1,0,Cell Type Signatures,7,DESCARTES FETAL CEREBRUM VASCULAR ENDOTHELIAL CELLS,,-2.3,3.9,3.6,30284,585,80,6,7.5,2.9,518|4493|4494|4501|4502|7293,ATP5MC3|MT1E|MT1F|MT1X|MT2A|TNFRSF4,-0.9,0
1,-2.3,M41705,M1,1,0,Cell Type Signatures,7,FAN OVARY CL3 MATURE CUMULUS GRANULOSA CELL 1,,-2.3,6,4.1,30284,254,80,4,5,2.4,71|3925|9168|203068,ACTG1|STMN1|TMSB10|TUBB,-0.9,0
1,-2.3,M41658,M1,1,0,Cell Type Signatures,7,TRAVAGLINI LUNG NEUROENDOCRINE CELL,,-2.3,8.9,4.6,30284,128,80,3,3.8,2.1,3105|3925|6748,HLA-A|STMN1|SSR4,-0.89,0
1,-2.3,M40029,M1,1,0,Cell Type Signatures,7,BUSSLINGER DUODENAL MATURE ENTEROCYTES,,-2.3,5.8,4,30284,259,80,4,5,2.4,972|3122|3123|6277,CD74|HLA-DRA|HLA-DRB1|S100A6,-0.87,0
1,-2.3,M39050,M1,1,0,Cell Type Signatures,7,MANNO MIDBRAIN NEUROTYPES HPERIC,,-2.3,3.3,3.4,30284,795,80,7,8.8,3.2,567|3726|4502|5216|6515|7128|7538,B2M|JUNB|MT2A|PFN1|SLC2A3|TNFAIP3|ZFP36,-0.87,0
1,-2.3,M41662,M1,1,0,Cell Type Signatures,7,TRAVAGLINI LUNG ARTERY CELL,,-2.3,8.7,4.5,30284,131,80,3,3.8,2.1,3925|4493|9709,STMN1|MT1E|HERPUD1,-0.86,0
1,-2.2,M39241,M1,1,0,Cell Type Signatures,7,LAKE ADULT KIDNEY C22 ENDOTHELIAL CELLS GLOMERULAR CAPILLARIES,,-2.2,8.3,4.4,30284,137,80,3,3.8,2.1,3133|3303|3337,HLA-E|HSPA1A|DNAJB1,-0.82,0
1,-2.2,M39039,M1,1,0,Cell Type Signatures,7,FAN EMBRYONIC CTX BRAIN ENDOTHELIAL 1,,-2.2,4.3,3.6,30284,440,80,5,6.2,2.7,4493|4494|4501|4502|6515,MT1E|MT1F|MT1X|MT2A|SLC2A3,-0.79,0
1,-2.2,M39269,M1,1,0,Cell Type Signatures,7,HU FETAL RETINA RGC,,-2.2,4.3,3.6,30284,443,80,5,6.2,2.7,808|2597|3925|9168|203068,CALM3|GAPDH|STMN1|TMSB10|TUBB,-0.77,0
1,-2.2,M41744,M1,1,0,Cell Type Signatures,7,RUBENSTEIN SKELETAL MUSCLE PERICYTES,,-2.2,7.9,4.3,30284,144,80,3,3.8,2.1,518|2597|4502,ATP5MC3|GAPDH|MT2A,-0.76,0
1,-2.1,M39115,M1,1,0,Cell Type Signatures,7,AIZARANI LIVER C11 HEPATOCYTES 1,,-2.1,5.1,3.6,30284,298,80,4,5,2.4,4493|4494|4501|4502,MT1E|MT1F|MT1X|MT2A,-0.68,0
1,-2.1,M40077,M1,1,0,Cell Type Signatures,7,DESCARTES MAIN FETAL LYMPHOID CELLS,,-2.1,7.2,4,30284,157,80,3,3.8,2.1,4818|5216|11151,NKG7|PFN1|CORO1A,-0.67,0
1,-2.1,M41653,M1,1,0,Cell Type Signatures,7,TRAVAGLINI LUNG DIFFERENTIATING BASAL CELL,,-2.1,7.2,4,30284,157,80,3,3.8,2.1,2597|3921|23521,GAPDH|RPSA|RPL13A,-0.67,0
1,-2,M41671,M1,1,0,Cell Type Signatures,7,TRAVAGLINI LUNG AIRWAY SMOOTH MUSCLE CELL,,-2,6.8,3.9,30284,166,80,3,3.8,2.1,5216|6171|6232,PFN1|RPL41|RPS27,-0.61,0
