_MEMBER_MyList,_LogP_MyList,GO,_PATTERN_,_RANK_,GiniIndex,Category,CategoryID,Description,PARENT_GO,LogP,Enrichment,Z-score,#TotalGeneInLibrary,#GeneInGO,#GeneInHitList,#GeneInGOAndHitList,%InGO,STDV %InGO,GeneID,Hits,Log(q-value),EvidenceCutoff
1,-24,COVID251,M1,1,0,COVID,200,RNA_Wilk_CD14+Monocytes_patient-C3_Down,,-24,91,35,30284,58,80,14,18,4.2,567|972|3106|3107|3108|3113|3115|3117|3119|3122|3123|3127|3133|3726,B2M|CD74|HLA-B|HLA-C|HLA-DMA|HLA-DPA1|HLA-DPB1|HLA-DQA1|HLA-DQB1|HLA-DRA|HLA-DRB1|HLA-DRB5|HLA-E|JUNB,-20,0
1,-21,COVID249,M1,1,0,COVID,200,RNA_Wilk_CD14+Monocytes_patient-C2_Down,,-21,79,32,30284,62,80,13,16,4.1,567|972|3106|3107|3108|3113|3115|3119|3122|3123|3127|3133|3726,B2M|CD74|HLA-B|HLA-C|HLA-DMA|HLA-DPA1|HLA-DPB1|HLA-DQB1|HLA-DRA|HLA-DRB1|HLA-DRB5|HLA-E|JUNB,-18,0
1,-20,COVID255,M1,1,0,COVID,200,RNA_Wilk_CD14+Monocytes_patient-C5_Down,,-20,40,24,30284,142,80,15,19,4.4,972|3105|3106|3107|3108|3113|3115|3117|3119|3122|3123|3127|3133|3726|7538,CD74|HLA-A|HLA-B|HLA-C|HLA-DMA|HLA-DPA1|HLA-DPB1|HLA-DQA1|HLA-DQB1|HLA-DRA|HLA-DRB1|HLA-DRB5|HLA-E|JUNB|ZFP36,-17,0
1,-19,COVID247,M1,1,0,COVID,200,RNA_Wilk_CD14+Monocytes_patient-C1B-severe_Down,,-19,78,30,30284,58,80,12,15,4,972|3108|3113|3115|3117|3119|3122|3123|3127|3726|5935|7538,CD74|HLA-DMA|HLA-DPA1|HLA-DPB1|HLA-DQA1|HLA-DQB1|HLA-DRA|HLA-DRB1|HLA-DRB5|JUNB|RBM3|ZFP36,-16,0
1,-18,COVID245,M1,1,0,COVID,200,RNA_Wilk_CD14+Monocytes_patient-C1A-mild_Down,,-18,76,29,30284,55,80,11,14,3.9,71|972|3108|3113|3115|3117|3119|3122|3123|3127|3726,ACTG1|CD74|HLA-DMA|HLA-DPA1|HLA-DPB1|HLA-DQA1|HLA-DQB1|HLA-DRA|HLA-DRB1|HLA-DRB5|JUNB,-15,0
1,-16,COVID346,M1,1,0,COVID,200,RNA_Wilk_B-cells_patient-C5_Down,,-16,29,20,30284,181,80,14,18,4.2,972|3105|3106|3107|3108|3113|3115|3117|3119|3122|3123|3127|3133|3726,CD74|HLA-A|HLA-B|HLA-C|HLA-DMA|HLA-DPA1|HLA-DPB1|HLA-DQA1|HLA-DQB1|HLA-DRA|HLA-DRB1|HLA-DRB5|HLA-E|JUNB,-14,0
1,-16,COVID340,M1,1,0,COVID,200,RNA_Wilk_B-cells_patient-C2_Down,,-16,1.6e+02,36,30284,19,80,8,10,3.4,71|972|3107|3113|3115|3119|3122|3133,ACTG1|CD74|HLA-C|HLA-DPA1|HLA-DPB1|HLA-DQB1|HLA-DRA|HLA-E,-13,0
1,-15,COVID253,M1,1,0,COVID,200,RNA_Wilk_CD14+Monocytes_patient-C4_Down,,-15,43,21,30284,97,80,11,14,3.9,972|3108|3113|3115|3119|3122|3123|3133|3726|5935|7538,CD74|HLA-DMA|HLA-DPA1|HLA-DPB1|HLA-DQB1|HLA-DRA|HLA-DRB1|HLA-E|JUNB|RBM3|ZFP36,-12,0
1,-15,COVID359,M1,1,0,COVID,200,RNA_Zhang_T-cells_severe-and-moderate_Up,,-15,33,19,30284,139,80,12,15,4,60|71|567|3105|3106|3113|3115|3123|4502|4818|9168|11151,ACTB|ACTG1|B2M|HLA-A|HLA-B|HLA-DPA1|HLA-DPB1|HLA-DRB1|MT2A|NKG7|TMSB10|CORO1A,-12,0
1,-14,COVID342,M1,1,0,COVID,200,RNA_Wilk_B-cells_patient-C3_Down,,-14,1.1e+02,29,30284,28,80,8,10,3.4,972|3113|3115|3117|3119|3122|3123|3133,CD74|HLA-DPA1|HLA-DPB1|HLA-DQA1|HLA-DQB1|HLA-DRA|HLA-DRB1|HLA-E,-12,0
1,-14,COVID338,M1,1,0,COVID,200,RNA_Wilk_B-cells_patient-C1B-severe_Down,,-14,50,22,30284,76,80,10,12,3.7,972|3113|3115|3117|3119|3122|3123|3127|3133|3726,CD74|HLA-DPA1|HLA-DPB1|HLA-DQA1|HLA-DQB1|HLA-DRA|HLA-DRB1|HLA-DRB5|HLA-E|JUNB,-11,0
1,-14,COVID344,M1,1,0,COVID,200,RNA_Wilk_B-cells_patient-C4_Down,,-14,27,17,30284,169,80,12,15,4,972|3106|3108|3113|3115|3117|3119|3122|3123|3127|3133|3726,CD74|HLA-B|HLA-DMA|HLA-DPA1|HLA-DPB1|HLA-DQA1|HLA-DQB1|HLA-DRA|HLA-DRB1|HLA-DRB5|HLA-E|JUNB,-11,0
1,-14,COVID257,M1,1,0,COVID,200,RNA_Wilk_CD14+Monocytes_patient-C6_Down,,-14,44,21,30284,86,80,10,12,3.7,972|3108|3113|3115|3117|3119|3122|3123|3127|3726,CD74|HLA-DMA|HLA-DPA1|HLA-DPB1|HLA-DQA1|HLA-DQB1|HLA-DRA|HLA-DRB1|HLA-DRB5|JUNB,-11,0
1,-13,COVID336,M1,1,0,COVID,200,RNA_Wilk_B-cells_patient-C1A-mild_Down,,-13,57,22,30284,60,80,9,11,3.5,71|972|3113|3115|3117|3119|3122|3123|3133,ACTG1|CD74|HLA-DPA1|HLA-DPB1|HLA-DQA1|HLA-DQB1|HLA-DRA|HLA-DRB1|HLA-E,-11,0
1,-13,COVID350,M1,1,0,COVID,200,RNA_Wilk_B-cells_patient-C7_Down,,-13,78,25,30284,39,80,8,10,3.4,972|3105|3106|3107|3115|3119|3123|3133,CD74|HLA-A|HLA-B|HLA-C|HLA-DPB1|HLA-DQB1|HLA-DRB1|HLA-E,-10,0
1,-12,COVID259,M1,1,0,COVID,200,RNA_Wilk_CD14+Monocytes_patient-C7_Down,,-12,80,23,30284,33,80,7,8.8,3.2,972|3105|3106|3107|3119|3123|3133,CD74|HLA-A|HLA-B|HLA-C|HLA-DQB1|HLA-DRB1|HLA-E,-9.1,0
1,-11,COVID356,M1,1,0,COVID,200,RNA_Zhang_NK-cells_severe-and-moderate_Up,,-11,36,18,30284,95,80,9,11,3.5,60|3105|3106|3113|3115|3123|3127|4502|11151,ACTB|HLA-A|HLA-B|HLA-DPA1|HLA-DPB1|HLA-DRB1|HLA-DRB5|MT2A|CORO1A,-8.9,0
1,-11,COVID037,M1,1,0,COVID,200,RNA_Sun_Calu-3_12h_Down,,-11,15,13,30284,300,80,12,15,4,60|518|2023|3015|3146|3925|5216|5902|6218|6277|9377|203068,ACTB|ATP5MC3|ENO1|H2AZ1|HMGB1|STMN1|PFN1|RANBP1|RPS17|S100A6|COX5A|TUBB,-8.2,0
1,-11,COVID050,M1,1,0,COVID,200,RNA_Wyler_Calu-3_24h_Up,,-11,15,13,30284,300,80,12,15,4,567|972|3105|3106|3107|3122|3133|4502|6352|7128|7494|7538,B2M|CD74|HLA-A|HLA-B|HLA-C|HLA-DRA|HLA-E|MT2A|CCL5|TNFAIP3|XBP1|ZFP36,-8.2,0
1,-11,COVID314,M1,1,0,COVID,200,RNA_Wilk_CD8+T-cells_patient-C5_Down,,-11,59,20,30284,45,80,7,8.8,3.2,567|3105|3106|3107|3133|3726|6352,B2M|HLA-A|HLA-B|HLA-C|HLA-E|JUNB|CCL5,-8.1,0
1,-10,COVID250,M1,1,0,COVID,200,RNA_Wilk_CD14+Monocytes_patient-C3_Up,,-10,52,19,30284,51,80,7,8.8,3.2,60|2023|5315|6275|6277|6515|9168,ACTB|ENO1|PKM|S100A4|S100A6|SLC2A3|TMSB10,-7.8,0
1,-8.8,COVID246,M1,1,0,COVID,200,RNA_Wilk_CD14+Monocytes_patient-C1B-severe_Up,,-8.8,34,15,30284,77,80,7,8.8,3.2,60|2023|3105|5315|6275|6277|7112,ACTB|ENO1|HLA-A|PKM|S100A4|S100A6|TMPO,-6.6,0
1,-8.2,COVID039,M1,1,0,COVID,200,RNA_Sun_Calu-3_24h_Down,,-8.2,13,10,30284,300,80,10,12,3.7,60|71|3015|3146|3921|4904|6175|6418|7112|203068,ACTB|ACTG1|H2AZ1|HMGB1|RPSA|YBX1|RPLP0|SET|TMPO|TUBB,-6,0
1,-8.1,COVID256,M1,1,0,COVID,200,RNA_Wilk_CD14+Monocytes_patient-C6_Up,,-8.1,20,12,30284,154,80,8,10,3.4,60|808|2023|2597|3151|5315|6515|9168,ACTB|CALM3|ENO1|GAPDH|HMGN2|PKM|SLC2A3|TMSB10,-5.9,0
1,-7.9,COVID254,M1,1,0,COVID,200,RNA_Wilk_CD14+Monocytes_patient-C5_Up,,-7.9,25,13,30284,104,80,7,8.8,3.2,60|2023|2597|3151|5315|6277|9168,ACTB|ENO1|GAPDH|HMGN2|PKM|S100A6|TMSB10,-5.8,0
1,-7.8,COVID248,M1,1,0,COVID,200,RNA_Wilk_CD14+Monocytes_patient-C2_Up,,-7.8,36,14,30284,63,80,6,7.5,2.9,60|2023|5315|6275|6277|6515,ACTB|ENO1|PKM|S100A4|S100A6|SLC2A3,-5.6,0
1,-7.7,COVID312,M1,1,0,COVID,200,RNA_Wilk_CD8+T-cells_patient-C4_Down,,-7.7,61,17,30284,31,80,5,6.2,2.7,567|3106|3133|6352|7128,B2M|HLA-B|HLA-E|CCL5|TNFAIP3,-5.6,0
1,-7.7,COVID318,M1,1,0,COVID,200,RNA_Wilk_CD8+T-cells_patient-C7_Down,,-7.7,1.3e+02,22,30284,12,80,4,5,2.4,3106|3107|3133|4818,HLA-B|HLA-C|HLA-E|NKG7,-5.5,0
1,-7.6,COVID309,M1,1,0,COVID,200,RNA_Wilk_CD8+T-cells_patient-C3_Up,,-7.6,57,17,30284,33,80,5,6.2,2.7,60|2023|3925|8364|203068,ACTB|ENO1|STMN1|H4C3|TUBB,-5.5,0
1,-7.6,COVID348,M1,1,0,COVID,200,RNA_Wilk_B-cells_patient-C6_Down,,-7.6,57,17,30284,33,80,5,6.2,2.7,972|3113|3115|3122|3123,CD74|HLA-DPA1|HLA-DPB1|HLA-DRA|HLA-DRB1,-5.5,0
1,-7.5,COVID343,M1,1,0,COVID,200,RNA_Wilk_B-cells_patient-C4_Up,,-7.5,22,12,30284,121,80,7,8.8,3.2,60|2023|2597|5315|6748|7494|8364,ACTB|ENO1|GAPDH|PKM|SSR4|XBP1|H4C3,-5.4,0
1,-7.3,COVID260,M1,1,0,COVID,200,RNA_Wilk_CD16+Monocytes_patient-C1A-mild_Up,,-7.3,31,13,30284,74,80,6,7.5,2.9,567|972|3105|3106|4502|7128,B2M|CD74|HLA-A|HLA-B|MT2A|TNFAIP3,-5.3,0
1,-7.3,COVID353,M1,1,0,COVID,200,RNA_Zhang_Monocytes_severe-and-moderate_Up,,-7.3,21,12,30284,127,80,7,8.8,3.2,567|3105|3106|3107|4502|4818|6352,B2M|HLA-A|HLA-B|HLA-C|MT2A|NKG7|CCL5,-5.2,0
1,-7.3,COVID198,M1,1,0,COVID,200,Ubiquitinome_Stukalov_A549-ACE2_24h_Down,,-7.3,15,10,30284,196,80,8,10,3.4,2023|3303|3304|4904|5315|6124|6187|10376,ENO1|HSPA1A|HSPA1B|YBX1|PKM|RPL4|RPS2|TUBA1B,-5.2,0
1,-7.1,COVID341,M1,1,0,COVID,200,RNA_Wilk_B-cells_patient-C3_Up,,-7.1,28,12,30284,82,80,6,7.5,2.9,2023|2597|6748|7494|8364|10051,ENO1|GAPDH|SSR4|XBP1|H4C3|SMC4,-5,0
1,-7,COVID238,M1,1,0,COVID,200,RNA_Lieberman_Nasopharynx_Infected_vs_Neg_Down,,-7,45,15,30284,42,80,5,6.2,2.7,2597|6124|6175|6218|23521,GAPDH|RPL4|RPLP0|RPS17|RPL13A,-5,0
1,-7,COVID313,M1,1,0,COVID,200,RNA_Wilk_CD8+T-cells_patient-C5_Up,,-7,44,15,30284,43,80,5,6.2,2.7,3148|3151|3925|8364|203068,HMGB2|HMGN2|STMN1|H4C3|TUBB,-4.9,0
1,-7,COVID172,M1,1,0,COVID,200,Proteome_Stukalov_A549_72h_ORF3_Down,,-7,11,9.3,30284,300,80,9,11,3.5,71|2597|3146|3726|3921|6418|10541|23521|203068,ACTG1|GAPDH|HMGB1|JUNB|RPSA|SET|ANP32B|RPL13A|TUBB,-4.9,0
1,-6.2,COVID139,M1,1,0,COVID,200,Proteome_Stukalov_A549_72h_E_Up,,-6.2,14,9.3,30284,186,80,7,8.8,3.2,1984|3123|5216|6154|6235|6636|9377,EIF5A|HLA-DRB1|PFN1|RPL26|RPS29|SNRPF|COX5A,-4.2,0
1,-6.2,COVID286,M1,1,0,COVID,200,RNA_Wilk_Dendritic-cells_patient-C7_Down,,-6.2,58,15,30284,26,80,4,5,2.4,972|3106|3119|3133,CD74|HLA-B|HLA-DQB1|HLA-E,-4.2,0
1,-6.2,COVID345,M1,1,0,COVID,200,RNA_Wilk_B-cells_patient-C5_Up,,-6.2,20,10,30284,116,80,6,7.5,2.9,71|2597|6748|7494|8364|10051,ACTG1|GAPDH|SSR4|XBP1|H4C3|SMC4,-4.2,0
1,-6,COVID285,M1,1,0,COVID,200,RNA_Wilk_Dendritic-cells_patient-C7_Up,,-6,52,14,30284,29,80,4,5,2.4,60|2023|6515|9168,ACTB|ENO1|SLC2A3|TMSB10,-4.1,0
1,-5.8,COVID282,M1,1,0,COVID,200,RNA_Wilk_Dendritic-cells_patient-C5_Up,,-5.8,26,11,30284,73,80,5,6.2,2.7,60|2023|3151|6277|9168,ACTB|ENO1|HMGN2|S100A6|TMSB10,-3.9,0
1,-5.8,COVID362,M1,1,0,COVID,200,RNA_Zhang_B-cells_severe-and-moderate_Up,,-5.8,26,11,30284,74,80,5,6.2,2.7,567|3105|3106|4502|9377,B2M|HLA-A|HLA-B|MT2A|COX5A,-3.9,0
1,-5.7,COVID324,M1,1,0,COVID,200,RNA_Wilk_CD4+T-cells_patient-C2_Down,,-5.7,1.1e+02,18,30284,10,80,3,3.8,2.1,71|3107|3133,ACTG1|HLA-C|HLA-E,-3.8,0
1,-5.6,COVID026,M1,1,0,COVID,200,RNA_Lamers_intestinal-organoid_differentiated_Up,,-5.6,42,13,30284,36,80,4,5,2.4,4493|4494|4501|4502,MT1E|MT1F|MT1X|MT2A,-3.7,0
1,-5.5,COVID316,M1,1,0,COVID,200,RNA_Wilk_CD8+T-cells_patient-C6_Down,,-5.5,1e+02,17,30284,11,80,3,3.8,2.1,567|3106|3133,B2M|HLA-B|HLA-E,-3.7,0
1,-5.4,COVID273,M1,1,0,COVID,200,RNA_Wilk_Dendritic-cells_patient-C1A-mild_Up,,-5.4,38,12,30284,40,80,4,5,2.4,567|3105|3106|7128,B2M|HLA-A|HLA-B|TNFAIP3,-3.6,0
1,-5.3,COVID200,M1,1,0,COVID,200,Ubiquitinome_Stukalov_A549-ACE2_6h_Down,,-5.3,11,7.8,30284,250,80,7,8.8,3.2,60|71|1984|2023|3303|3304|6124,ACTB|ACTG1|EIF5A|ENO1|HSPA1A|HSPA1B|RPL4,-3.5,0
1,-4.9,COVID358,M1,1,0,COVID,200,RNA_Zhang_T-cells_moderate-only_Up,,-4.9,63,14,30284,18,80,3,3.8,2.1,3117|3127|3133,HLA-DQA1|HLA-DRB5|HLA-E,-3.1,0
1,-4.5,COVID003,M1,1,0,COVID,200,RNA_Appelberg_Huh-7_48h_Down,,-4.5,49,12,30284,23,80,3,3.8,2.1,4493|4501|4502,MT1E|MT1X|MT2A,-2.8,0
1,-4.3,COVID252,M1,1,0,COVID,200,RNA_Wilk_CD14+Monocytes_patient-C4_Up,,-4.3,19,8.4,30284,78,80,4,5,2.4,60|2023|2597|5315,ACTB|ENO1|GAPDH|PKM,-2.6,0
1,-4.2,COVID244,M1,1,0,COVID,200,RNA_Wilk_CD14+Monocytes_patient-C1A-mild_Up,,-4.2,19,8.3,30284,80,80,4,5,2.4,567|3105|3106|7128,B2M|HLA-A|HLA-B|TNFAIP3,-2.5,0
1,-4.2,COVID298,M1,1,0,COVID,200,RNA_Wilk_NK-cells_patient-C5_Down,,-4.2,39,11,30284,29,80,3,3.8,2.1,3105|3106|3107,HLA-A|HLA-B|HLA-C,-2.5,0
1,-4.2,COVID360,M1,1,0,COVID,200,RNA_Zhang_B-cells_severe-only_Up,,-4.2,19,8.2,30284,81,80,4,5,2.4,2597|3015|6748|7494,GAPDH|H2AZ1|SSR4|XBP1,-2.5,0
1,-4.1,COVID080,M1,1,0,COVID,200,Interactome_Davis_HEK-293T_40h_NSP4,,-4.1,18,8,30284,85,80,4,5,2.4,3105|4189|6748|9709,HLA-A|DNAJB9|SSR4|HERPUD1,-2.4,0
1,-4.1,COVID330,M1,1,0,COVID,200,RNA_Wilk_CD4+T-cells_patient-C5_Down,,-4.1,35,10,30284,32,80,3,3.8,2.1,3105|3106|3107,HLA-A|HLA-B|HLA-C,-2.4,0
1,-3.8,COVID240,M1,1,0,COVID,200,RNA_Lieberman_Nasopharynx_High_vs_Low_Down,,-3.8,10,6.4,30284,188,80,5,6.2,2.7,2597|3726|5935|6515|23521,GAPDH|JUNB|RBM3|SLC2A3|RPL13A,-2.2,0
1,-3.8,COVID010,M1,1,0,COVID,200,RNA_Blanco-Melo_A549-ACE2_Up,,-3.8,7.6,5.9,30284,300,80,6,7.5,2.9,3106|3151|3726|7128|7538|10051,HLA-B|HMGN2|JUNB|TNFAIP3|ZFP36|SMC4,-2.2,0
1,-3.8,COVID015,M1,1,0,COVID,200,RNA_Blanco-Melo_Calu-3_Down,,-3.8,7.6,5.9,30284,300,80,6,7.5,2.9,3014|3303|5216|5902|10376|55651,H2AX|HSPA1A|PFN1|RANBP1|TUBA1B|NHP2,-2.2,0
1,-3.8,COVID048,M1,1,0,COVID,200,RNA_Wyler_Calu-3_12h_Up,,-3.8,7.6,5.9,30284,300,80,6,7.5,2.9,3106|3726|4502|6352|7128|7538,HLA-B|JUNB|MT2A|CCL5|TNFAIP3|ZFP36,-2.2,0
1,-3.8,COVID243,M1,1,0,COVID,200,RNA_Riva_Vero-E6_24h_Up,,-3.8,7.6,5.9,30284,300,80,6,7.5,2.9,4929|6275|6352|7128|7494|7538,NR4A2|S100A4|CCL5|TNFAIP3|XBP1|ZFP36,-2.2,0
1,-3.8,COVID315,M1,1,0,COVID,200,RNA_Wilk_CD8+T-cells_patient-C6_Up,,-3.8,28,8.8,30284,41,80,3,3.8,2.1,2597|3148|10051,GAPDH|HMGB2|SMC4,-2.1,0
1,-3.7,COVID221,M1,1,0,COVID,200,Proteome_Bojkova_Caco-2_24h_Up,,-3.7,27,8.7,30284,42,80,3,3.8,2.1,60|3014|3151,ACTB|H2AX|HMGN2,-2.1,0
1,-3.6,COVID354,M1,1,0,COVID,200,RNA_Zhang_NK-cells_severe-only_Up,,-3.6,25,8.4,30284,45,80,3,3.8,2.1,3107|3925|6277,HLA-C|STMN1|S100A6,-2,0
1,-3.2,COVID042,M1,1,0,COVID,200,RNA_Sun_Calu-3_7h_Up,,-3.2,18,7,30284,63,80,3,3.8,2.1,3122|6352|7128,HLA-DRA|CCL5|TNFAIP3,-1.7,0
1,-3,COVID028,M1,1,0,COVID,200,RNA_Lamers_intestinal-organoid_expansion_Up,,-3,9.1,5.4,30284,167,80,4,5,2.4,3151|4189|4493|4494,HMGN2|DNAJB9|MT1E|MT1F,-1.5,0
1,-2.9,COVID134,M1,1,0,COVID,200,Proteome_Stukalov_A549-ACE2_24h_Down,,-2.9,6.3,4.8,30284,299,80,5,6.2,2.7,3105|3106|3107|3925|5935,HLA-A|HLA-B|HLA-C|STMN1|RBM3,-1.4,0
1,-2.9,COVID005,M1,1,0,COVID,200,RNA_Appelberg_Huh-7_72h_Down,,-2.9,6.3,4.8,30284,300,80,5,6.2,2.7,3014|3303|4493|4494|4502,H2AX|HSPA1A|MT1E|MT1F|MT2A,-1.4,0
1,-2.9,COVID007,M1,1,0,COVID,200,RNA_Blanco-Melo_A549_Down,,-2.9,6.3,4.8,30284,300,80,5,6.2,2.7,3014|3303|3304|5216|10376,H2AX|HSPA1A|HSPA1B|PFN1|TUBA1B,-1.4,0
1,-2.9,COVID029,M1,1,0,COVID,200,RNA_Liao_BALF-mild_Down,,-2.9,6.3,4.8,30284,300,80,5,6.2,2.7,6154|6173|6218|6235|23521,RPL26|RPL36A|RPS17|RPS29|RPL13A,-1.4,0
1,-2.9,COVID052,M1,1,0,COVID,200,RNA_Xiong_BALF_Up,,-2.9,6.3,4.8,30284,300,80,5,6.2,2.7,3921|4502|4929|6232|23521,RPSA|MT2A|NR4A2|RPS27|RPL13A,-1.4,0
1,-2.9,COVID131,M1,1,0,COVID,200,Phosphoproteome_Stukalov_A549-ACE2_24h_Up,,-2.9,6.3,4.8,30284,300,80,5,6.2,2.7,60|71|3337|3726|4904,ACTB|ACTG1|DNAJB1|JUNB|YBX1,-1.4,0
1,-2.9,COVID199,M1,1,0,COVID,200,Ubiquitinome_Stukalov_A549-ACE2_24h_Up,,-2.9,6.3,4.8,30284,300,80,5,6.2,2.7,2023|3303|3304|7112|23521,ENO1|HSPA1A|HSPA1B|TMPO|RPL13A,-1.4,0
1,-2.9,COVID387,M1,1,0,COVID,200,Interactome_Laurent_HEK293_24h_ORF8,,-2.9,6.3,4.8,30284,300,80,5,6.2,2.7,2597|3107|3151|5935|6154,GAPDH|HLA-C|HMGN2|RBM3|RPL26,-1.4,0
1,-2.9,COVID357,M1,1,0,COVID,200,RNA_Zhang_T-cells_severe-only_Up,,-2.9,14,6.1,30284,79,80,3,3.8,2.1,3122|6275|6277,HLA-DRA|S100A4|S100A6,-1.4,0
1,-2.7,COVID063,M1,1,0,COVID,200,Phosphoproteome_Bouhaddou_Vero_E6_4h_Down,,-2.7,7.7,4.8,30284,197,80,4,5,2.4,3726|3925|7112|7128,JUNB|STMN1|TMPO|TNFAIP3,-1.2,0
1,-2.6,COVID191,M1,1,0,COVID,200,RNA_Stukalov_A549-ACE2_24h_Up,,-2.6,12,5.4,30284,98,80,3,3.8,2.1,3726|7128|7538,JUNB|TNFAIP3|ZFP36,-1.2,0
1,-2.6,COVID201,M1,1,0,COVID,200,Ubiquitinome_Stukalov_A549-ACE2_6h_Up,,-2.6,11,5.3,30284,100,80,3,3.8,2.1,5216|6187|10376,PFN1|RPS2|TUBA1B,-1.2,0
1,-2.6,COVID337,M1,1,0,COVID,200,RNA_Wilk_B-cells_patient-C1B-severe_Up,,-2.6,11,5.2,30284,104,80,3,3.8,2.1,6748|7494|8364,SSR4|XBP1|H4C3,-1.1,0
1,-2.5,COVID347,M1,1,0,COVID,200,RNA_Wilk_B-cells_patient-C6_Up,,-2.5,10,5,30284,110,80,3,3.8,2.1,2597|3151|7494,GAPDH|HMGN2|XBP1,-1,0
1,-2.5,COVID011,M1,1,0,COVID,200,RNA_Blanco-Melo_A549-ACE2-ruxolitinib_Down,,-2.5,6.5,4.3,30284,233,80,4,5,2.4,3107|3133|4502|6352,HLA-C|HLA-E|MT2A|CCL5,-1,0
1,-2.4,COVID138,M1,1,0,COVID,200,Proteome_Stukalov_A549_72h_E_Down,,-2.4,6.4,4.3,30284,238,80,4,5,2.4,2597|3014|3105|5935,GAPDH|H2AX|HLA-A|RBM3,-0.98,0
1,-2.3,COVID135,M1,1,0,COVID,200,Proteome_Stukalov_A549-ACE2_24h_Up,,-2.3,8.7,4.5,30284,131,80,3,3.8,2.1,71|6175|6275,ACTG1|RPLP0|S100A4,-0.86,0
1,-2.1,COVID008,M1,1,0,COVID,200,RNA_Blanco-Melo_A549_Up,,-2.1,5,3.6,30284,300,80,4,5,2.4,3106|4502|6352|7128,HLA-B|MT2A|CCL5|TNFAIP3,-0.68,0
1,-2.1,COVID016,M1,1,0,COVID,200,RNA_Blanco-Melo_Calu-3_Up,,-2.1,5,3.6,30284,300,80,4,5,2.4,4502|6352|7128|7538,MT2A|CCL5|TNFAIP3|ZFP36,-0.68,0
1,-2.1,COVID054,M1,1,0,COVID,200,RNA_Xiong_PBMC_Up,,-2.1,5,3.6,30284,300,80,4,5,2.4,2023|2597|4493|9377,ENO1|GAPDH|MT1E|COX5A,-0.68,0
1,-2.1,COVID057,M1,1,0,COVID,200,Phosphoproteome_Bouhaddou_Vero_E6_12h_Down,,-2.1,5,3.6,30284,300,80,4,5,2.4,3726|3925|7112|7128,JUNB|STMN1|TMPO|TNFAIP3,-0.68,0
1,-2.1,COVID060,M1,1,0,COVID,200,Phosphoproteome_Bouhaddou_Vero_E6_24h_Up,,-2.1,5,3.6,30284,300,80,4,5,2.4,2597|5315|5902|10376,GAPDH|PKM|RANBP1|TUBA1B,-0.68,0
1,-2.1,COVID193,M1,1,0,COVID,200,RNA_Stukalov_A549-ACE2_30h_Up,,-2.1,5,3.6,30284,300,80,4,5,2.4,3726|4929|7128|7538,JUNB|NR4A2|TNFAIP3|ZFP36,-0.68,0
1,-2.1,COVID236,M1,1,0,COVID,200,Proteome_Klann_Caco-2_24h_Down,,-2.1,5,3.6,30284,300,80,4,5,2.4,972|1854|3925|4904,CD74|DUT|STMN1|YBX1,-0.68,0
