_MEMBER_MyList,_LogP_MyList,GO,_PATTERN_,_RANK_,GiniIndex,Category,CategoryID,Description,PARENT_GO,LogP,Enrichment,Z-score,#TotalGeneInLibrary,#GeneInGO,#GeneInHitList,#GeneInGOAndHitList,%InGO,STDV %InGO,GeneID,Hits,Log(q-value),EvidenceCutoff
1,-5.2,PGB:00070,M1,1,0,PaGenBase,36,Cell-specific: HL60,,-5.2,20,9.4,30284,97,80,5,6.2,2.7,60|3113|3115|3117|3123,ACTB|HLA-DPA1|HLA-DPB1|HLA-DQA1|HLA-DRB1,-3.4,0
1,-3.4,PGB:00008,M1,1,0,PaGenBase,36,Tissue-specific: spleen,,-3.4,5.3,5,30284,501,80,7,8.8,3.2,3117|3119|4818|6352|7293|11151|203068,HLA-DQA1|HLA-DQB1|NKG7|CCL5|TNFRSF4|CORO1A|TUBB,-1.9,0
1,-2.7,PGB:00036,M1,1,0,PaGenBase,36,Tissue-specific: retinoblastoma,,-2.7,12,5.4,30284,97,80,3,3.8,2.1,60|1984|2597,ACTB|EIF5A|GAPDH,-1.2,0
1,-2.4,PGB:00026,M1,1,0,PaGenBase,36,Tissue-specific: Blood,,-2.4,6.3,4.3,30284,239,80,4,5,2.4,4818|6275|6352|11151,NKG7|S100A4|CCL5|CORO1A,-0.98,0
1,-2.2,PGB:00094,M1,1,0,PaGenBase,36,Cell-specific: Bronchial Epithelial Cells,,-2.2,8.3,4.4,30284,137,80,3,3.8,2.1,4493|4494|4501,MT1E|MT1F|MT1X,-0.82,0
