_MEMBER_MyList,_LogP_MyList,GO,_PATTERN_,_RANK_,GiniIndex,Category,CategoryID,Description,PARENT_GO,LogP,Enrichment,Z-score,#TotalGeneInLibrary,#GeneInGO,#GeneInHitList,#GeneInGOAndHitList,%InGO,STDV %InGO,GeneID,Hits,Log(q-value),EvidenceCutoff
1,-22,TRR00117,M1,1,0,TRRUST,34,Regulated by: CIITA,,-22,1.3e+02,39,30284,36,80,12,15,4,3105|3106|3107|3108|3113|3115|3117|3119|3122|3123|3127|6275,HLA-A|HLA-B|HLA-C|HLA-DMA|HLA-DPA1|HLA-DPB1|HLA-DQA1|HLA-DQB1|HLA-DRA|HLA-DRB1|HLA-DRB5|S100A4,-19,0
1,-17,TRR01166,M1,1,0,TRRUST,34,Regulated by: RFXANK,,-17,1.9e+02,39,30284,16,80,8,10,3.4,3108|3113|3115|3117|3119|3122|3123|3127,HLA-DMA|HLA-DPA1|HLA-DPB1|HLA-DQA1|HLA-DQB1|HLA-DRA|HLA-DRB1|HLA-DRB5,-14,0
1,-17,TRR01167,M1,1,0,TRRUST,34,Regulated by: RFXAP,,-17,1.9e+02,39,30284,16,80,8,10,3.4,3108|3113|3115|3117|3119|3122|3123|3127,HLA-DMA|HLA-DPA1|HLA-DPB1|HLA-DQA1|HLA-DQB1|HLA-DRA|HLA-DRB1|HLA-DRB5,-14,0
1,-16,TRR01165,M1,1,0,TRRUST,34,Regulated by: RFX5,,-16,1.6e+02,36,30284,19,80,8,10,3.4,3108|3113|3115|3117|3119|3122|3123|3127,HLA-DMA|HLA-DPA1|HLA-DPB1|HLA-DQA1|HLA-DQB1|HLA-DRA|HLA-DRB1|HLA-DRB5,-13,0
1,-9.2,TRR00489,M1,1,0,TRRUST,34,Regulated by: HIVEP2,,-9.2,2.5e+02,32,30284,6,80,4,5,2.4,3105|3106|3107|3133,HLA-A|HLA-B|HLA-C|HLA-E,-6.9,0
1,-6.2,TRR00598,M1,1,0,TRRUST,34,Regulated by: ILF3,,-6.2,1.6e+02,22,30284,7,80,3,3.8,2.1,3117|3122|3123,HLA-DQA1|HLA-DRA|HLA-DRB1,-4.3,0
1,-5.1,TRR00781,M1,1,0,TRRUST,34,Regulated by: MYCN,,-5.1,32,11,30284,48,80,4,5,2.4,3105|3106|3107|3133,HLA-A|HLA-B|HLA-C|HLA-E,-3.3,0
1,-4.9,TRR00780,M1,1,0,TRRUST,34,Regulated by: MYC,,-4.9,17,8.7,30284,112,80,5,6.2,2.7,3105|3106|3107|3133|3726,HLA-A|HLA-B|HLA-C|HLA-E|JUNB,-3.1,0
1,-4.9,TRR01162,M1,1,0,TRRUST,34,Regulated by: RFX1,,-4.9,63,14,30284,18,80,3,3.8,2.1,3113|3115|3122,HLA-DPA1|HLA-DPB1|HLA-DRA,-3.1,0
1,-3.8,TRR00125,M1,1,0,TRRUST,34,Regulated by: CREB1,,-3.8,14,7.1,30284,105,80,4,5,2.4,3117|3119|3925|6352,HLA-DQA1|HLA-DQB1|STMN1|CCL5,-2.1,0
1,-3.6,TRR01158,M1,1,0,TRRUST,34,Regulated by: RELA,,-3.6,6.8,5.5,30284,334,80,6,7.5,2.9,972|3105|3726|6277|6352|7128,CD74|HLA-A|JUNB|S100A6|CCL5|TNFAIP3,-2,0
1,-3.5,TRR00875,M1,1,0,TRRUST,34,Regulated by: NFKB1,,-3.5,6.7,5.4,30284,340,80,6,7.5,2.9,567|972|3726|6277|6352|7128,B2M|CD74|JUNB|S100A6|CCL5|TNFAIP3,-1.9,0
