Network,Annotation
MyList,hsa04612|Antigen processing and presentation|-26.5;GO:0048002|antigen processing and presentation of peptide antigen|-23.5;hsa04145|Phagosome|-23.3
MyList_MCODE_ALL,hsa05330|Allograft rejection|-26.4;hsa04940|Type I diabetes mellitus|-25.7;GO:0048002|antigen processing and presentation of peptide antigen|-25.6
MyList_SUB1_MCODE_1,"R-HSA-1799339|SRP-dependent cotranslational protein targeting to membrane|-26.2;CORUM:306|Ribosome, cytoplasmic|-25.0;WP477|Cytoplasmic ribosomal proteins|-24.6"
MyList_SUB1_MCODE_2,GO:0048002|antigen processing and presentation of peptide antigen|-35.0;hsa05330|Allograft rejection|-34.4;hsa04612|Antigen processing and presentation|-33.9
