Cluster,Score,Type,Gene,Symbol,Network
1,7.0,Clustered,6235,RPS29,MyList_SUB1
1,7.0,Clustered,6154,RPL26,MyList_SUB1
1,7.0,Clustered,5315,PKM,MyList_SUB1
1,7.0,Clustered,6232,RPS27,MyList_SUB1
1,7.0,Clustered,6748,SSR4,MyList_SUB1
1,7.0,Clustered,6124,RPL4,MyList_SUB1
1,7.0,Clustered,6173,RPL36A,MyList_SUB1
1,7.0,Clustered,55651,NHP2,MyList_SUB1
1,7.0,Clustered,1984,EIF5A,MyList_SUB1
1,7.0,Clustered,6171,RPL41,MyList_SUB1
1,7.0,Seed,3151,HMGN2,MyList_SUB1
1,7.0,Clustered,6175,RPLP0,MyList_SUB1
1,7.0,Clustered,3921,RPSA,MyList_SUB1
1,7.0,Clustered,6218,RPS17,MyList_SUB1
1,7.0,Clustered,6187,RPS2,MyList_SUB1
1,7.0,Clustered,23521,RPL13A,MyList_SUB1
2,6.0,Clustered,3115,HLA-DPB1,MyList_SUB1
2,6.0,Clustered,3117,HLA-DQA1,MyList_SUB1
2,6.0,Clustered,3122,HLA-DRA,MyList_SUB1
2,6.0,Clustered,3133,HLA-E,MyList_SUB1
2,6.0,Clustered,567,B2M,MyList_SUB1
2,6.0,Clustered,3107,HLA-C,MyList_SUB1
2,6.0,Clustered,3108,HLA-DMA,MyList_SUB1
2,6.0,Clustered,3119,HLA-DQB1,MyList_SUB1
2,6.0,Clustered,3113,HLA-DPA1,MyList_SUB1
2,6.0,Clustered,3123,HLA-DRB1,MyList_SUB1
2,6.0,Clustered,3127,HLA-DRB5,MyList_SUB1
2,6.0,Seed,3105,HLA-A,MyList_SUB1
2,6.0,Clustered,3106,HLA-B,MyList_SUB1
3,1.25,Clustered,6418,SET,MyList_SUB1
3,1.25,Clustered,2597,GAPDH,MyList_SUB1
3,1.25,Clustered,6515,SLC2A3,MyList_SUB1
3,1.25,Seed,3014,H2AX,MyList_SUB1
4,1.0,Clustered,60,ACTB,MyList_SUB1
4,1.0,Clustered,8364,H4C3,MyList_SUB1
4,1.0,Seed,2023,ENO1,MyList_SUB1
