Unnamed: 0,Gene1,Gene2
1,gene1,gene686
2,gene1,gene805
3,gene3,gene686
4,gene3,gene805
5,gene4,gene686
6,gene4,gene1006
7,gene5,gene686
8,gene5,gene1006
9,gene6,gene686
10,gene6,gene805
11,gene7,gene686
12,gene8,gene686
13,gene9,gene686
14,gene10,gene2
15,gene11,gene2
16,gene12,gene1006
17,gene12,gene2
18,gene13,gene686
19,gene14,gene686
20,gene15,gene805
21,gene16,gene805
22,gene17,gene686
23,gene18,gene408
24,gene18,gene805
25,gene19,gene1006
26,gene20,gene686
27,gene21,gene232
28,gene21,gene1006
29,gene22,gene232
30,gene22,gene1006
31,gene23,gene408
32,gene24,gene232
33,gene25,gene232
34,gene26,gene232
35,gene27,gene232
36,gene28,gene232
37,gene29,gene686
38,gene30,gene232
39,gene31,gene408
40,gene32,gene408
41,gene33,gene805
42,gene34,gene408
43,gene35,gene2
44,gene36,gene686
45,gene37,gene232
46,gene38,gene232
47,gene39,gene408
48,gene39,gene686
49,gene40,gene408
50,gene40,gene686
51,gene41,gene408
52,gene41,gene686
53,gene42,gene232
54,gene43,gene1006
55,gene44,gene1006
56,gene45,gene1006
57,gene46,gene1006
58,gene47,gene1006
59,gene48,gene1006
60,gene49,gene1006
61,gene50,gene1006
62,gene51,gene686
63,gene52,gene2
64,gene53,gene2
65,gene54,gene2
66,gene55,gene2
67,gene56,gene2
68,gene57,gene2
69,gene58,gene2
70,gene59,gene2
71,gene60,gene2
72,gene61,gene686
73,gene62,gene232
74,gene63,gene2
75,gene64,gene232
76,gene65,gene232
77,gene66,gene232
78,gene67,gene232
79,gene68,gene1006
80,gene69,gene1006
81,gene70,gene1006
82,gene71,gene1006
83,gene72,gene1006
84,gene73,gene686
85,gene73,gene1006
86,gene74,gene2
87,gene75,gene2
88,gene76,gene2
89,gene77,gene2
90,gene78,gene2
91,gene79,gene2
92,gene80,gene232
93,gene81,gene2
94,gene82,gene2
95,gene83,gene686
96,gene84,gene232
97,gene85,gene232
98,gene85,gene408
99,gene86,gene2
100,gene87,gene2
101,gene88,gene2
102,gene89,gene2
103,gene90,gene2
104,gene91,gene805
105,gene92,gene805
106,gene93,gene805
107,gene94,gene805
108,gene95,gene1006
109,gene96,gene1006
110,gene97,gene1006
111,gene98,gene686
112,gene99,gene686
113,gene100,gene1006
114,gene101,gene686
115,gene102,gene686
116,gene103,gene686
117,gene104,gene686
118,gene105,gene232
119,gene106,gene232
120,gene107,gene232
121,gene108,gene232
122,gene109,gene232
123,gene109,gene1006
124,gene110,gene2
125,gene111,gene686
126,gene111,gene2
127,gene111,gene232
128,gene112,gene686
129,gene112,gene2
130,gene112,gene232
131,gene113,gene686
132,gene114,gene686
133,gene114,gene805
134,gene115,gene686
135,gene115,gene805
136,gene116,gene686
137,gene116,gene805
138,gene117,gene686
139,gene117,gene805
140,gene118,gene686
141,gene118,gene805
142,gene119,gene686
143,gene120,gene686
144,gene120,gene805
145,gene121,gene2
146,gene121,gene805
147,gene122,gene2
148,gene122,gene805
149,gene123,gene1006
150,gene124,gene686
151,gene124,gene805
152,gene125,gene686
153,gene125,gene805
154,gene126,gene686
155,gene126,gene805
156,gene127,gene686
157,gene127,gene805
158,gene128,gene686
159,gene128,gene805
160,gene129,gene686
161,gene129,gene805
162,gene130,gene686
163,gene130,gene805
164,gene131,gene686
165,gene131,gene805
166,gene132,gene408
167,gene132,gene1006
168,gene133,gene1006
169,gene134,gene1006
170,gene135,gene1006
171,gene136,gene1006
172,gene137,gene1006
173,gene138,gene1006
174,gene139,gene1006
175,gene140,gene686
176,gene141,gene686
177,gene142,gene1006
178,gene143,gene686
179,gene144,gene686
180,gene145,gene232
181,gene146,gene232
182,gene147,gene232
183,gene148,gene2
184,gene149,gene2
185,gene150,gene805
186,gene151,gene1006
187,gene152,gene1006
188,gene153,gene686
189,gene154,gene1006
190,gene155,gene1006
191,gene156,gene1006
192,gene157,gene1006
193,gene158,gene1006
194,gene159,gene1006
195,gene160,gene1006
196,gene161,gene232
197,gene162,gene232
198,gene163,gene232
199,gene164,gene232
200,gene165,gene805
201,gene166,gene2
202,gene167,gene686
203,gene168,gene686
204,gene169,gene686
205,gene170,gene686
206,gene171,gene686
207,gene172,gene686
208,gene173,gene686
209,gene174,gene686
210,gene175,gene686
211,gene176,gene1006
212,gene177,gene1006
213,gene178,gene1006
214,gene179,gene686
215,gene179,gene805
216,gene180,gene1006
217,gene180,gene805
218,gene181,gene1006
219,gene181,gene805
220,gene182,gene1006
221,gene182,gene805
222,gene183,gene1006
223,gene184,gene1006
224,gene185,gene1006
225,gene186,gene1006
226,gene187,gene1006
227,gene188,gene1006
228,gene189,gene408
229,gene190,gene232
230,gene191,gene232
231,gene192,gene232
232,gene193,gene686
233,gene194,gene2
234,gene195,gene686
235,gene196,gene686
236,gene197,gene686
237,gene198,gene805
238,gene198,gene2
239,gene199,gene686
240,gene200,gene686
241,gene201,gene2
242,gene202,gene2
243,gene203,gene2
244,gene204,gene2
245,gene205,gene2
246,gene206,gene2
247,gene207,gene1006
248,gene208,gene408
249,gene208,gene805
250,gene209,gene408
251,gene209,gene805
252,gene210,gene408
253,gene210,gene805
254,gene211,gene408
255,gene211,gene805
256,gene213,gene1006
257,gene214,gene686
258,gene214,gene805
259,gene215,gene686
260,gene215,gene805
261,gene216,gene686
262,gene216,gene805
263,gene217,gene686
264,gene218,gene232
265,gene219,gene232
266,gene220,gene686
267,gene220,gene805
268,gene221,gene686
269,gene221,gene805
270,gene222,gene686
271,gene222,gene805
272,gene223,gene686
273,gene223,gene805
274,gene224,gene686
275,gene224,gene805
276,gene225,gene805
277,gene225,gene1006
278,gene226,gene1006
279,gene227,gene1006
280,gene228,gene1006
281,gene229,gene805
282,gene230,gene1006
283,gene231,gene805
284,gene233,gene686
285,gene233,gene1006
286,gene234,gene686
287,gene234,gene1006
288,gene235,gene2
289,gene236,gene2
290,gene237,gene2
291,gene237,gene686
292,gene238,gene2
293,gene238,gene686
294,gene239,gene686
295,gene240,gene686
296,gene241,gene805
297,gene242,gene686
298,gene243,gene1006
299,gene244,gene2
300,gene245,gene1006
301,gene246,gene408
302,gene247,gene408
303,gene248,gene1006
304,gene249,gene408
305,gene250,gene408
306,gene251,gene408
307,gene252,gene408
308,gene253,gene408
309,gene254,gene408
310,gene255,gene408
311,gene255,gene2
312,gene256,gene686
313,gene257,gene686
314,gene257,gene805
315,gene258,gene686
316,gene258,gene805
317,gene259,gene686
318,gene259,gene805
319,gene260,gene686
320,gene260,gene805
321,gene261,gene408
322,gene262,gene408
323,gene263,gene408
324,gene264,gene408
325,gene265,gene408
326,gene266,gene686
327,gene267,gene686
328,gene268,gene2
329,gene269,gene686
330,gene270,gene686
331,gene271,gene686
332,gene271,gene805
333,gene271,gene1006
334,gene272,gene1006
335,gene273,gene805
336,gene274,gene805
337,gene274,gene1006
338,gene274,gene408
339,gene275,gene805
340,gene276,gene805
341,gene277,gene408
342,gene278,gene805
343,gene279,gene805
344,gene280,gene805
345,gene281,gene805
346,gene282,gene805
347,gene283,gene686
348,gene284,gene686
349,gene285,gene686
350,gene286,gene686
351,gene287,gene2
352,gene288,gene2
353,gene289,gene1006
354,gene290,gene2
355,gene290,gene232
356,gene291,gene1006
357,gene292,gene1006
358,gene293,gene1006
359,gene294,gene232
360,gene295,gene686
361,gene295,gene805
362,gene296,gene686
363,gene297,gene805
364,gene297,gene1006
365,gene298,gene232
366,gene299,gene2
367,gene300,gene2
368,gene301,gene686
369,gene302,gene686
370,gene303,gene686
371,gene304,gene686
372,gene305,gene686
373,gene306,gene686
374,gene307,gene686
375,gene308,gene232
376,gene309,gene1006
377,gene310,gene1006
378,gene311,gene1006
379,gene312,gene1006
380,gene313,gene686
381,gene314,gene686
382,gene315,gene2
383,gene316,gene232
384,gene317,gene232
385,gene318,gene232
386,gene319,gene686
387,gene319,gene2
388,gene320,gene232
389,gene320,gene2
390,gene321,gene232
391,gene321,gene2
392,gene322,gene2
393,gene323,gene686
394,gene323,gene2
395,gene324,gene686
396,gene324,gene2
397,gene325,gene2
398,gene326,gene686
399,gene327,gene686
400,gene328,gene686
401,gene329,gene686
402,gene329,gene1006
403,gene330,gene686
404,gene331,gene686
405,gene332,gene686
406,gene333,gene408
407,gene334,gene408
408,gene334,gene686
409,gene335,gene408
410,gene335,gene686
411,gene336,gene408
412,gene336,gene686
413,gene337,gene408
414,gene337,gene686
415,gene338,gene686
416,gene339,gene686
417,gene340,gene686
418,gene341,gene686
419,gene342,gene686
420,gene343,gene686
421,gene344,gene805
422,gene346,gene686
423,gene346,gene2
424,gene347,gene686
425,gene347,gene2
426,gene348,gene686
427,gene348,gene2
428,gene349,gene2
429,gene350,gene805
430,gene351,gene805
431,gene352,gene232
432,gene353,gene805
433,gene354,gene805
434,gene355,gene805
435,gene356,gene805
436,gene357,gene686
437,gene358,gene1006
438,gene359,gene1006
439,gene360,gene805
440,gene361,gene232
441,gene361,gene2
442,gene362,gene2
443,gene363,gene232
444,gene364,gene805
445,gene365,gene2
446,gene366,gene232
447,gene366,gene2
448,gene367,gene805
449,gene368,gene805
450,gene369,gene232
451,gene370,gene232
452,gene371,gene232
453,gene372,gene232
454,gene373,gene686
455,gene374,gene686
456,gene375,gene686
457,gene376,gene686
458,gene377,gene686
459,gene378,gene686
460,gene379,gene686
461,gene379,gene805
462,gene380,gene686
463,gene380,gene805
464,gene381,gene686
465,gene382,gene805
466,gene383,gene2
467,gene383,gene686
468,gene383,gene805
469,gene384,gene2
470,gene384,gene686
471,gene384,gene805
472,gene385,gene2
473,gene385,gene686
474,gene385,gene805
475,gene386,gene232
476,gene387,gene232
477,gene388,gene232
478,gene389,gene232
479,gene390,gene232
480,gene391,gene2
481,gene392,gene232
482,gene393,gene232
483,gene394,gene2
484,gene395,gene2
485,gene396,gene1006
486,gene397,gene1006
487,gene398,gene1006
488,gene399,gene1006
489,gene400,gene1006
490,gene401,gene1006
491,gene402,gene1006
492,gene403,gene1006
493,gene404,gene232
494,gene405,gene232
495,gene406,gene2
496,gene407,gene2
497,gene409,gene408
498,gene410,gene408
499,gene411,gene408
500,gene412,gene232
501,gene413,gene408
502,gene413,gene232
503,gene414,gene408
504,gene415,gene232
505,gene416,gene232
506,gene417,gene686
507,gene417,gene805
508,gene417,gene1006
509,gene418,gene686
510,gene418,gene805
511,gene418,gene1006
512,gene419,gene2
513,gene420,gene2
514,gene421,gene2
515,gene421,gene232
516,gene422,gene686
517,gene422,gene805
518,gene423,gene805
519,gene424,gene1006
520,gene425,gene2
521,gene426,gene2
522,gene427,gene1006
523,gene428,gene1006
524,gene428,gene805
525,gene429,gene805
526,gene430,gene2
527,gene431,gene2
528,gene432,gene2
529,gene433,gene2
530,gene434,gene232
531,gene435,gene1006
532,gene436,gene686
533,gene437,gene686
534,gene437,gene1006
535,gene438,gene408
536,gene439,gene805
537,gene440,gene1006
538,gene441,gene805
539,gene442,gene232
540,gene443,gene232
541,gene444,gene1006
542,gene444,gene805
543,gene445,gene1006
544,gene445,gene805
545,gene446,gene1006
546,gene446,gene805
547,gene447,gene1006
548,gene447,gene805
549,gene448,gene1006
550,gene448,gene805
551,gene449,gene1006
552,gene449,gene805
553,gene450,gene686
554,gene451,gene686
555,gene452,gene686
556,gene453,gene686
557,gene454,gene686
558,gene455,gene686
559,gene456,gene686
560,gene457,gene686
561,gene458,gene805
562,gene458,gene1006
563,gene459,gene805
564,gene459,gene1006
565,gene460,gene805
566,gene460,gene1006
567,gene461,gene805
568,gene461,gene1006
569,gene462,gene805
570,gene462,gene1006
571,gene463,gene805
572,gene463,gene1006
573,gene464,gene805
574,gene464,gene1006
575,gene465,gene805
576,gene465,gene1006
577,gene466,gene805
578,gene466,gene1006
579,gene467,gene805
580,gene468,gene686
581,gene469,gene686
582,gene470,gene686
583,gene471,gene686
584,gene472,gene686
585,gene473,gene686
586,gene474,gene686
587,gene475,gene686
588,gene476,gene686
589,gene477,gene686
590,gene478,gene686
591,gene479,gene805
592,gene479,gene1006
593,gene480,gene686
594,gene480,gene805
595,gene480,gene1006
596,gene481,gene686
597,gene481,gene805
598,gene481,gene1006
599,gene482,gene686
600,gene482,gene805
601,gene482,gene1006
602,gene483,gene686
603,gene483,gene805
604,gene483,gene1006
605,gene484,gene686
606,gene485,gene805
607,gene486,gene686
608,gene487,gene408
609,gene488,gene1006
610,gene489,gene1006
611,gene490,gene1006
612,gene491,gene1006
613,gene492,gene1006
614,gene493,gene805
615,gene493,gene1006
616,gene494,gene232
617,gene495,gene232
618,gene496,gene232
619,gene497,gene805
620,gene498,gene805
621,gene499,gene805
622,gene500,gene232
623,gene501,gene232
624,gene502,gene805
625,gene503,gene805
626,gene504,gene805
627,gene505,gene2
628,gene506,gene2
629,gene507,gene1006
630,gene508,gene686
631,gene509,gene686
632,gene510,gene1006
633,gene511,gene1006
634,gene512,gene1006
635,gene513,gene1006
636,gene514,gene232
637,gene515,gene686
638,gene515,gene1006
639,gene516,gene232
640,gene517,gene232
641,gene518,gene408
642,gene519,gene408
643,gene520,gene408
644,gene521,gene408
645,gene522,gene232
646,gene523,gene232
647,gene524,gene232
648,gene525,gene232
649,gene526,gene232
650,gene527,gene232
651,gene528,gene232
652,gene529,gene232
653,gene530,gene232
654,gene531,gene232
655,gene532,gene232
656,gene533,gene232
657,gene534,gene232
658,gene535,gene232
659,gene536,gene232
660,gene537,gene232
661,gene538,gene232
662,gene539,gene232
663,gene540,gene232
664,gene541,gene686
665,gene542,gene686
666,gene543,gene686
667,gene544,gene2
668,gene545,gene686
669,gene546,gene1006
670,gene547,gene1006
671,gene548,gene1006
672,gene549,gene232
673,gene550,gene232
674,gene551,gene232
675,gene552,gene232
676,gene553,gene805
677,gene554,gene232
678,gene554,gene408
679,gene555,gene232
680,gene555,gene408
681,gene556,gene232
682,gene556,gene408
683,gene557,gene408
684,gene558,gene408
685,gene559,gene686
686,gene560,gene686
687,gene561,gene2
688,gene562,gene686
689,gene563,gene408
690,gene564,gene686
691,gene564,gene1006
692,gene565,gene686
693,gene565,gene1006
694,gene566,gene686
695,gene566,gene1006
696,gene567,gene805
697,gene568,gene2
698,gene569,gene2
699,gene570,gene2
700,gene571,gene232
701,gene572,gene686
702,gene573,gene1006
703,gene574,gene1006
704,gene575,gene1006
705,gene576,gene1006
706,gene577,gene2
707,gene578,gene2
708,gene579,gene232
709,gene580,gene232
710,gene580,gene2
711,gene581,gene232
712,gene582,gene232
713,gene583,gene232
714,gene584,gene232
715,gene585,gene232
716,gene586,gene232
717,gene587,gene232
718,gene587,gene2
719,gene588,gene232
720,gene589,gene232
721,gene590,gene232
722,gene591,gene232
723,gene592,gene232
724,gene593,gene2
725,gene594,gene686
726,gene595,gene686
727,gene596,gene686
728,gene597,gene2
729,gene598,gene2
730,gene599,gene1006
731,gene600,gene2
732,gene600,gene805
733,gene601,gene232
734,gene601,gene2
735,gene602,gene2
736,gene603,gene232
737,gene603,gene2
738,gene604,gene1006
739,gene605,gene805
740,gene605,gene686
741,gene606,gene805
742,gene606,gene686
743,gene607,gene805
744,gene607,gene686
745,gene608,gene805
746,gene608,gene686
747,gene609,gene805
748,gene609,gene686
749,gene610,gene805
750,gene611,gene805
751,gene612,gene805
752,gene613,gene686
753,gene614,gene686
754,gene615,gene1006
755,gene616,gene1006
756,gene617,gene232
757,gene618,gene686
758,gene619,gene686
759,gene620,gene686
760,gene621,gene805
761,gene621,gene1006
762,gene622,gene232
763,gene623,gene232
764,gene624,gene232
765,gene625,gene1006
766,gene626,gene2
767,gene627,gene1006
768,gene627,gene2
769,gene628,gene1006
770,gene629,gene1006
771,gene630,gene1006
772,gene631,gene408
773,gene632,gene1006
774,gene632,gene408
775,gene633,gene408
776,gene634,gene408
777,gene635,gene1006
778,gene635,gene408
779,gene636,gene408
780,gene637,gene686
781,gene637,gene1006
782,gene637,gene805
783,gene638,gene686
784,gene638,gene1006
785,gene638,gene805
786,gene639,gene686
787,gene639,gene1006
788,gene639,gene805
789,gene640,gene686
790,gene640,gene1006
791,gene640,gene805
792,gene641,gene686
793,gene641,gene1006
794,gene641,gene805
795,gene642,gene686
796,gene642,gene1006
797,gene642,gene805
798,gene643,gene686
799,gene643,gene1006
800,gene643,gene805
801,gene644,gene686
802,gene644,gene805
803,gene645,gene686
804,gene645,gene805
805,gene646,gene686
806,gene646,gene805
807,gene647,gene686
808,gene647,gene805
809,gene648,gene686
810,gene648,gene805
811,gene649,gene686
812,gene649,gene805
813,gene650,gene686
814,gene650,gene805
815,gene651,gene686
816,gene651,gene805
817,gene651,gene1006
818,gene652,gene2
819,gene653,gene2
820,gene654,gene2
821,gene655,gene2
822,gene656,gene2
823,gene657,gene1006
824,gene658,gene232
825,gene659,gene232
826,gene660,gene686
827,gene661,gene686
828,gene662,gene686
829,gene663,gene686
830,gene664,gene686
831,gene665,gene686
832,gene666,gene686
833,gene666,gene805
834,gene667,gene686
835,gene667,gene805
836,gene668,gene686
837,gene668,gene805
838,gene669,gene1006
839,gene670,gene686
840,gene670,gene805
841,gene671,gene686
842,gene671,gene805
843,gene672,gene232
844,gene673,gene232
845,gene674,gene686
846,gene674,gene232
847,gene675,gene232
848,gene676,gene232
849,gene677,gene686
850,gene677,gene232
851,gene678,gene232
852,gene679,gene232
853,gene680,gene686
854,gene680,gene805
855,gene680,gene1006
856,gene681,gene686
857,gene681,gene805
858,gene681,gene1006
859,gene682,gene686
860,gene682,gene805
861,gene682,gene1006
862,gene683,gene686
863,gene683,gene805
864,gene683,gene1006
865,gene684,gene686
866,gene684,gene805
867,gene684,gene1006
868,gene685,gene686
869,gene685,gene805
870,gene685,gene1006
871,gene687,gene686
872,gene687,gene805
873,gene687,gene1006
874,gene688,gene686
875,gene688,gene805
876,gene689,gene686
877,gene689,gene805
878,gene690,gene686
879,gene690,gene805
880,gene691,gene686
881,gene691,gene805
882,gene692,gene686
883,gene692,gene805
884,gene693,gene686
885,gene693,gene805
886,gene694,gene686
887,gene694,gene805
888,gene695,gene686
889,gene695,gene805
890,gene696,gene686
891,gene696,gene805
892,gene697,gene686
893,gene697,gene805
894,gene698,gene686
895,gene698,gene805
896,gene699,gene686
897,gene699,gene805
898,gene700,gene686
899,gene700,gene805
900,gene701,gene408
901,gene702,gene408
902,gene703,gene2
903,gene704,gene232
904,gene704,gene686
905,gene705,gene1006
906,gene705,gene408
907,gene705,gene805
908,gene706,gene1006
909,gene706,gene408
910,gene706,gene805
911,gene707,gene805
912,gene708,gene686
913,gene709,gene686
914,gene710,gene1006
915,gene711,gene1006
916,gene712,gene805
917,gene713,gene805
918,gene714,gene805
919,gene715,gene805
920,gene716,gene805
921,gene717,gene1006
922,gene718,gene1006
923,gene719,gene805
924,gene720,gene805
925,gene721,gene805
926,gene722,gene805
927,gene723,gene805
928,gene724,gene805
929,gene725,gene805
930,gene726,gene805
931,gene727,gene805
932,gene728,gene805
933,gene729,gene805
934,gene730,gene805
935,gene731,gene805
936,gene732,gene2
937,gene733,gene686
938,gene734,gene686
939,gene735,gene232
940,gene736,gene1006
941,gene737,gene686
942,gene738,gene686
943,gene739,gene686
944,gene739,gene805
945,gene740,gene232
946,gene741,gene232
947,gene742,gene232
948,gene743,gene232
949,gene744,gene2
950,gene745,gene686
951,gene746,gene686
952,gene747,gene686
953,gene747,gene1006
954,gene748,gene232
955,gene749,gene232
956,gene750,gene2
957,gene751,gene686
958,gene751,gene805
959,gene752,gene686
960,gene753,gene2
961,gene754,gene232
962,gene755,gene2
963,gene756,gene2
964,gene757,gene2
965,gene758,gene2
966,gene759,gene2
967,gene760,gene1006
968,gene760,gene408
969,gene761,gene1006
970,gene762,gene686
971,gene763,gene2
972,gene764,gene2
973,gene765,gene686
974,gene765,gene805
975,gene766,gene686
976,gene766,gene805
977,gene767,gene232
978,gene768,gene232
979,gene769,gene232
980,gene770,gene232
981,gene771,gene232
982,gene772,gene232
983,gene773,gene232
984,gene774,gene2
985,gene775,gene1006
986,gene776,gene805
987,gene777,gene805
988,gene778,gene805
989,gene779,gene805
990,gene780,gene805
991,gene781,gene805
992,gene782,gene686
993,gene782,gene805
994,gene783,gene686
995,gene783,gene805
996,gene784,gene686
997,gene784,gene805
998,gene785,gene686
999,gene785,gene805
1000,gene786,gene686
1001,gene787,gene686
1002,gene788,gene686
1003,gene789,gene2
1004,gene790,gene2
1005,gene791,gene2
1006,gene792,gene2
1007,gene793,gene2
1008,gene794,gene2
1009,gene795,gene2
1010,gene796,gene2
1011,gene797,gene2
1012,gene798,gene686
1013,gene798,gene2
1014,gene799,gene686
1015,gene799,gene2
1016,gene800,gene2
1017,gene801,gene2
1018,gene802,gene686
1019,gene803,gene686
1020,gene804,gene686
1021,gene806,gene686
1022,gene807,gene2
1023,gene808,gene2
1024,gene809,gene232
1025,gene810,gene2
1026,gene811,gene1006
1027,gene812,gene1006
1028,gene813,gene232
1029,gene814,gene232
1030,gene815,gene2
1031,gene816,gene2
1032,gene817,gene1006
1033,gene818,gene1006
1034,gene819,gene1006
1035,gene820,gene1006
1036,gene821,gene1006
1037,gene822,gene1006
1038,gene823,gene1006
1039,gene824,gene1006
1040,gene825,gene1006
1041,gene826,gene1006
1042,gene827,gene686
1043,gene827,gene1006
1044,gene828,gene2
1045,gene829,gene2
1046,gene830,gene686
1047,gene831,gene2
1048,gene832,gene408
1049,gene832,gene686
1050,gene833,gene686
1051,gene834,gene686
1052,gene835,gene686
1053,gene836,gene686
1054,gene837,gene686
1055,gene838,gene686
1056,gene839,gene686
1057,gene839,gene1006
1058,gene840,gene686
1059,gene841,gene686
1060,gene842,gene686
1061,gene843,gene1006
1062,gene844,gene1006
1063,gene844,gene408
1064,gene844,gene805
1065,gene845,gene686
1066,gene845,gene2
1067,gene846,gene1006
1068,gene847,gene686
1069,gene848,gene686
1070,gene849,gene686
1071,gene850,gene2
1072,gene851,gene686
1073,gene852,gene686
1074,gene853,gene686
1075,gene854,gene232
1076,gene855,gene232
1077,gene856,gene232
1078,gene857,gene232
1079,gene858,gene232
1080,gene859,gene232
1081,gene860,gene232
1082,gene861,gene232
1083,gene862,gene232
1084,gene863,gene232
1085,gene864,gene232
1086,gene865,gene232
1087,gene866,gene232
1088,gene867,gene232
1089,gene868,gene232
1090,gene869,gene232
1091,gene870,gene232
1092,gene871,gene232
1093,gene872,gene232
1094,gene873,gene232
1095,gene874,gene232
1096,gene875,gene232
1097,gene876,gene1006
1098,gene877,gene1006
1099,gene878,gene1006
1100,gene879,gene2
1101,gene880,gene2
1102,gene881,gene805
1103,gene882,gene805
1104,gene883,gene2
1105,gene884,gene2
1106,gene885,gene2
1107,gene886,gene2
1108,gene887,gene2
1109,gene888,gene2
1110,gene889,gene2
1111,gene890,gene686
1112,gene891,gene686
1113,gene892,gene686
1114,gene893,gene232
1115,gene894,gene686
1116,gene895,gene686
1117,gene896,gene686
1118,gene897,gene686
1119,gene898,gene686
1120,gene899,gene232
1121,gene899,gene2
1122,gene900,gene232
1123,gene901,gene232
1124,gene902,gene232
1125,gene903,gene805
1126,gene904,gene805
1127,gene905,gene805
1128,gene906,gene2
1129,gene907,gene2
1130,gene908,gene1006
1131,gene909,gene232
1132,gene910,gene686
1133,gene910,gene805
1134,gene910,gene2
1135,gene911,gene805
1136,gene911,gene1006
1137,gene912,gene2
1138,gene913,gene2
1139,gene914,gene2
1140,gene915,gene1006
1141,gene916,gene805
1142,gene916,gene1006
1143,gene917,gene408
1144,gene917,gene232
1145,gene918,gene408
1146,gene918,gene232
1147,gene919,gene408
1148,gene919,gene232
1149,gene920,gene408
1150,gene920,gene232
1151,gene921,gene408
1152,gene921,gene232
1153,gene922,gene686
1154,gene923,gene1006
1155,gene923,gene686
1156,gene923,gene805
1157,gene924,gene1006
1158,gene924,gene686
1159,gene924,gene805
1160,gene925,gene1006
1161,gene925,gene686
1162,gene925,gene805
1163,gene926,gene1006
1164,gene926,gene686
1165,gene926,gene805
1166,gene927,gene1006
1167,gene927,gene686
1168,gene927,gene805
1169,gene928,gene232
1170,gene929,gene686
1171,gene929,gene805
1172,gene930,gene686
1173,gene930,gene805
1174,gene931,gene686
1175,gene931,gene805
1176,gene932,gene686
1177,gene932,gene805
1178,gene933,gene805
1179,gene933,gene1006
1180,gene934,gene805
1181,gene934,gene1006
1182,gene935,gene805
1183,gene935,gene1006
1184,gene936,gene805
1185,gene936,gene1006
1186,gene937,gene805
1187,gene937,gene1006
1188,gene938,gene805
1189,gene938,gene1006
1190,gene939,gene1006
1191,gene940,gene686
1192,gene941,gene686
1193,gene942,gene1006
1194,gene943,gene1006
1195,gene944,gene1006
1196,gene945,gene1006
1197,gene946,gene686
1198,gene946,gene805
1199,gene947,gene686
1200,gene947,gene805
1201,gene948,gene686
1202,gene948,gene805
1203,gene949,gene686
1204,gene949,gene805
1205,gene950,gene686
1206,gene950,gene805
1207,gene951,gene686
1208,gene951,gene805
1209,gene952,gene686
1210,gene952,gene805
1211,gene953,gene232
1212,gene954,gene1006
1213,gene955,gene1006
1214,gene956,gene1006
1215,gene957,gene232
1216,gene958,gene232
1217,gene959,gene232
1218,gene960,gene232
1219,gene961,gene2
1220,gene962,gene2
1221,gene963,gene2
1222,gene964,gene2
1223,gene965,gene1006
1224,gene966,gene232
1225,gene967,gene2
1226,gene968,gene2
1227,gene969,gene2
1228,gene970,gene1006
1229,gene971,gene232
1230,gene972,gene686
1231,gene973,gene686
1232,gene973,gene232
1233,gene974,gene686
1234,gene974,gene232
1235,gene975,gene2
1236,gene976,gene232
1237,gene977,gene232
1238,gene978,gene686
1239,gene979,gene1006
1240,gene980,gene1006
1241,gene981,gene1006
1242,gene982,gene1006
1243,gene983,gene1006
1244,gene984,gene1006
1245,gene985,gene2
1246,gene986,gene1006
1247,gene987,gene1006
1248,gene988,gene1006
1249,gene989,gene408
1250,gene990,gene232
1251,gene991,gene1006
1252,gene992,gene1006
1253,gene993,gene805
1254,gene993,gene1006
1255,gene994,gene232
1256,gene995,gene232
1257,gene996,gene232
1258,gene997,gene686
1259,gene997,gene805
1260,gene998,gene686
1261,gene998,gene805
1262,gene999,gene2
1263,gene1000,gene408
1264,gene1001,gene1006
1265,gene1002,gene1006
1266,gene1003,gene1006
1267,gene1004,gene805
1268,gene1004,gene1006
1269,gene1005,gene805
1270,gene1005,gene1006
1271,gene1007,gene805
1272,gene1007,gene1006
1273,gene1008,gene805
1274,gene1008,gene1006
1275,gene1009,gene805
1276,gene1009,gene1006
1277,gene1010,gene805
1278,gene1010,gene1006
1279,gene1011,gene805
1280,gene1011,gene1006
1281,gene1012,gene1006
1282,gene1013,gene1006
1283,gene1014,gene686
1284,gene1015,gene686
1285,gene1016,gene408
1286,gene1016,gene805
1287,gene1017,gene805
1288,gene1018,gene686
1289,gene1019,gene1006
1290,gene1019,gene686
1291,gene1020,gene1006
1292,gene1021,gene1006
1293,gene1021,gene686
1294,gene1022,gene1006
1295,gene1023,gene1006
1296,gene1024,gene1006
1297,gene1025,gene232
1298,gene1026,gene232
1299,gene1027,gene232
1300,gene1028,gene232
1301,gene1029,gene1006
1302,gene1030,gene1006
1303,gene1031,gene1006
1304,gene1032,gene1006
1305,gene1033,gene1006
1306,gene1034,gene1006
1307,gene1035,gene1006
1308,gene1036,gene686
1309,gene1037,gene686
1310,gene1038,gene686
1311,gene1039,gene1006
1312,gene1040,gene1006
1313,gene1041,gene232
1314,gene1041,gene408
1315,gene1042,gene232
1316,gene1042,gene408
1317,gene1043,gene232
1318,gene1043,gene408
1319,gene1044,gene686
1320,gene1044,gene232
1321,gene1045,gene686
1322,gene1046,gene1006
1323,gene1047,gene2
1324,gene1048,gene2
1325,gene1049,gene2
1326,gene1050,gene686
1327,gene1051,gene686
1328,gene1052,gene2
1329,gene1053,gene2
1330,gene1054,gene2
1331,gene1055,gene2
1332,gene1056,gene686
1333,gene1057,gene1006
1334,gene1058,gene408
1335,gene1058,gene686
1336,gene1059,gene1006
1337,gene1060,gene686
1338,gene1061,gene232
1339,gene1062,gene232
1340,gene1063,gene232
1341,gene1064,gene1006
1342,gene1065,gene686
1343,gene1066,gene1006
1344,gene1067,gene686
1345,gene1068,gene2
1346,gene1069,gene2
1347,gene1071,gene1006
1348,gene1072,gene686
1349,gene1072,gene805
1350,gene1073,gene686
1351,gene1073,gene805
1352,gene1074,gene686
1353,gene1074,gene805
1354,gene1075,gene686
1355,gene1075,gene805
1356,gene1076,gene686
1357,gene1076,gene805
1358,gene1077,gene686
1359,gene1077,gene805
1360,gene1078,gene1006
1361,gene1079,gene1006
1362,gene1080,gene2
1363,gene1081,gene2
1364,gene1082,gene805
1365,gene1082,gene1006
1366,gene1083,gene1006
1367,gene1084,gene686
1368,gene1085,gene2
1369,gene1086,gene232
1370,gene1087,gene686
1371,gene1087,gene805
1372,gene1088,gene2
1373,gene1089,gene1006
1374,gene1090,gene686
1375,gene1091,gene686
1376,gene1091,gene1006
1377,gene1092,gene2
1378,gene1093,gene2
1379,gene1094,gene2
1380,gene1095,gene805
1381,gene1096,gene408
1382,gene1097,gene2
1383,gene1098,gene2
1384,gene1099,gene2
1385,gene1100,gene2
1386,gene1101,gene2
1387,gene1102,gene686
1388,gene1102,gene1006
1389,gene1103,gene805
1390,gene1104,gene805
1391,gene1105,gene805
1392,gene1106,gene805
1393,gene1107,gene805
1394,gene1108,gene805
1395,gene1109,gene1006
1396,gene1110,gene805
1397,gene1110,gene1006
1398,gene1111,gene805
1399,gene1111,gene1006
1400,gene1112,gene805
1401,gene1112,gene1006
1402,gene1113,gene805
1403,gene1113,gene1006
1404,gene1114,gene805
1405,gene1115,gene1006
1406,gene1116,gene232
1407,gene1117,gene1006
1408,gene1118,gene232
1409,gene1119,gene232
1410,gene1120,gene1006
1411,gene1121,gene1006
1412,gene1122,gene2
1413,gene1123,gene686
1414,gene1124,gene686
1415,gene1125,gene686
1416,gene1126,gene686
1417,gene1127,gene686
1418,gene1128,gene805
1419,gene1128,gene1006
1420,gene1129,gene232
1421,gene1130,gene1006
1422,gene1131,gene686
1423,gene1132,gene2
1424,gene1133,gene686
1425,gene1134,gene686
1426,gene1134,gene805
1427,gene1134,gene1006
1428,gene1135,gene1006
1429,gene1136,gene1006
1430,gene1137,gene1006
1431,gene1138,gene1006
1432,gene1139,gene2
