#node	identifier	x_position	y_position	color	annotation
ACTB	9606.ENSP00000494750	0.42473021582733816	0.40464939024390245	rgb(117,122,239)	Actin, cytoplasmic 1, N-terminally processed; Actin is a highly conserved protein that polymerizes to produce filaments that form cross-linked networks in the cytoplasm of cells. Actin exists in both monomeric (G-actin) and polymeric (F-actin) forms, both forms playing key functions, such as cell motility and contraction. In addition to their role in the cytoplasmic cytoskeleton, G- and F-actin also localize in the nucleus, and regulate gene transcription and motility and repair of damaged DNA.
ACTG1	9606.ENSP00000458162	0.518615107913669	0.30929878048780485	rgb(117,239,158)	Actin, cytoplasmic 2, N-terminally processed; Actins are highly conserved proteins that are involved in various types of cell motility and are ubiquitously expressed in all eukaryotic cells.
ANP32B	9606.ENSP00000345848	0.445773381294964	0.08429878048780488	rgb(178,239,117)	Acidic leucine-rich nuclear phosphoprotein 32 family member B; Multifunctional protein working as a cell cycle progression factor as well as a cell survival factor. Required for the progression from the G1 to the S phase. Anti-apoptotic protein which functions as a caspase-3 inhibitor. Has no phosphatase 2A (PP2A) inhibitor activity (By similarity). Exhibits histone chaperone properties, stimulating core histones to assemble into a nucleosome; Belongs to the ANP32 family.
ATP5MC3	9606.ENSP00000284727	0.30008992805755397	0.48285060975609756	rgb(117,239,180)	ATP synthase F(0) complex subunit C3, mitochondrial; Mitochondrial membrane ATP synthase (F(1)F(0) ATP synthase or Complex V) produces ATP from ADP in the presence of a proton gradient across the membrane which is generated by electron transport complexes of the respiratory chain. F-type ATPases consist of two structural domains, F(1) - containing the extramembraneous catalytic core and F(0) - containing the membrane proton channel, linked together by a central stalk and a peripheral stalk. During catalysis, ATP synthesis in the catalytic domain of F(1) is coupled via a rotary mechanis [...] 
B2M	9606.ENSP00000497910	0.3211330935251799	0.5816310975609756	rgb(119,239,117)	Beta-2-microglobulin form pI 5.3; Component of the class I major histocompatibility complex (MHC). Involved in the presentation of peptide antigens to the immune system. Exogenously applied M.tuberculosis EsxA or EsxA-EsxB (or EsxA expressed in host) binds B2M and decreases its export to the cell surface (total protein levels do not change), probably leading to defects in class I antigen presentation. Belongs to the beta-2-microglobulin family.
C1QBP	9606.ENSP00000225698	0.7468525179856116	0.33330792682926824	rgb(117,239,217)	Complement component 1 Q subcomponent-binding protein, mitochondrial; Is believed to be a multifunctional and multicompartmental protein involved in inflammation and infection processes, ribosome biogenesis, protein synthesis in mitochondria, regulation of apoptosis, transcriptional regulation and pre-mRNA splicing. At the cell surface is thought to act as an endothelial receptor for plasma proteins of the complement and kallikrein-kinin cascades. Putative receptor for C1q; specifically binds to the globular 'heads' of C1q thus inhibiting C1; may perform the receptor function through a [...] 
CALM3	9606.ENSP00000291295	0.5210431654676259	0.23315548780487805	rgb(150,101,255)	Calmodulin-1; Calmodulin mediates the control of a large number of enzymes, ion channels, aquaporins and other proteins through calcium-binding. Among the enzymes to be stimulated by the calmodulin-calcium complex are a number of protein kinases and phosphatases. Together with CCP110 and centrin, is involved in a genetic pathway that regulates the centrosome cycle and progression through cytokinesis. Mediates calcium-dependent inactivation of CACNA1C. Positively regulates calcium-activated potassium channel activity of KCNN2.
CCL5	9606.ENSP00000474412	0.3365107913669065	0.6708079268292684	rgb(117,239,232)	C-C motif chemokine 5; Chemoattractant for blood monocytes, memory T-helper cells and eosinophils. Causes the release of histamine from basophils and activates eosinophils. May activate several chemokine receptors including CCR1, CCR3, CCR4 and CCR5. One of the major HIV-suppressive factors produced by CD8+ T-cells. Recombinant RANTES protein induces a dose-dependent inhibition of different strains of HIV-1, HIV-2, and simian immunodeficiency virus (SIV). The processed form RANTES(3-68) acts as a natural chemotaxis inhibitor and is a more potent inhibitor of HIV-1-infection. The second [...] 
CD74	9606.ENSP00000009530	0.36402877697841723	0.5932926829268294	rgb(229,239,117)	HLA class II histocompatibility antigen gamma chain; Plays a critical role in MHC class II antigen processing by stabilizing peptide-free class II alpha/beta heterodimers in a complex soon after their synthesis and directing transport of the complex from the endoplasmic reticulum to the endosomal/lysosomal system where the antigen processing and binding of antigenic peptides to MHC class II takes place. Serves as cell surface receptor for the cytokine MIF.
CORO1A	9606.ENSP00000219150	0.18030575539568344	0.31135670731707316	rgb(255,0,0)	Coronin-1A; May be a crucial component of the cytoskeleton of highly motile cells, functioning both in the invagination of large pieces of plasma membrane, as well as in forming protrusions of the plasma membrane involved in cell locomotion. In mycobacteria-infected cells, its retention on the phagosomal membrane prevents fusion between phagosomes and lysosomes; Belongs to the WD repeat coronin family.
COX5A	9606.ENSP00000317780	0.14388489208633093	0.37652439024390244	rgb(134,239,117)	Cytochrome c oxidase subunit 5A, mitochondrial; Component of the cytochrome c oxidase, the last enzyme in the mitochondrial electron transport chain which drives oxidative phosphorylation. The respiratory chain contains 3 multisubunit complexes succinate dehydrogenase (complex II, CII), ubiquinol- cytochrome c oxidoreductase (cytochrome b-c1 complex, complex III, CIII) and cytochrome c oxidase (complex IV, CIV), that cooperate to transfer electrons derived from NADH and succinate to molecular oxygen, creating an electrochemical gradient over the inner membrane that drives transmembrane [...] 
DNAJB1	9606.ENSP00000254322	0.7873201438848921	0.3580030487804878	rgb(141,239,117)	DnaJ homolog subfamily B member 1; Interacts with HSP70 and can stimulate its ATPase activity. Stimulates the association between HSC70 and HIP. Negatively regulates heat shock-induced HSF1 transcriptional activity during the attenuation and recovery phase period of the heat shock response. Stimulates ATP hydrolysis and the folding of unfolded proteins mediated by HSPA1A/B (in vitro).
DNAJB9	9606.ENSP00000249356	0.8609712230215828	0.5096036585365854	rgb(117,210,239)	DnaJ homolog subfamily B member 9; Co-chaperone for Hsp70 protein HSPA5/BiP that acts as a key repressor of the ERN1/IRE1-mediated unfolded protein response (UPR) (By similarity). J domain-containing co-chaperones stimulate the ATPase activity of Hsp70 proteins and are required for efficient substrate recognition by Hsp70 proteins. In the unstressed endoplasmic reticulum, interacts with the luminal region of ERN1/IRE1 and selectively recruits HSPA5/BiP: HSPA5/BiP disrupts the dimerization of the active ERN1/IRE1 luminal region, thereby inactivating ERN1/IRE1 (By similarity). Also invol [...] 
DUT	9606.ENSP00000370376	0.30089928057553955	0.1069359756097561	rgb(239,220,117)	Deoxyuridine 5'-triphosphate nucleotidohydrolase, mitochondrial; This enzyme is involved in nucleotide metabolism: it produces dUMP, the immediate precursor of thymidine nucleotides and it decreases the intracellular concentration of dUTP so that uracil cannot be incorporated into DNA.
EIF5A	9606.ENSP00000336702	0.4530575539568345	0.5480182926829269	rgb(117,239,122)	Eukaryotic translation initiation factor 5A-1; mRNA-binding protein involved in translation elongation. Has an important function at the level of mRNA turnover, probably acting downstream of decapping. Involved in actin dynamics and cell cycle progression, mRNA decay and probably in a pathway involved in stress response and maintenance of cell wall integrity. With syntenin SDCBP, functions as a regulator of p53/TP53 and p53/TP53-dependent apoptosis. Regulates also TNF-alpha-mediated apoptosis. Mediates effects of polyamines on neuronal process extension and survival. May play an import [...] 
ENO1	9606.ENSP00000495530	0.3429856115107913	0.45198170731707316	rgb(117,232,239)	Alpha-enolase; Glycolytic enzyme the catalyzes the conversion of 2- phosphoglycerate to phosphoenolpyruvate. In addition to glycolysis, involved in various processes such as growth control, hypoxia tolerance and allergic responses. May also function in the intravascular and pericellular fibrinolytic system due to its ability to serve as a receptor and activator of plasminogen on the cell surface of several cell-types such as leukocytes and neurons. Stimulates immunoglobulin production. Belongs to the enolase family.
GAPDH	9606.ENSP00000380070	0.45386690647482014	0.4135670731707317	rgb(117,239,151)	Glyceraldehyde-3-phosphate dehydrogenase; Has both glyceraldehyde-3-phosphate dehydrogenase and nitrosylase activities, thereby playing a role in glycolysis and nuclear functions, respectively. Participates in nuclear events including transcription, RNA transport, DNA replication and apoptosis. Nuclear functions are probably due to the nitrosylase activity that mediates cysteine S-nitrosylation of nuclear target proteins such as SIRT1, HDAC2 and PRKDC. Modulates the organization and assembly of the cytoskeleton. Facilitates the CHP1-dependent microtubule and membrane associations throu [...] 
H2AX	9606.ENSP00000434024	0.314658273381295	0.3497713414634146	rgb(117,239,195)	Histone H2AX; Variant histone H2A which replaces conventional H2A in a subset of nucleosomes. Nucleosomes wrap and compact DNA into chromatin, limiting DNA accessibility to the cellular machineries which require DNA as a template. Histones thereby play a central role in transcription regulation, DNA repair, DNA replication and chromosomal stability. DNA accessibility is regulated via a complex set of post- translational modifications of histones, also called histone code, and nucleosome remodeling. Required for checkpoint-mediated arrest of cell cycle progression in response to low dos [...] 
H2AZ1	9606.ENSP00000296417	0.47571942446043164	0.176219512195122	rgb(0,178,157)	Histone H2A.Z; Variant histone H2A which replaces conventional H2A in a subset of nucleosomes. Nucleosomes wrap and compact DNA into chromatin, limiting DNA accessibility to the cellular machineries which require DNA as a template. Histones thereby play a central role in transcription regulation, DNA repair, DNA replication and chromosomal stability. DNA accessibility is regulated via a complex set of post- translational modifications of histones, also called histone code, and nucleosome remodeling. May be involved in the formation of constitutive heterochromatin. May be required for c [...] 
H4C6	9606.ENSP00000244537	0.445773381294964	0.2866615853658537	rgb(117,144,239)	Histone H4; Core component of nucleosome. Nucleosomes wrap and compact DNA into chromatin, limiting DNA accessibility to the cellular machineries which require DNA as a template. Histones thereby play a central role in transcription regulation, DNA repair, DNA replication and chromosomal stability. DNA accessibility is regulated via a complex set of post-translational modifications of histones, also called histone code, and nucleosome remodeling.
HERPUD1	9606.ENSP00000409555	0.9095323741007194	0.4746189024390244	rgb(239,198,117)	Homocysteine-responsive endoplasmic reticulum-resident ubiquitin-like domain member 1 protein; Component of the endoplasmic reticulum quality control (ERQC) system also called ER-associated degradation (ERAD) involved in ubiquitin-dependent degradation of misfolded endoplasmic reticulum proteins. Could enhance presenilin-mediated amyloid-beta protein 40 generation. Binds to ubiquilins and this interaction is required for efficient degradation of CD3D via the ERAD pathway.
HLA-A	9606.ENSP00000379873	0.20863309352517984	0.5610518292682928	rgb(117,239,129)	HLA class I histocompatibility antigen, A alpha chain; Antigen-presenting major histocompatibility complex class I (MHCI) molecule. In complex with B2M/beta 2 microglobulin displays primarily viral and tumor-derived peptides on antigen-presenting cells for recognition by alpha-beta T cell receptor (TCR) on HLA-A-restricted CD8-positive T cells, guiding antigen-specific T cell immune response to eliminate infected or transformed cells. May also present self-peptides derived from the signal sequence of secreted or membrane proteins, although T cells specific for these peptides are usuall [...] 
HLA-B	9606.ENSP00000399168	0.25557553956834533	0.7435213414634148	rgb(117,166,239)	HLA class I histocompatibility antigen, B alpha chain; Antigen-presenting major histocompatibility complex class I (MHCI) molecule. In complex with B2M/beta 2 microglobulin displays primarily viral and tumor-derived peptides on antigen-presenting cells for recognition by alpha-beta T cell receptor (TCR) on HLA-B-restricted CD8-positive T cells, guiding antigen-specific T cell immune response to eliminate infected or transformed cells. May also present self-peptides derived from the signal sequence of secreted or membrane proteins, although T cells specific for these peptides are usuall [...] 
HLA-C	9606.ENSP00000365402	0.30008992805755397	0.7339176829268294	rgb(127,239,117)	HLA class I histocompatibility antigen, C alpha chain; Antigen-presenting major histocompatibility complex class I (MHCI) molecule with an important role in reproduction and antiviral immunity. In complex with B2M/beta 2 microglobulin displays a restricted repertoire of self and viral peptides and acts as a dominant ligand for inhibitory and activating killer immunoglobulin receptors (KIRs) expressed on NK cells. In an allogeneic setting, such as during pregnancy, mediates interaction of extravillous trophoblasts with KIR on uterine NK cells and regulate trophoblast invasion necessary  [...] 
HLA-DMA	9606.ENSP00000363976	0.13093525179856114	0.675609756097561	rgb(239,117,117)	HLA class II histocompatibility antigen, DM alpha chain; Plays a critical role in catalyzing the release of class II- associated invariant chain peptide (CLIP) from newly synthesized MHC class II molecules and freeing the peptide binding site for acquisition of antigenic peptides. In B-cells, the interaction between HLA-DM and MHC class II molecules is regulated by HLA-DO.
HLA-DPA1	9606.ENSP00000393566	0.17787769784172663	0.668064024390244	rgb(117,117,239)	HLA class II histocompatibility antigen, DP alpha 1 chain; Binds peptides derived from antigens that access the endocytic route of antigen presenting cells (APC) and presents them on the cell surface for recognition by the CD4 T-cells. The peptide binding cleft accommodates peptides of 10-30 residues. The peptides presented by MHC class II molecules are generated mostly by degradation of proteins that access the endocytic route, where they are processed by lysosomal proteases and other hydrolases. Exogenous antigens that have been endocytosed by the APC are thus readily available for p [...] 
HLA-DPB1	9606.ENSP00000408146	0.10260791366906474	0.6022103658536586	rgb(117,129,239)	HLA class II histocompatibility antigen, DP beta 1 chain; Binds peptides derived from antigens that access the endocytic route of antigen presenting cells (APC) and presents them on the cell surface for recognition by the CD4 T-cells. The peptide binding cleft accommodates peptides of 10-30 residues. The peptides presented by MHC class II molecules are generated mostly by degradation of proteins that access the endocytic route, where they are processed by lysosomal proteases and other hydrolases. Exogenous antigens that have been endocytosed by the APC are thus readily available for pr [...] 
HLA-DQA1	9606.ENSP00000339398	0.1268884892086331	0.6337652439024392	rgb(187,255,101)	Major histocompatibility complex, class II, DQ alpha 1; Belongs to the MHC class II family.
HLA-DQB1	9606.ENSP00000364080	0.22967625899280575	0.7078506097560976	rgb(117,239,166)	HLA class II histocompatibility antigen, DQ beta 1 chain; Binds peptides derived from antigens that access the endocytic route of antigen presenting cells (APC) and presents them on the cell surface for recognition by the CD4 T-cells. The peptide binding cleft accommodates peptides of 10-30 residues. The peptides presented by MHC class II molecules are generated mostly by degradation of proteins that access the endocytic route, where they are processed by lysosomal proteases and other hydrolases. Exogenous antigens that have been endocytosed by the APC are thus readily available for pr [...] 
HLA-DRA	9606.ENSP00000378786	0.15926258992805756	0.55625	rgb(178,171,0)	HLA class II histocompatibility antigen, DR alpha chain; Binds peptides derived from antigens that access the endocytic route of antigen presenting cells (APC) and presents them on the cell surface for recognition by the CD4 T-cells. The peptide binding cleft accommodates peptides of 10-30 residues. The peptides presented by MHC class II molecules are generated mostly by degradation of proteins that access the endocytic route, where they are processed by lysosomal proteases and other hydrolases. Exogenous antigens that have been endocytosed by the APC are thus readily available for pre [...] 
HLA-DRB1	9606.ENSP00000353099	0.28714028776978423	0.6344512195121952	rgb(200,239,117)	HLA class II histocompatibility antigen, DRB1 beta chain; A beta chain of antigen-presenting major histocompatibility complex class II (MHCII) molecule. In complex with the alpha chain HLA- DRA, displays antigenic peptides on professional antigen presenting cells (APCs) for recognition by alpha-beta T cell receptor (TCR) on HLA-DRB1-restricted CD4-positive T cells. This guides antigen-specific T helper effector functions, both antibody-mediated immune response and macrophage activation, to ultimately eliminate the infectious agents and transformed cells. Typically presents extracellula [...] 
HLA-DRB5	9606.ENSP00000364114	0.18192446043165467	0.7222560975609756	rgb(239,234,117)	HLA class II histocompatibility antigen, DR beta 5 chain; Binds peptides derived from antigens that access the endocytic route of antigen presenting cells (APC) and presents them on the cell surface for recognition by the CD4 T-cells. The peptide binding cleft accommodates peptides of 10-30 residues. The peptides presented by MHC class II molecules are generated mostly by degradation of proteins that access the endocytic route, where they are processed by lysosomal proteases and other hydrolases. Exogenous antigens that have been endocytosed by the APC are thus readily available for pr [...] 
HLA-E	9606.ENSP00000365817	0.19892086330935255	0.6015243902439025	rgb(117,202,239)	Soluble HLA class I histocompatibility antigen, alpha chain E; Non-classical major histocompatibility class Ib molecule involved in immune self-nonself discrimination. In complex with B2M/beta-2-microglobulin binds nonamer self-peptides derived from the signal sequence of classical MHC class Ia molecules (VL9 peptides). Peptide-bound HLA- E-B2M heterotrimeric complex primarily functions as a ligand for natural killer (NK) cell inhibitory receptor KLRD1-KLRC1, enabling NK cells to monitor the expression of other MHC class I molecules in healthy cells and to tolerate self. Upon cellular  [...] 
HMGB1	9606.ENSP00000345347	0.5574640287769785	0.4416920731707317	rgb(117,180,239)	High mobility group protein B1; Multifunctional redox sensitive protein with various roles in different cellular compartments. In the nucleus is one of the major chromatin-associated non-histone proteins and acts as a DNA chaperone involved in replication, transcription, chromatin remodeling, V(D)J recombination, DNA repair and genome stability. Proposed to be an universal biosensor for nucleic acids. Promotes host inflammatory response to sterile and infectious signals and is involved in the coordination and integration of innate and adaptive immune responses. In the cytoplasm functio [...] 
HMGB2	9606.ENSP00000296503	0.6060251798561153	0.26745426829268293	rgb(171,239,117)	High mobility group protein B2; Multifunctional protein with various roles in different cellular compartments. May act in a redox sensitive manner. In the nucleus is an abundant chromatin-associated non-histone protein involved in transcription, chromatin remodeling and V(D)J recombination and probably other processes. Binds DNA with a preference to non- canonical DNA structures such as single-stranded DNA. Can bent DNA and enhance DNA flexibility by looping thus providing a mechanism to promote activities on various gene promoters by enhancing transcription factor binding and/or bring [...] 
HMGN2	9606.ENSP00000355228	0.5145683453237411	0.4135670731707317	rgb(239,212,117)	Non-histone chromosomal protein HMG-17; Binds to the inner side of the nucleosomal DNA thus altering the interaction between the DNA and the histone octamer. May be involved in the process which maintains transcribable genes in a unique chromatin conformation (By similarity).
HSPA1A	9606.ENSP00000364802	0.65863309352518	0.3778963414634146	rgb(14,178,0)	Heat shock protein family A member 1A.
HSPA1B	9606.ENSP00000364801	0.5817446043165468	0.3868140243902439	rgb(222,239,117)	Heat shock 70 kDa protein 1A; Molecular chaperone implicated in a wide variety of cellular processes, including protection of the proteome from stress, folding and transport of newly synthesized polypeptides, activation of proteolysis of misfolded proteins and the formation and dissociation of protein complexes. Plays a pivotal role in the protein quality control system, ensuring the correct folding of proteins, the re-folding of misfolded proteins and controlling the targeting of proteins for subsequent degradation. This is achieved through cycles of ATP binding, ATP hydrolysis and AD [...] 
JUNB	9606.ENSP00000303315	0.5388489208633094	0.8045731707317073	rgb(149,239,117)	Transcription factor jun-B; Transcription factor involved in regulating gene activity following the primary growth factor response. Binds to the DNA sequence 5'-TGA[CG]TCA-3'; Belongs to the bZIP family. Jun subfamily.
LSM4	9606.ENSP00000469468	0.7152877697841726	0.2160060975609756	rgb(207,239,117)	U6 snRNA-associated Sm-like protein LSm4; Plays role in pre-mRNA splicing as component of the U4/U6-U5 tri-snRNP complex that is involved in spliceosome assembly, and as component of the precatalytic spliceosome (spliceosome B complex). The heptameric LSM2-8 complex binds specifically to the 3'-terminal U-tract of U6 snRNA.
MT1E	9606.ENSP00000328137	0.5857913669064748	0.6893292682926829	rgb(193,239,117)	Metallothionein; Metallothioneins have a high content of cysteine residues that bind various heavy metals.
MT1F	9606.ENSP00000334872	0.6319244604316547	0.7551829268292684	rgb(101,255,163)	Metallothionein-1F; Metallothioneins have a high content of cysteine residues that bind various heavy metals; these proteins are transcriptionally regulated by both heavy metals and glucocorticoids; Belongs to the metallothionein superfamily. Type 1 family.
MT1X	9606.ENSP00000377995	0.568794964028777	0.7785060975609757	rgb(239,139,117)	Metallothionein-1X; Metallothioneins have a high content of cysteine residues that bind various heavy metals; these proteins are transcriptionally regulated by both heavy metals and glucocorticoids. May be involved in FAM168A anti-apoptotic signaling.
MT2A	9606.ENSP00000245185	0.5169964028776979	0.7153963414634147	rgb(239,131,117)	Metallothionein-2; Metallothioneins have a high content of cysteine residues that bind various heavy metals; these proteins are transcriptionally regulated by both heavy metals and glucocorticoids; Belongs to the metallothionein superfamily. Type 1 family.
NHP2	9606.ENSP00000274606	0.65863309352518	0.4355182926829268	rgb(239,161,117)	H/ACA ribonucleoprotein complex subunit 2; Required for ribosome biogenesis and telomere maintenance. Part of the H/ACA small nucleolar ribonucleoprotein (H/ACA snoRNP) complex, which catalyzes pseudouridylation of rRNA. This involves the isomerization of uridine such that the ribose is subsequently attached to C5, instead of the normal N1. Each rRNA can contain up to 100 pseudouridine ('psi') residues, which may serve to stabilize the conformation of rRNAs. May also be required for correct processing or intranuclear trafficking of TERC, the RNA component of the telomerase reverse tran [...] 
NKG7	9606.ENSP00000221978	0.0848021582733813	0.4917682926829268	rgb(117,239,225)	Protein NKG7; Natural killer cell granule protein 7; Belongs to the PMP-22/EMP/MP20 family.
NR4A2	9606.ENSP00000344479	0.5768884892086332	0.8923780487804879	rgb(117,158,239)	Nuclear receptor subfamily 4 group A member 2; Transcriptional regulator which is important for the differentiation and maintenance of meso-diencephalic dopaminergic (mdDA) neurons during development. It is crucial for expression of a set of genes such as SLC6A3, SLC18A2, TH and DRD2 which are essential for development of mdDA neurons (By similarity); Belongs to the nuclear hormone receptor family. NR4 subfamily.
PFN1	9606.ENSP00000225655	0.343794964028777	0.29557926829268294	rgb(239,168,117)	Profilin-1; Binds to actin and affects the structure of the cytoskeleton. At high concentrations, profilin prevents the polymerization of actin, whereas it enhances it at low concentrations. By binding to PIP2, it inhibits the formation of IP3 and DG. Inhibits androgen receptor (AR) and HTT aggregation and binding of G-actin is essential for its inhibition of AR.
PKM	9606.ENSP00000320171	0.42634892086330933	0.4759908536585366	rgb(239,190,117)	Pyruvate kinase PKM; Glycolytic enzyme that catalyzes the transfer of a phosphoryl group from phosphoenolpyruvate (PEP) to ADP, generating ATP. Stimulates POU5F1-mediated transcriptional activation. Plays a general role in caspase independent cell death of tumor cells. The ratio between the highly active tetrameric form and nearly inactive dimeric form determines whether glucose carbons are channeled to biosynthetic processes or used for glycolytic ATP production. The transition between the 2 forms contributes to the control of glycolysis and is important for tumor cell proliferation a [...] 
RANBP1	9606.ENSP00000401564	0.8569244604316547	0.3580030487804878	rgb(0,28,178)	Ran-specific GTPase-activating protein; Plays a role in RAN-dependent nucleocytoplasmic transport. Alleviates the TNPO1-dependent inhibition of RAN GTPase activity and mediates the dissociation of RAN from proteins involved in transport into the nucleus (By similarity). Induces a conformation change in the complex formed by XPO1 and RAN that triggers the release of the nuclear export signal of cargo proteins. Promotes the disassembly of the complex formed by RAN and importin beta. Promotes dissociation of RAN from a complex with KPNA2 and CSE1L (By similarity). Required for normal mito [...] 
RBM3	9606.ENSP00000365950	0.7201438848920865	0.3003810975609756	rgb(117,188,239)	RNA-binding protein 3; Cold-inducible mRNA binding protein that enhances global protein synthesis at both physiological and mild hypothermic temperatures. Reduces the relative abundance of microRNAs, when overexpressed. Enhances phosphorylation of translation initiation factors and active polysome formation (By similarity).
RPL13A	9606.ENSP00000375730	0.4991906474820144	0.5473323170731708	rgb(117,239,173)	60S ribosomal protein L13a; Associated with ribosomes but is not required for canonical ribosome function and has extra-ribosomal functions. Component of the GAIT (gamma interferon-activated inhibitor of translation) complex which mediates interferon-gamma-induced transcript-selective translation inhibition in inflammation processes. Upon interferon-gamma activation and subsequent phosphorylation dissociates from the ribosome and assembles into the GAIT complex which binds to stem loop-containing GAIT elements in the 3'-UTR of diverse inflammatory mRNAs (such as ceruplasmin) and suppre [...] 
RPL26	9606.ENSP00000463784	0.5437050359712231	0.5473323170731708	rgb(215,239,117)	60S ribosomal protein L26; Component of the large ribosomal subunit.
RPL36A	9606.ENSP00000404375	0.6311151079136691	0.5603658536585366	rgb(239,176,117)	Ribosomal protein L36a.
RPL4	9606.ENSP00000311430	0.6011690647482014	0.4814786585365854	rgb(239,124,117)	Ribosomal protein L4.
RPL41	9606.ENSP00000449026	0.7492805755395685	0.6152439024390245	rgb(239,183,117)	Ribosomal protein L41.
RPLP0	9606.ENSP00000449328	0.5615107913669065	0.47530487804878047	rgb(117,117,239)	60S acidic ribosomal protein P0; Ribosomal protein P0 is the functional equivalent of E.coli protein L10.
RPS17	9606.ENSP00000498019	0.5623201438848922	0.6262195121951221	rgb(101,199,255)	Ribosomal protein S17.
RPS2	9606.ENSP00000341885	0.5267086330935252	0.4711890243902439	rgb(239,205,117)	Ribosomal protein S2.
RPS27	9606.ENSP00000499044	0.6780575539568345	0.5672256097560976	rgb(117,239,210)	40S ribosomal protein S27; Component of the small ribosomal subunit. Required for proper rRNA processing and maturation of 18S rRNAs ; Belongs to the eukaryotic ribosomal protein eS27 family.
RPS29	9606.ENSP00000379339	0.5890287769784174	0.5857469512195123	rgb(117,117,239)	Ribosomal protein S29.
RPSA	9606.ENSP00000389351	0.5866007194244605	0.5192073170731708	rgb(156,239,117)	40S ribosomal protein SA; Required for the assembly and/or stability of the 40S ribosomal subunit. Required for the processing of the 20S rRNA- precursor to mature 18S rRNA in a late step of the maturation of 40S ribosomal subunits. Also functions as a cell surface receptor for laminin. Plays a role in cell adhesion to the basement membrane and in the consequent activation of signaling transduction pathways. May play a role in cell fate determination and tissue morphogenesis. Acts as a PPP1R16B-dependent substrate of PPP1CA. (Microbial infection) Acts as a receptor for the Dengue virus [...] 
S100A4	9606.ENSP00000357704	0.23534172661870506	0.2427591463414634	rgb(163,239,117)	S100 calcium binding protein A4.
S100A6	9606.ENSP00000357709	0.32194244604316546	0.24413109756097562	rgb(255,175,101)	Protein S100-A6; May function as calcium sensor and modulator, contributing to cellular calcium signaling. May function by interacting with other proteins, such as TPR-containing proteins, and indirectly play a role in many physiological processes such as the reorganization of the actin cytoskeleton and in cell motility. Binds 2 calcium ions. Calcium binding is cooperative.
SET	9606.ENSP00000361777	0.48866906474820143	0.21737804878048783	rgb(117,239,188)	Protein SET; Multitasking protein, involved in apoptosis, transcription, nucleosome assembly and histone chaperoning. Isoform 2 anti-apoptotic activity is mediated by inhibition of the GZMA-activated DNase, NME1. In the course of cytotoxic T-lymphocyte (CTL)-induced apoptosis, GZMA cleaves SET, disrupting its binding to NME1 and releasing NME1 inhibition. Isoform 1 and isoform 2 are potent inhibitors of protein phosphatase 2A. Isoform 1 and isoform 2 inhibit EP300/CREBBP and PCAF- mediated acetylation of histones (HAT) and nucleosomes, most probably by masking the accessibility of lysi [...] 
SLC2A3	9606.ENSP00000075120	0.20539568345323744	0.41288109756097563	rgb(117,239,144)	Solute carrier family 2, facilitated glucose transporter member 3; Facilitative glucose transporter that can also mediate the uptake of various other monosaccharides across the cell membrane. Mediates the uptake of glucose, 2- deoxyglucose, galactose, mannose, xylose and fucose, and probably also dehydroascorbate. Does not mediate fructose transport. Belongs to the major facilitator superfamily. Sugar transporter (TC 2.A.1.1) family. Glucose transporter subfamily.
SMC4	9606.ENSP00000341382	0.33084532374100717	0.20160060975609756	rgb(117,239,136)	Structural maintenance of chromosomes protein 4; Central component of the condensin complex, a complex required for conversion of interphase chromatin into mitotic-like condense chromosomes. The condensin complex probably introduces positive supercoils into relaxed DNA in the presence of type I topoisomerases and converts nicked DNA into positive knotted forms in the presence of type II topoisomerases.
SNRPF	9606.ENSP00000266735	0.6683453237410072	0.2427591463414634	rgb(239,154,117)	Small nuclear ribonucleoprotein F; Plays role in pre-mRNA splicing as core component of the SMN- Sm complex that mediates spliceosomal snRNP assembly and as component of the spliceosomal U1, U2, U4 and U5 small nuclear ribonucleoproteins (snRNPs), the building blocks of the spliceosome. Component of both the pre-catalytic spliceosome B complex and activated spliceosome C complexes. Is also a component of the minor U12 spliceosome. As part of the U7 snRNP it is involved in histone 3'-end processing.
SSR4	9606.ENSP00000317331	0.8132194244604317	0.7634146341463416	rgb(237,239,117)	Translocon-associated protein subunit delta; TRAP proteins are part of a complex whose function is to bind calcium to the ER membrane and thereby regulate the retention of ER resident proteins; Belongs to the TRAP-delta family.
STMN1	9606.ENSP00000410452	0.39559352517985613	0.1871951219512195	rgb(117,151,239)	Stathmin; Involved in the regulation of the microtubule (MT) filament system by destabilizing microtubules. Prevents assembly and promotes disassembly of microtubules. Phosphorylation at Ser-16 may be required for axon formation during neurogenesis. Involved in the control of the learned and innate fear (By similarity); Belongs to the stathmin family.
TMPO	9606.ENSP00000266732	0.27095323741007193	0.19131097560975613	rgb(239,146,117)	Lamina-associated polypeptide 2, isoform alpha; May be involved in the structural organization of the nucleus and in the post-mitotic nuclear assembly. Plays an important role, together with LMNA, in the nuclear anchorage of RB1.
TMSB10	9606.ENSP00000233143	0.2329136690647482	0.3552591463414634	rgb(117,136,239)	Thymosin beta-10; Plays an important role in the organization of the cytoskeleton. Binds to and sequesters actin monomers (G actin) and therefore inhibits actin polymerization (By similarity); Belongs to the thymosin beta family.
TNFAIP3	9606.ENSP00000481570	0.4028776978417266	0.8155487804878049	rgb(117,173,239)	Tumor necrosis factor alpha-induced protein 3; Ubiquitin-editing enzyme that contains both ubiquitin ligase and deubiquitinase activities. Involved in immune and inflammatory responses signaled by cytokines, such as TNF-alpha and IL-1 beta, or pathogens via Toll-like receptors (TLRs) through terminating NF-kappa-B activity. Essential component of a ubiquitin-editing protein complex, comprising also RNF11, ITCH and TAX1BP1, that ensures the transient nature of inflammatory signaling pathways. In cooperation with TAX1BP1 promotes disassembly of E2-E3 ubiquitin protein ligase complexes in [...] 
TNFRSF18	9606.ENSP00000328207	0.17706834532374105	0.9191310975609757	rgb(117,217,239)	Tumor necrosis factor receptor superfamily member 18; Receptor for TNFSF18. Seems to be involved in interactions between activated T-lymphocytes and endothelial cells and in the regulation of T-cell receptor-mediated cell death. Mediated NF-kappa-B activation via the TRAF2/NIK pathway.
TNFRSF4	9606.ENSP00000368538	0.14712230215827338	0.8505335365853659	rgb(239,227,117)	Tumor necrosis factor receptor superfamily member 4; Receptor for TNFSF4/OX40L/GP34. Is a costimulatory molecule implicated in long-term T-cell immunity.
TUBA1B	9606.ENSP00000336799	0.38669064748201437	0.31067073170731707	rgb(117,239,239)	Detyrosinated tubulin alpha-1B chain; Tubulin is the major constituent of microtubules. It binds two moles of GTP, one at an exchangeable site on the beta chain and one at a non-exchangeable site on the alpha chain.
TUBB	9606.ENSP00000339001	0.38669064748201437	0.3902439024390244	rgb(117,225,239)	Tubulin beta chain; Tubulin is the major constituent of microtubules. It binds two moles of GTP, one at an exchangeable site on the beta chain and one at a non-exchangeable site on the alpha chain.
XBP1	9606.ENSP00000216037	0.7339028776978418	0.4945121951219512	rgb(117,239,202)	X-box-binding protein 1, cytoplasmic form; Functions as a transcription factor during endoplasmic reticulum (ER) stress by regulating the unfolded protein response (UPR). Required for cardiac myogenesis and hepatogenesis during embryonic development, and the development of secretory tissues such as exocrine pancreas and salivary gland (By similarity). Involved in terminal differentiation of B lymphocytes to plasma cells and production of immunoglobulins. Modulates the cellular response to ER stress in a PIK3R-dependent manner. Binds to the cis-acting X box present in the promoter regio [...] 
YBX1	9606.ENSP00000361626	0.69181654676259	0.4677591463414634	rgb(185,239,117)	Y-box-binding protein 1; DNA- and RNA-binding protein involved in various processes, such as translational repression, RNA stabilization, mRNA splicing, DNA repair and transcription regulation. Predominantly acts as a RNA-binding protein: binds preferentially to the 5'-[CU]CUGCG-3' RNA motif and specifically recognizes mRNA transcripts modified by C5-methylcytosine (m5C). Promotes mRNA stabilization: acts by binding to m5C- containing mRNAs and recruiting the mRNA stability maintainer ELAVL1, thereby preventing mRNA decay. Component of the CRD-mediated complex that promotes MYC mRNA st [...] 
ZFP36	9606.ENSP00000471239	0.6238309352517987	0.7112804878048781	rgb(117,195,239)	mRNA decay activator protein ZFP36; Zinc-finger RNA-binding protein that destabilizes several cytoplasmic AU-rich element (ARE)-containing mRNA transcripts by promoting their poly(A) tail removal or deadenylation, and hence provide a mechanism for attenuating protein synthesis. Acts as an 3'- untranslated region (UTR) ARE mRNA-binding adapter protein to communicate signaling events to the mRNA decay machinery. Recruits deadenylase CNOT7 (and probably the CCR4-NOT complex) via association with CNOT1, and hence promotes ARE-mediated mRNA deadenylation. Functions also by recruiting compon [...] 
