Run ID,Epoch,BCE_Loss,KL_Loss,Total_Loss
479eea02-14bb-4e41-8933-4a2e9022b2ec,0,0.6964804530143738,0.2408093512058258,1.057694435119629
479eea02-14bb-4e41-8933-4a2e9022b2ec,1,0.6955333352088928,0.16364505887031555,0.9410009384155273
479eea02-14bb-4e41-8933-4a2e9022b2ec,2,0.695202112197876,0.14428503811359406,0.9116296768188477
479eea02-14bb-4e41-8933-4a2e9022b2ec,3,0.6951313614845276,0.13656161725521088,0.8999737501144409
479eea02-14bb-4e41-8933-4a2e9022b2ec,4,0.6946370005607605,0.13107864558696747,0.8912549614906311
479eea02-14bb-4e41-8933-4a2e9022b2ec,5,0.6941962242126465,0.12513171136379242,0.8818937540054321
479eea02-14bb-4e41-8933-4a2e9022b2ec,6,0.69361412525177,0.1235891804099083,0.8789979219436646
479eea02-14bb-4e41-8933-4a2e9022b2ec,7,0.6928650736808777,0.12070291489362717,0.8739194273948669
479eea02-14bb-4e41-8933-4a2e9022b2ec,8,0.6928669810295105,0.11450522392988205,0.8646247982978821
479eea02-14bb-4e41-8933-4a2e9022b2ec,9,0.6921994090080261,0.10989823937416077,0.8570467829704285
479eea02-14bb-4e41-8933-4a2e9022b2ec,10,0.6916881203651428,0.1066347062587738,0.8516401648521423
479eea02-14bb-4e41-8933-4a2e9022b2ec,11,0.691234290599823,0.10309608280658722,0.8458784222602844
479eea02-14bb-4e41-8933-4a2e9022b2ec,12,0.6909610629081726,0.10002704709768295,0.8410016298294067
479eea02-14bb-4e41-8933-4a2e9022b2ec,13,0.6912850141525269,0.09752161055803299,0.8375674486160278
479eea02-14bb-4e41-8933-4a2e9022b2ec,14,0.6899282932281494,0.09491094946861267,0.8322947025299072
479eea02-14bb-4e41-8933-4a2e9022b2ec,15,0.6902351379394531,0.0915202721953392,0.8275155425071716
479eea02-14bb-4e41-8933-4a2e9022b2ec,16,0.689582347869873,0.08781082183122635,0.8212985992431641
479eea02-14bb-4e41-8933-4a2e9022b2ec,17,0.6893662214279175,0.08447807282209396,0.8160833120346069
479eea02-14bb-4e41-8933-4a2e9022b2ec,18,0.6885942220687866,0.08182871341705322,0.8113372921943665
479eea02-14bb-4e41-8933-4a2e9022b2ec,19,0.688772976398468,0.07950129359960556,0.8080248832702637
479eea02-14bb-4e41-8933-4a2e9022b2ec,20,0.6881545186042786,0.07691466808319092,0.8035265207290649
479eea02-14bb-4e41-8933-4a2e9022b2ec,21,0.687857985496521,0.07401952892541885,0.7988872528076172
479eea02-14bb-4e41-8933-4a2e9022b2ec,22,0.6868414878845215,0.0710761621594429,0.7934557199478149
479eea02-14bb-4e41-8933-4a2e9022b2ec,23,0.6880013942718506,0.06831196695566177,0.7904693484306335
479eea02-14bb-4e41-8933-4a2e9022b2ec,24,0.6860289573669434,0.06569736450910568,0.7845749855041504
479eea02-14bb-4e41-8933-4a2e9022b2ec,25,0.6851716637611389,0.06305574625730515,0.7797552943229675
479eea02-14bb-4e41-8933-4a2e9022b2ec,26,0.6868457794189453,0.060381483286619186,0.7774180173873901
479eea02-14bb-4e41-8933-4a2e9022b2ec,27,0.6854267716407776,0.057735200971364975,0.7720295786857605
479eea02-14bb-4e41-8933-4a2e9022b2ec,28,0.686187207698822,0.055151116102933884,0.7689138650894165
479eea02-14bb-4e41-8933-4a2e9022b2ec,29,0.6846342086791992,0.05261964723467827,0.7635636925697327
479eea02-14bb-4e41-8933-4a2e9022b2ec,30,0.6853338479995728,0.05015377700328827,0.7605645060539246
479eea02-14bb-4e41-8933-4a2e9022b2ec,31,0.6839767694473267,0.047724127769470215,0.755562961101532
479eea02-14bb-4e41-8933-4a2e9022b2ec,32,0.6841816902160645,0.045395590364933014,0.7522751092910767
479eea02-14bb-4e41-8933-4a2e9022b2ec,33,0.6832748055458069,0.04315582662820816,0.7480085492134094
479eea02-14bb-4e41-8933-4a2e9022b2ec,34,0.6843724250793457,0.0408659465610981,0.7456713318824768
479eea02-14bb-4e41-8933-4a2e9022b2ec,35,0.6834880709648132,0.038626641035079956,0.741428017616272
479eea02-14bb-4e41-8933-4a2e9022b2ec,36,0.6832233667373657,0.03639635816216469,0.7378178834915161
479eea02-14bb-4e41-8933-4a2e9022b2ec,37,0.6819524765014648,0.034298986196517944,0.7334009408950806
479eea02-14bb-4e41-8933-4a2e9022b2ec,38,0.6845691800117493,0.03236309066414833,0.7331138253211975
479eea02-14bb-4e41-8933-4a2e9022b2ec,39,0.6820072531700134,0.03056546300649643,0.7278554439544678
479eea02-14bb-4e41-8933-4a2e9022b2ec,40,0.6824439167976379,0.028720660135149956,0.72552490234375
479eea02-14bb-4e41-8933-4a2e9022b2ec,41,0.6840059161186218,0.026920871809124947,0.7243872284889221
479eea02-14bb-4e41-8933-4a2e9022b2ec,42,0.6819841861724854,0.025190336629748344,0.7197697162628174
479eea02-14bb-4e41-8933-4a2e9022b2ec,43,0.6839748620986938,0.02356673590838909,0.7193249464035034
479eea02-14bb-4e41-8933-4a2e9022b2ec,44,0.6826041340827942,0.02198672667145729,0.7155842185020447
479eea02-14bb-4e41-8933-4a2e9022b2ec,45,0.6803390383720398,0.02049599401652813,0.7110830545425415
479eea02-14bb-4e41-8933-4a2e9022b2ec,46,0.6808838844299316,0.019072897732257843,0.7094932198524475
479eea02-14bb-4e41-8933-4a2e9022b2ec,47,0.6822929382324219,0.017777228727936745,0.7089588046073914
479eea02-14bb-4e41-8933-4a2e9022b2ec,48,0.6813405752182007,0.016535811126232147,0.7061442732810974
479eea02-14bb-4e41-8933-4a2e9022b2ec,49,0.6793949007987976,0.015328052453696728,0.7023869752883911
479eea02-14bb-4e41-8933-4a2e9022b2ec,50,0.6813201308250427,0.014215007424354553,0.7026426196098328
479eea02-14bb-4e41-8933-4a2e9022b2ec,51,0.680275559425354,0.013190858997404575,0.7000618577003479
479eea02-14bb-4e41-8933-4a2e9022b2ec,52,0.680450975894928,0.012241643853485584,0.6988134384155273
479eea02-14bb-4e41-8933-4a2e9022b2ec,53,0.6804789900779724,0.011316305957734585,0.6974534392356873
479eea02-14bb-4e41-8933-4a2e9022b2ec,54,0.6792524456977844,0.010504486039280891,0.695009171962738
479eea02-14bb-4e41-8933-4a2e9022b2ec,55,0.6814178824424744,0.009687121026217937,0.6959485411643982
479eea02-14bb-4e41-8933-4a2e9022b2ec,56,0.6792343854904175,0.00896167941391468,0.6926769018173218
479eea02-14bb-4e41-8933-4a2e9022b2ec,57,0.6791350841522217,0.008281213231384754,0.6915569305419922
479eea02-14bb-4e41-8933-4a2e9022b2ec,58,0.6806672215461731,0.0076408181339502335,0.6921284198760986
479eea02-14bb-4e41-8933-4a2e9022b2ec,59,0.6821849942207336,0.0070642088539898396,0.6927813291549683
479eea02-14bb-4e41-8933-4a2e9022b2ec,60,0.6789872050285339,0.006531487684696913,0.6887844204902649
479eea02-14bb-4e41-8933-4a2e9022b2ec,61,0.6809970140457153,0.006059268023818731,0.6900858879089355
479eea02-14bb-4e41-8933-4a2e9022b2ec,62,0.6774308085441589,0.005536376032978296,0.6857353448867798
479eea02-14bb-4e41-8933-4a2e9022b2ec,63,0.6791278123855591,0.0051325284875929356,0.6868265867233276
479eea02-14bb-4e41-8933-4a2e9022b2ec,64,0.677743136882782,0.004698011092841625,0.6847901344299316
479eea02-14bb-4e41-8933-4a2e9022b2ec,65,0.6771603226661682,0.004361689556390047,0.6837028861045837
479eea02-14bb-4e41-8933-4a2e9022b2ec,66,0.6778367161750793,0.004022299777716398,0.6838701367378235
479eea02-14bb-4e41-8933-4a2e9022b2ec,67,0.6784237623214722,0.003715451341122389,0.6839969158172607
479eea02-14bb-4e41-8933-4a2e9022b2ec,68,0.6778294444084167,0.003374579129740596,0.682891309261322
479eea02-14bb-4e41-8933-4a2e9022b2ec,69,0.6779173612594604,0.003079095622524619,0.6825360059738159
479eea02-14bb-4e41-8933-4a2e9022b2ec,70,0.6773543953895569,0.002788685727864504,0.6815374493598938
479eea02-14bb-4e41-8933-4a2e9022b2ec,71,0.6782297492027283,0.0025522704236209393,0.6820581555366516
479eea02-14bb-4e41-8933-4a2e9022b2ec,72,0.678918182849884,0.0023461703676730394,0.6824374198913574
479eea02-14bb-4e41-8933-4a2e9022b2ec,73,0.6781001091003418,0.0021381364203989506,0.681307315826416
479eea02-14bb-4e41-8933-4a2e9022b2ec,74,0.6746180057525635,0.0019359776051715016,0.6775219440460205
479eea02-14bb-4e41-8933-4a2e9022b2ec,75,0.6756872534751892,0.0017396213952451944,0.678296685218811
479eea02-14bb-4e41-8933-4a2e9022b2ec,76,0.6756428480148315,0.0016139615327119827,0.6780638098716736
479eea02-14bb-4e41-8933-4a2e9022b2ec,77,0.6756402254104614,0.0014834626344963908,0.6778654456138611
479eea02-14bb-4e41-8933-4a2e9022b2ec,78,0.6768221259117126,0.0013804992195218801,0.6788928508758545
479eea02-14bb-4e41-8933-4a2e9022b2ec,79,0.6769974231719971,0.0012327681761234999,0.6788465976715088
479eea02-14bb-4e41-8933-4a2e9022b2ec,80,0.6733922362327576,0.0010948433773592114,0.6750345230102539
479eea02-14bb-4e41-8933-4a2e9022b2ec,81,0.6756340265274048,0.0009649874409660697,0.6770815253257751
479eea02-14bb-4e41-8933-4a2e9022b2ec,82,0.6725372672080994,0.0009147563832812011,0.6739094257354736
479eea02-14bb-4e41-8933-4a2e9022b2ec,83,0.6733243465423584,0.0008570914505980909,0.6746099591255188
479eea02-14bb-4e41-8933-4a2e9022b2ec,84,0.674170196056366,0.000777525594457984,0.675336480140686
479eea02-14bb-4e41-8933-4a2e9022b2ec,85,0.6732550263404846,0.0006874590180814266,0.6742861866950989
479eea02-14bb-4e41-8933-4a2e9022b2ec,86,0.6738225221633911,0.0006415328243747354,0.6747848391532898
479eea02-14bb-4e41-8933-4a2e9022b2ec,87,0.6747516989707947,0.00058259122306481,0.6756255626678467
479eea02-14bb-4e41-8933-4a2e9022b2ec,88,0.6724767684936523,0.0005632972461171448,0.6733217239379883
479eea02-14bb-4e41-8933-4a2e9022b2ec,89,0.6716298460960388,0.0005704862996935844,0.6724855899810791
479eea02-14bb-4e41-8933-4a2e9022b2ec,90,0.6736099720001221,0.0005138502456247807,0.6743807196617126
479eea02-14bb-4e41-8933-4a2e9022b2ec,91,0.6732110977172852,0.0004858861502725631,0.6739399433135986
479eea02-14bb-4e41-8933-4a2e9022b2ec,92,0.6737560033798218,0.0004435253795236349,0.6744213104248047
479eea02-14bb-4e41-8933-4a2e9022b2ec,93,0.6707841157913208,0.0004409145622048527,0.6714454889297485
479eea02-14bb-4e41-8933-4a2e9022b2ec,94,0.6756421327590942,0.0004119940858799964,0.6762601137161255
479eea02-14bb-4e41-8933-4a2e9022b2ec,95,0.669508695602417,0.00039021391421556473,0.6700940132141113
479eea02-14bb-4e41-8933-4a2e9022b2ec,96,0.6699048280715942,0.000388434185879305,0.6704874634742737
479eea02-14bb-4e41-8933-4a2e9022b2ec,97,0.6740398406982422,0.00036810440360568464,0.6745920181274414
479eea02-14bb-4e41-8933-4a2e9022b2ec,98,0.6693902015686035,0.0003593376313801855,0.6699292063713074
479eea02-14bb-4e41-8933-4a2e9022b2ec,99,0.6700727343559265,0.0003727336006704718,0.6706318259239197
479eea02-14bb-4e41-8933-4a2e9022b2ec,100,0.6704252362251282,0.00038926280103623867,0.6710091233253479
479eea02-14bb-4e41-8933-4a2e9022b2ec,101,0.6699159145355225,0.0003734435304068029,0.6704760789871216
479eea02-14bb-4e41-8933-4a2e9022b2ec,102,0.6673673987388611,0.00036844678106717765,0.6679200530052185
479eea02-14bb-4e41-8933-4a2e9022b2ec,103,0.6694251298904419,0.0003325497964397073,0.6699239611625671
479eea02-14bb-4e41-8933-4a2e9022b2ec,104,0.6689257621765137,0.00033307637204416096,0.669425368309021
479eea02-14bb-4e41-8933-4a2e9022b2ec,105,0.6685118675231934,0.00034223776310682297,0.6690252423286438
479eea02-14bb-4e41-8933-4a2e9022b2ec,106,0.6699674129486084,0.000345724169164896,0.6704859733581543
479eea02-14bb-4e41-8933-4a2e9022b2ec,107,0.670947253704071,0.00035713487886823714,0.6714829802513123
479eea02-14bb-4e41-8933-4a2e9022b2ec,108,0.665716290473938,0.0003503042971715331,0.6662417650222778
479eea02-14bb-4e41-8933-4a2e9022b2ec,109,0.6703133583068848,0.0003322800330352038,0.6708117723464966
479eea02-14bb-4e41-8933-4a2e9022b2ec,110,0.6681860685348511,0.00033749843714758754,0.6686922907829285
479eea02-14bb-4e41-8933-4a2e9022b2ec,111,0.6674013733863831,0.00032800150802358985,0.6678933501243591
479eea02-14bb-4e41-8933-4a2e9022b2ec,112,0.6654907464981079,0.0003752646443899721,0.6660536527633667
479eea02-14bb-4e41-8933-4a2e9022b2ec,113,0.6661688685417175,0.00039487515459768474,0.6667611598968506
479eea02-14bb-4e41-8933-4a2e9022b2ec,114,0.6667008996009827,0.00036668736720457673,0.66725093126297
479eea02-14bb-4e41-8933-4a2e9022b2ec,115,0.6683320999145508,0.00032860581995919347,0.6688250303268433
479eea02-14bb-4e41-8933-4a2e9022b2ec,116,0.6690441370010376,0.00034594666794873774,0.6695630550384521
479eea02-14bb-4e41-8933-4a2e9022b2ec,117,0.6681519746780396,0.00037468515802174807,0.6687139868736267
479eea02-14bb-4e41-8933-4a2e9022b2ec,118,0.6649644374847412,0.00038825435331091285,0.6655468344688416
479eea02-14bb-4e41-8933-4a2e9022b2ec,119,0.6673072576522827,0.00032751928665675223,0.6677985191345215
479eea02-14bb-4e41-8933-4a2e9022b2ec,120,0.6656336784362793,0.00030934877577237785,0.6660977005958557
479eea02-14bb-4e41-8933-4a2e9022b2ec,121,0.6647132635116577,0.00034733963548205793,0.6652342677116394
479eea02-14bb-4e41-8933-4a2e9022b2ec,122,0.6665605902671814,0.0004574080230668187,0.6672466993331909
479eea02-14bb-4e41-8933-4a2e9022b2ec,123,0.6643028259277344,0.00039875178481452167,0.6649009585380554
479eea02-14bb-4e41-8933-4a2e9022b2ec,124,0.665177583694458,0.00033326976699754596,0.6656774878501892
479eea02-14bb-4e41-8933-4a2e9022b2ec,125,0.6658609509468079,0.0003349611070007086,0.6663634181022644
479eea02-14bb-4e41-8933-4a2e9022b2ec,126,0.6620990037918091,0.00038259642315097153,0.6626728773117065
479eea02-14bb-4e41-8933-4a2e9022b2ec,127,0.6635406017303467,0.00041649563354440033,0.6641653180122375
479eea02-14bb-4e41-8933-4a2e9022b2ec,128,0.6639817357063293,0.00040655172779224813,0.6645915508270264
479eea02-14bb-4e41-8933-4a2e9022b2ec,129,0.6620211005210876,0.0003541483310982585,0.6625522971153259
479eea02-14bb-4e41-8933-4a2e9022b2ec,130,0.6618876457214355,0.00033873756183311343,0.6623957753181458
479eea02-14bb-4e41-8933-4a2e9022b2ec,131,0.6632152795791626,0.00038869224954396486,0.6637983322143555
479eea02-14bb-4e41-8933-4a2e9022b2ec,132,0.6617578864097595,0.0003907904028892517,0.6623440980911255
479eea02-14bb-4e41-8933-4a2e9022b2ec,133,0.6629928350448608,0.0004115959454793483,0.6636102199554443
479eea02-14bb-4e41-8933-4a2e9022b2ec,134,0.662316620349884,0.00038560701068490744,0.6628950238227844
479eea02-14bb-4e41-8933-4a2e9022b2ec,135,0.6637474298477173,0.00037760339910164475,0.6643138527870178
479eea02-14bb-4e41-8933-4a2e9022b2ec,136,0.6589478850364685,0.0003825555322691798,0.6595216989517212
479eea02-14bb-4e41-8933-4a2e9022b2ec,137,0.6607329845428467,0.00038372105336748064,0.6613085865974426
479eea02-14bb-4e41-8933-4a2e9022b2ec,138,0.6645717024803162,0.00037388253258541226,0.6651325225830078
479eea02-14bb-4e41-8933-4a2e9022b2ec,139,0.6605398654937744,0.00039704758091829717,0.6611354351043701
479eea02-14bb-4e41-8933-4a2e9022b2ec,140,0.6612039804458618,0.00042163528269156814,0.6618364453315735
479eea02-14bb-4e41-8933-4a2e9022b2ec,141,0.6593042016029358,0.0003796984092332423,0.6598737239837646
479eea02-14bb-4e41-8933-4a2e9022b2ec,142,0.6586243510246277,0.0004073438758496195,0.6592353582382202
479eea02-14bb-4e41-8933-4a2e9022b2ec,143,0.6604402661323547,0.0004177590017206967,0.6610668897628784
479eea02-14bb-4e41-8933-4a2e9022b2ec,144,0.6584257483482361,0.00038669025525450706,0.6590057611465454
479eea02-14bb-4e41-8933-4a2e9022b2ec,145,0.6539982557296753,0.00042335354373790324,0.6546332836151123
479eea02-14bb-4e41-8933-4a2e9022b2ec,146,0.6617094874382019,0.0003882902965415269,0.662291944026947
479eea02-14bb-4e41-8933-4a2e9022b2ec,147,0.659084141254425,0.00039438402745872736,0.6596757173538208
479eea02-14bb-4e41-8933-4a2e9022b2ec,148,0.6570321917533875,0.0003933292755391449,0.6576221585273743
479eea02-14bb-4e41-8933-4a2e9022b2ec,149,0.6602774858474731,0.00042193717672489583,0.6609103679656982
479eea02-14bb-4e41-8933-4a2e9022b2ec,150,0.6569268703460693,0.0003815074451267719,0.6574991345405579
479eea02-14bb-4e41-8933-4a2e9022b2ec,151,0.6604530215263367,0.0004421071498654783,0.6611161828041077
479eea02-14bb-4e41-8933-4a2e9022b2ec,152,0.6582672595977783,0.0004193096829112619,0.6588962078094482
479eea02-14bb-4e41-8933-4a2e9022b2ec,153,0.6579117774963379,0.0004366970097180456,0.6585668325424194
479eea02-14bb-4e41-8933-4a2e9022b2ec,154,0.6565069556236267,0.00040627349517308176,0.6571163535118103
479eea02-14bb-4e41-8933-4a2e9022b2ec,155,0.6571127772331238,0.0004122162936255336,0.6577311158180237
479eea02-14bb-4e41-8933-4a2e9022b2ec,156,0.6561703681945801,0.000458316266303882,0.6568578481674194
479eea02-14bb-4e41-8933-4a2e9022b2ec,157,0.6565371751785278,0.000439396157162264,0.6571962833404541
479eea02-14bb-4e41-8933-4a2e9022b2ec,158,0.6549875736236572,0.00043079769238829613,0.6556337475776672
479eea02-14bb-4e41-8933-4a2e9022b2ec,159,0.6553333401679993,0.0003997086314484477,0.6559329032897949
479eea02-14bb-4e41-8933-4a2e9022b2ec,160,0.6533333659172058,0.00042871947516687214,0.6539764404296875
479eea02-14bb-4e41-8933-4a2e9022b2ec,161,0.6581190228462219,0.0004683448642026633,0.6588215231895447
479eea02-14bb-4e41-8933-4a2e9022b2ec,162,0.6576241850852966,0.0004541734524536878,0.6583054661750793
479eea02-14bb-4e41-8933-4a2e9022b2ec,163,0.6549902558326721,0.00041294784750789404,0.655609667301178
479eea02-14bb-4e41-8933-4a2e9022b2ec,164,0.6544910073280334,0.00040463494951836765,0.6550979614257812
479eea02-14bb-4e41-8933-4a2e9022b2ec,165,0.6508455276489258,0.0004735842230729759,0.6515558958053589
479eea02-14bb-4e41-8933-4a2e9022b2ec,166,0.6542131304740906,0.0004838035674765706,0.654938817024231
479eea02-14bb-4e41-8933-4a2e9022b2ec,167,0.6575151085853577,0.0004391846596263349,0.6581738591194153
479eea02-14bb-4e41-8933-4a2e9022b2ec,168,0.6532420516014099,0.0004540625086519867,0.6539231538772583
479eea02-14bb-4e41-8933-4a2e9022b2ec,169,0.6519063711166382,0.0004551741003524512,0.6525891423225403
479eea02-14bb-4e41-8933-4a2e9022b2ec,170,0.6533546447753906,0.00045393354957923293,0.6540355682373047
479eea02-14bb-4e41-8933-4a2e9022b2ec,171,0.6561608910560608,0.0004501979274209589,0.656836211681366
479eea02-14bb-4e41-8933-4a2e9022b2ec,172,0.6524736881256104,0.0004299295542296022,0.6531186103820801
479eea02-14bb-4e41-8933-4a2e9022b2ec,173,0.6532144546508789,0.00046646135160699487,0.6539141535758972
479eea02-14bb-4e41-8933-4a2e9022b2ec,174,0.6490776538848877,0.00045580207370221615,0.6497613787651062
479eea02-14bb-4e41-8933-4a2e9022b2ec,175,0.6545145511627197,0.0004576171049848199,0.6552009582519531
479eea02-14bb-4e41-8933-4a2e9022b2ec,176,0.6515495181083679,0.000457001879112795,0.6522350311279297
479eea02-14bb-4e41-8933-4a2e9022b2ec,177,0.6501290798187256,0.00045698328176513314,0.6508145332336426
479eea02-14bb-4e41-8933-4a2e9022b2ec,178,0.6525417566299438,0.00045582259190268815,0.6532254815101624
479eea02-14bb-4e41-8933-4a2e9022b2ec,179,0.6558442711830139,0.0004514545144047588,0.6565214395523071
479eea02-14bb-4e41-8933-4a2e9022b2ec,180,0.6503825187683105,0.0004843561619054526,0.6511090397834778
479eea02-14bb-4e41-8933-4a2e9022b2ec,181,0.6447537541389465,0.0004954711184836924,0.6454969644546509
479eea02-14bb-4e41-8933-4a2e9022b2ec,182,0.651554524898529,0.0004551399906631559,0.6522372364997864
479eea02-14bb-4e41-8933-4a2e9022b2ec,183,0.6539703607559204,0.00044704359606839716,0.6546409130096436
479eea02-14bb-4e41-8933-4a2e9022b2ec,184,0.647102415561676,0.0005021643592044711,0.6478556394577026
479eea02-14bb-4e41-8933-4a2e9022b2ec,185,0.6492928862571716,0.0005177056882530451,0.6500694155693054
479eea02-14bb-4e41-8933-4a2e9022b2ec,186,0.6519302725791931,0.00044970560702495277,0.6526048183441162
479eea02-14bb-4e41-8933-4a2e9022b2ec,187,0.6478208899497986,0.0004451674176380038,0.6484886407852173
479eea02-14bb-4e41-8933-4a2e9022b2ec,188,0.6470584273338318,0.00047963071847334504,0.6477778553962708
479eea02-14bb-4e41-8933-4a2e9022b2ec,189,0.648206889629364,0.0005556803662329912,0.6490404009819031
479eea02-14bb-4e41-8933-4a2e9022b2ec,190,0.6483919024467468,0.0004946284461766481,0.6491338610649109
479eea02-14bb-4e41-8933-4a2e9022b2ec,191,0.6473499536514282,0.0004448485269676894,0.6480172276496887
479eea02-14bb-4e41-8933-4a2e9022b2ec,192,0.6453973054885864,0.000504130613990128,0.6461535096168518
479eea02-14bb-4e41-8933-4a2e9022b2ec,193,0.6490167379379272,0.0005411457968875766,0.6498284339904785
479eea02-14bb-4e41-8933-4a2e9022b2ec,194,0.6453484296798706,0.0004952469025738537,0.6460912823677063
479eea02-14bb-4e41-8933-4a2e9022b2ec,195,0.6531946659088135,0.0004347502544987947,0.653846800327301
479eea02-14bb-4e41-8933-4a2e9022b2ec,196,0.646668016910553,0.0005092745996080339,0.6474319100379944
479eea02-14bb-4e41-8933-4a2e9022b2ec,197,0.6461727619171143,0.0005511709023267031,0.6469995379447937
479eea02-14bb-4e41-8933-4a2e9022b2ec,198,0.6476342678070068,0.0005242140032351017,0.6484205722808838
479eea02-14bb-4e41-8933-4a2e9022b2ec,199,0.6465162634849548,0.00046377326361835003,0.6472119092941284
479eea02-14bb-4e41-8933-4a2e9022b2ec,200,0.6438053250312805,0.00048485721345059574,0.6445326209068298
479eea02-14bb-4e41-8933-4a2e9022b2ec,201,0.6471800804138184,0.0005749518750235438,0.6480425000190735
479eea02-14bb-4e41-8933-4a2e9022b2ec,202,0.6475670337677002,0.0005708500975742936,0.6484233140945435
479eea02-14bb-4e41-8933-4a2e9022b2ec,203,0.6509827971458435,0.0004982468672096729,0.6517301797866821
479eea02-14bb-4e41-8933-4a2e9022b2ec,204,0.6461282968521118,0.0004902036162093282,0.646863579750061
479eea02-14bb-4e41-8933-4a2e9022b2ec,205,0.6420212984085083,0.0005271114641800523,0.6428119540214539
479eea02-14bb-4e41-8933-4a2e9022b2ec,206,0.6445893049240112,0.0005518678808584809,0.6454170942306519
479eea02-14bb-4e41-8933-4a2e9022b2ec,207,0.6445163488388062,0.0005416035419330001,0.6453287601470947
479eea02-14bb-4e41-8933-4a2e9022b2ec,208,0.6481797695159912,0.0005149802891537547,0.6489522457122803
479eea02-14bb-4e41-8933-4a2e9022b2ec,209,0.6459270715713501,0.0005491036572493613,0.6467507481575012
479eea02-14bb-4e41-8933-4a2e9022b2ec,210,0.6383151412010193,0.0005343405646272004,0.639116644859314
479eea02-14bb-4e41-8933-4a2e9022b2ec,211,0.6428719162940979,0.0004907427937723696,0.643608033657074
479eea02-14bb-4e41-8933-4a2e9022b2ec,212,0.645582914352417,0.000536461069714278,0.6463875770568848
479eea02-14bb-4e41-8933-4a2e9022b2ec,213,0.6429595351219177,0.0006044236361049116,0.6438661813735962
479eea02-14bb-4e41-8933-4a2e9022b2ec,214,0.6440980434417725,0.0005257023149169981,0.6448866128921509
479eea02-14bb-4e41-8933-4a2e9022b2ec,215,0.6430835127830505,0.0005079013644717634,0.6438453793525696
479eea02-14bb-4e41-8933-4a2e9022b2ec,216,0.6458190679550171,0.0005370479193516076,0.6466246247291565
479eea02-14bb-4e41-8933-4a2e9022b2ec,217,0.6423634886741638,0.0006646856782026589,0.6433604955673218
479eea02-14bb-4e41-8933-4a2e9022b2ec,218,0.6412824988365173,0.000521765265148133,0.642065167427063
479eea02-14bb-4e41-8933-4a2e9022b2ec,219,0.6457826495170593,0.0005006652791053057,0.6465336680412292
479eea02-14bb-4e41-8933-4a2e9022b2ec,220,0.6398093700408936,0.0005866955034434795,0.6406894326210022
479eea02-14bb-4e41-8933-4a2e9022b2ec,221,0.6437115669250488,0.0005386972916312516,0.6445196270942688
479eea02-14bb-4e41-8933-4a2e9022b2ec,222,0.639847457408905,0.0005308387335389853,0.6406437158584595
479eea02-14bb-4e41-8933-4a2e9022b2ec,223,0.6388493776321411,0.000558320025447756,0.6396868824958801
479eea02-14bb-4e41-8933-4a2e9022b2ec,224,0.6430160999298096,0.0005288231768645346,0.6438093185424805
479eea02-14bb-4e41-8933-4a2e9022b2ec,225,0.639677882194519,0.0005595785332843661,0.6405172348022461
479eea02-14bb-4e41-8933-4a2e9022b2ec,226,0.639249324798584,0.0005349370185285807,0.6400517225265503
479eea02-14bb-4e41-8933-4a2e9022b2ec,227,0.6371462941169739,0.0005724162911064923,0.6380048990249634
479eea02-14bb-4e41-8933-4a2e9022b2ec,228,0.6362104415893555,0.0005785489920526743,0.6370782852172852
479eea02-14bb-4e41-8933-4a2e9022b2ec,229,0.6380305886268616,0.000550557509995997,0.6388564109802246
479eea02-14bb-4e41-8933-4a2e9022b2ec,230,0.6410689949989319,0.0005878522642888129,0.641950786113739
479eea02-14bb-4e41-8933-4a2e9022b2ec,231,0.6399981379508972,0.0005046623991802335,0.6407551169395447
479eea02-14bb-4e41-8933-4a2e9022b2ec,232,0.6420412063598633,0.0005372479208745062,0.6428470611572266
479eea02-14bb-4e41-8933-4a2e9022b2ec,233,0.6366705894470215,0.0005851173191331327,0.6375482678413391
479eea02-14bb-4e41-8933-4a2e9022b2ec,234,0.6389409303665161,0.0006271348684094846,0.6398816108703613
479eea02-14bb-4e41-8933-4a2e9022b2ec,235,0.6399009823799133,0.00056658178800717,0.6407508254051208
479eea02-14bb-4e41-8933-4a2e9022b2ec,236,0.6385684013366699,0.0005376187618821859,0.639374852180481
479eea02-14bb-4e41-8933-4a2e9022b2ec,237,0.6386395692825317,0.0005867782165296376,0.6395197510719299
479eea02-14bb-4e41-8933-4a2e9022b2ec,238,0.6364873647689819,0.0005862381658516824,0.6373667120933533
479eea02-14bb-4e41-8933-4a2e9022b2ec,239,0.6379637122154236,0.0005768457776866853,0.6388289928436279
479eea02-14bb-4e41-8933-4a2e9022b2ec,240,0.6402551531791687,0.0005866113933734596,0.6411350965499878
479eea02-14bb-4e41-8933-4a2e9022b2ec,241,0.6395001411437988,0.00059063162188977,0.6403861045837402
479eea02-14bb-4e41-8933-4a2e9022b2ec,242,0.6363512873649597,0.0006190559361129999,0.6372798681259155
479eea02-14bb-4e41-8933-4a2e9022b2ec,243,0.6324601173400879,0.0006563073256984353,0.633444607257843
479eea02-14bb-4e41-8933-4a2e9022b2ec,244,0.6329939961433411,0.0005357109475880861,0.6337975859642029
479eea02-14bb-4e41-8933-4a2e9022b2ec,245,0.6301625967025757,0.0005876854411326349,0.6310441493988037
479eea02-14bb-4e41-8933-4a2e9022b2ec,246,0.6348881125450134,0.0006130951805971563,0.6358077526092529
479eea02-14bb-4e41-8933-4a2e9022b2ec,247,0.6377602219581604,0.00056566292187199,0.6386086940765381
479eea02-14bb-4e41-8933-4a2e9022b2ec,248,0.639888346195221,0.000610621995292604,0.6408042907714844
479eea02-14bb-4e41-8933-4a2e9022b2ec,249,0.6366133093833923,0.000662283506244421,0.6376067399978638
479eea02-14bb-4e41-8933-4a2e9022b2ec,250,0.6315851211547852,0.0006170443375594914,0.6325106620788574
479eea02-14bb-4e41-8933-4a2e9022b2ec,251,0.6382160782814026,0.000615629309322685,0.6391395330429077
479eea02-14bb-4e41-8933-4a2e9022b2ec,252,0.6305984854698181,0.0006726577412337065,0.6316074728965759
479eea02-14bb-4e41-8933-4a2e9022b2ec,253,0.632849395275116,0.0006741901161149144,0.63386070728302
479eea02-14bb-4e41-8933-4a2e9022b2ec,254,0.634550154209137,0.0005687494412995875,0.6354032754898071
479eea02-14bb-4e41-8933-4a2e9022b2ec,255,0.6365364789962769,0.0005564783350564539,0.6373711824417114
479eea02-14bb-4e41-8933-4a2e9022b2ec,256,0.6329912543296814,0.0006696307682432234,0.6339957118034363
479eea02-14bb-4e41-8933-4a2e9022b2ec,257,0.634387195110321,0.0006281630485318601,0.6353294253349304
479eea02-14bb-4e41-8933-4a2e9022b2ec,258,0.63359135389328,0.0006171617424115539,0.6345170736312866
479eea02-14bb-4e41-8933-4a2e9022b2ec,259,0.6342319250106812,0.000645268359221518,0.6351998448371887
479eea02-14bb-4e41-8933-4a2e9022b2ec,260,0.6327080130577087,0.0006351728807203472,0.6336607933044434
479eea02-14bb-4e41-8933-4a2e9022b2ec,261,0.6327705383300781,0.0006670395378023386,0.6337711215019226
479eea02-14bb-4e41-8933-4a2e9022b2ec,262,0.6350103616714478,0.0006152187706902623,0.6359331607818604
479eea02-14bb-4e41-8933-4a2e9022b2ec,263,0.6316593885421753,0.000669380184262991,0.6326634883880615
479eea02-14bb-4e41-8933-4a2e9022b2ec,264,0.6359874606132507,0.0006463031168095767,0.6369569301605225
479eea02-14bb-4e41-8933-4a2e9022b2ec,265,0.6315733790397644,0.0006220284849405289,0.6325064301490784
479eea02-14bb-4e41-8933-4a2e9022b2ec,266,0.6302459239959717,0.0006347500602714717,0.6311980485916138
479eea02-14bb-4e41-8933-4a2e9022b2ec,267,0.6277536153793335,0.000623371044639498,0.6286886930465698
479eea02-14bb-4e41-8933-4a2e9022b2ec,268,0.6280368566513062,0.0006675847107544541,0.6290382146835327
479eea02-14bb-4e41-8933-4a2e9022b2ec,269,0.6311459541320801,0.0006146602681837976,0.6320679187774658
479eea02-14bb-4e41-8933-4a2e9022b2ec,270,0.6310186386108398,0.0006013638339936733,0.6319206953048706
479eea02-14bb-4e41-8933-4a2e9022b2ec,271,0.6311489939689636,0.0007002945640124381,0.6321994066238403
479eea02-14bb-4e41-8933-4a2e9022b2ec,272,0.631080687046051,0.0006358062964864075,0.632034420967102
479eea02-14bb-4e41-8933-4a2e9022b2ec,273,0.6269750595092773,0.0006563509814441204,0.6279596090316772
479eea02-14bb-4e41-8933-4a2e9022b2ec,274,0.630641520023346,0.0006966302171349525,0.6316864490509033
479eea02-14bb-4e41-8933-4a2e9022b2ec,275,0.6294134259223938,0.0006145394290797412,0.6303352117538452
479eea02-14bb-4e41-8933-4a2e9022b2ec,276,0.6270337104797363,0.0006384553271345794,0.6279913783073425
479eea02-14bb-4e41-8933-4a2e9022b2ec,277,0.6309980750083923,0.0007025832892395556,0.632051944732666
479eea02-14bb-4e41-8933-4a2e9022b2ec,278,0.6266587972640991,0.0006777672679163516,0.627675473690033
479eea02-14bb-4e41-8933-4a2e9022b2ec,279,0.6284388899803162,0.0006022884626872838,0.6293423175811768
479eea02-14bb-4e41-8933-4a2e9022b2ec,280,0.6287559270858765,0.0006974313291721046,0.6298020482063293
479eea02-14bb-4e41-8933-4a2e9022b2ec,281,0.6247633695602417,0.0006631534779444337,0.6257581114768982
479eea02-14bb-4e41-8933-4a2e9022b2ec,282,0.6264910101890564,0.0006665432010777295,0.6274908185005188
479eea02-14bb-4e41-8933-4a2e9022b2ec,283,0.6296321153640747,0.0006439059507101774,0.6305979490280151
479eea02-14bb-4e41-8933-4a2e9022b2ec,284,0.6244565844535828,0.0007438487373292446,0.6255723834037781
479eea02-14bb-4e41-8933-4a2e9022b2ec,285,0.6250949501991272,0.000641182588879019,0.6260567307472229
479eea02-14bb-4e41-8933-4a2e9022b2ec,286,0.6259313821792603,0.0006427802727557719,0.626895546913147
479eea02-14bb-4e41-8933-4a2e9022b2ec,287,0.6252316832542419,0.0007449313416145742,0.6263490915298462
479eea02-14bb-4e41-8933-4a2e9022b2ec,288,0.6227311491966248,0.0006885872571729124,0.6237640380859375
479eea02-14bb-4e41-8933-4a2e9022b2ec,289,0.6251236796379089,0.0006512518739327788,0.6261005401611328
479eea02-14bb-4e41-8933-4a2e9022b2ec,290,0.6259883642196655,0.000661990256048739,0.6269813776016235
479eea02-14bb-4e41-8933-4a2e9022b2ec,291,0.6294013857841492,0.000688582775183022,0.6304342746734619
479eea02-14bb-4e41-8933-4a2e9022b2ec,292,0.62360018491745,0.0007475473103113472,0.6247215270996094
479eea02-14bb-4e41-8933-4a2e9022b2ec,293,0.6277650594711304,0.00067742052488029,0.6287811994552612
479eea02-14bb-4e41-8933-4a2e9022b2ec,294,0.6251817345619202,0.0007082032389007509,0.626244068145752
479eea02-14bb-4e41-8933-4a2e9022b2ec,295,0.6276496648788452,0.0007515372126363218,0.6287769675254822
479eea02-14bb-4e41-8933-4a2e9022b2ec,296,0.6217368841171265,0.0006940411403775215,0.6227779388427734
479eea02-14bb-4e41-8933-4a2e9022b2ec,297,0.6234042048454285,0.0006682593375444412,0.6244065761566162
479eea02-14bb-4e41-8933-4a2e9022b2ec,298,0.6219579577445984,0.0007150288438424468,0.6230304837226868
479eea02-14bb-4e41-8933-4a2e9022b2ec,299,0.6234779953956604,0.0007159888627938926,0.6245519518852234
479eea02-14bb-4e41-8933-4a2e9022b2ec,300,0.6231598854064941,0.0006890195654705167,0.6241934299468994
479eea02-14bb-4e41-8933-4a2e9022b2ec,301,0.620395839214325,0.0007311176741495728,0.6214925050735474
479eea02-14bb-4e41-8933-4a2e9022b2ec,302,0.6212053298950195,0.0007599718519486487,0.6223452687263489
479eea02-14bb-4e41-8933-4a2e9022b2ec,303,0.620053231716156,0.0006708899745717645,0.6210595369338989
479eea02-14bb-4e41-8933-4a2e9022b2ec,304,0.6223834156990051,0.000667878775857389,0.6233852505683899
479eea02-14bb-4e41-8933-4a2e9022b2ec,305,0.6220465898513794,0.0008228035876527429,0.6232808232307434
479eea02-14bb-4e41-8933-4a2e9022b2ec,306,0.6236348152160645,0.0007995099294930696,0.6248340606689453
479eea02-14bb-4e41-8933-4a2e9022b2ec,307,0.6227819919586182,0.0006763900746591389,0.6237965822219849
479eea02-14bb-4e41-8933-4a2e9022b2ec,308,0.6239655017852783,0.0007084785611368716,0.6250281929969788
479eea02-14bb-4e41-8933-4a2e9022b2ec,309,0.624590277671814,0.000732896092813462,0.6256896257400513
479eea02-14bb-4e41-8933-4a2e9022b2ec,310,0.621726393699646,0.0007891555433161557,0.6229101419448853
479eea02-14bb-4e41-8933-4a2e9022b2ec,311,0.6213356256484985,0.000802164722699672,0.6225388646125793
479eea02-14bb-4e41-8933-4a2e9022b2ec,312,0.6190898418426514,0.0006723772385157645,0.6200984120368958
479eea02-14bb-4e41-8933-4a2e9022b2ec,313,0.6181852221488953,0.0007594850612804294,0.6193244457244873
479eea02-14bb-4e41-8933-4a2e9022b2ec,314,0.6149711012840271,0.0007824883796274662,0.6161448359489441
479eea02-14bb-4e41-8933-4a2e9022b2ec,315,0.6208915710449219,0.0007100118673406541,0.6219565868377686
479eea02-14bb-4e41-8933-4a2e9022b2ec,316,0.6170525550842285,0.0007675074739381671,0.6182038187980652
479eea02-14bb-4e41-8933-4a2e9022b2ec,317,0.6152323484420776,0.0008041920373216271,0.616438627243042
479eea02-14bb-4e41-8933-4a2e9022b2ec,318,0.6184310913085938,0.0007483334047719836,0.6195535659790039
479eea02-14bb-4e41-8933-4a2e9022b2ec,319,0.6225239038467407,0.0007007783860899508,0.6235750913619995
479eea02-14bb-4e41-8933-4a2e9022b2ec,320,0.6230218410491943,0.0008072107448242605,0.6242326498031616
479eea02-14bb-4e41-8933-4a2e9022b2ec,321,0.6170458197593689,0.0009060720331035554,0.6184049248695374
479eea02-14bb-4e41-8933-4a2e9022b2ec,322,0.614738941192627,0.0006988002569414675,0.615787148475647
479eea02-14bb-4e41-8933-4a2e9022b2ec,323,0.6153061985969543,0.0007236639503389597,0.6163917183876038
479eea02-14bb-4e41-8933-4a2e9022b2ec,324,0.618233323097229,0.000833009195048362,0.6194828152656555
479eea02-14bb-4e41-8933-4a2e9022b2ec,325,0.6181444525718689,0.0008038656087592244,0.619350254535675
479eea02-14bb-4e41-8933-4a2e9022b2ec,326,0.6161738634109497,0.0007251377101056278,0.6172615885734558
479eea02-14bb-4e41-8933-4a2e9022b2ec,327,0.6182690858840942,0.0007590716704726219,0.6194077134132385
479eea02-14bb-4e41-8933-4a2e9022b2ec,328,0.6194727420806885,0.0008654044358991086,0.6207708716392517
479eea02-14bb-4e41-8933-4a2e9022b2ec,329,0.6159778833389282,0.0008431872702203691,0.617242693901062
479eea02-14bb-4e41-8933-4a2e9022b2ec,330,0.6110491156578064,0.0007352615357376635,0.6121519804000854
479eea02-14bb-4e41-8933-4a2e9022b2ec,331,0.6139371991157532,0.0008162986487150192,0.615161657333374
479eea02-14bb-4e41-8933-4a2e9022b2ec,332,0.6160334944725037,0.00083965586964041,0.6172930002212524
479eea02-14bb-4e41-8933-4a2e9022b2ec,333,0.617983877658844,0.0007886895327828825,0.619166910648346
479eea02-14bb-4e41-8933-4a2e9022b2ec,334,0.6165671348571777,0.0007748174830339849,0.6177293658256531
479eea02-14bb-4e41-8933-4a2e9022b2ec,335,0.614142894744873,0.0008445374551229179,0.6154096722602844
479eea02-14bb-4e41-8933-4a2e9022b2ec,336,0.6142084002494812,0.0008399293874390423,0.6154683232307434
479eea02-14bb-4e41-8933-4a2e9022b2ec,337,0.6124668121337891,0.0008769391570240259,0.6137822270393372
479eea02-14bb-4e41-8933-4a2e9022b2ec,338,0.6162835955619812,0.0008524371078237891,0.6175622344017029
479eea02-14bb-4e41-8933-4a2e9022b2ec,339,0.6102123260498047,0.0008333377190865576,0.6114623546600342
479eea02-14bb-4e41-8933-4a2e9022b2ec,340,0.6074150204658508,0.0008557068067602813,0.6086986064910889
479eea02-14bb-4e41-8933-4a2e9022b2ec,341,0.6139712929725647,0.0007999222725629807,0.6151711940765381
479eea02-14bb-4e41-8933-4a2e9022b2ec,342,0.6110832691192627,0.0008087180322036147,0.6122963428497314
479eea02-14bb-4e41-8933-4a2e9022b2ec,343,0.6183407306671143,0.0008219388546422124,0.6195736527442932
479eea02-14bb-4e41-8933-4a2e9022b2ec,344,0.6129610538482666,0.0009191854042001069,0.6143398284912109
479eea02-14bb-4e41-8933-4a2e9022b2ec,345,0.6102802157402039,0.0008774418965913355,0.611596405506134
479eea02-14bb-4e41-8933-4a2e9022b2ec,346,0.6160294413566589,0.0008716087322682142,0.6173368692398071
479eea02-14bb-4e41-8933-4a2e9022b2ec,347,0.6085886359214783,0.0009611922432668507,0.6100304126739502
479eea02-14bb-4e41-8933-4a2e9022b2ec,348,0.6121708750724792,0.00080959836486727,0.6133852601051331
479eea02-14bb-4e41-8933-4a2e9022b2ec,349,0.6121706366539001,0.0008439290104433894,0.6134365200996399
479eea02-14bb-4e41-8933-4a2e9022b2ec,350,0.6119752526283264,0.0008981055580079556,0.6133224368095398
479eea02-14bb-4e41-8933-4a2e9022b2ec,351,0.611623227596283,0.0008365270914509892,0.6128780245780945
479eea02-14bb-4e41-8933-4a2e9022b2ec,352,0.6092847585678101,0.0008876953506842256,0.6106163263320923
479eea02-14bb-4e41-8933-4a2e9022b2ec,353,0.6132543087005615,0.0009557948797009885,0.614687979221344
479eea02-14bb-4e41-8933-4a2e9022b2ec,354,0.6096144914627075,0.0008976235403679311,0.6109609007835388
479eea02-14bb-4e41-8933-4a2e9022b2ec,355,0.6094166040420532,0.0009084955090656877,0.610779345035553
479eea02-14bb-4e41-8933-4a2e9022b2ec,356,0.6127979755401611,0.000866128015331924,0.6140971779823303
479eea02-14bb-4e41-8933-4a2e9022b2ec,357,0.6125074028968811,0.0009169920813292265,0.6138828992843628
479eea02-14bb-4e41-8933-4a2e9022b2ec,358,0.6078937649726868,0.0008993317023850977,0.6092427372932434
479eea02-14bb-4e41-8933-4a2e9022b2ec,359,0.6093973517417908,0.0009365326259285212,0.610802173614502
479eea02-14bb-4e41-8933-4a2e9022b2ec,360,0.6101852059364319,0.0009494717232882977,0.6116093993186951
479eea02-14bb-4e41-8933-4a2e9022b2ec,361,0.6044803857803345,0.0009127049706876278,0.6058494448661804
479eea02-14bb-4e41-8933-4a2e9022b2ec,362,0.6094954609870911,0.000870688003487885,0.6108015179634094
479eea02-14bb-4e41-8933-4a2e9022b2ec,363,0.607600212097168,0.0009251965675503016,0.6089879870414734
479eea02-14bb-4e41-8933-4a2e9022b2ec,364,0.6100822687149048,0.0009845624445006251,0.6115590929985046
479eea02-14bb-4e41-8933-4a2e9022b2ec,365,0.6097087264060974,0.0009153579012490809,0.6110817790031433
479eea02-14bb-4e41-8933-4a2e9022b2ec,366,0.6081616282463074,0.0009466973715461791,0.6095816493034363
479eea02-14bb-4e41-8933-4a2e9022b2ec,367,0.611789882183075,0.001050773891620338,0.6133660674095154
479eea02-14bb-4e41-8933-4a2e9022b2ec,368,0.6065018177032471,0.0009146577212959528,0.607873797416687
479eea02-14bb-4e41-8933-4a2e9022b2ec,369,0.6067861914634705,0.0009128638193942606,0.6081554889678955
479eea02-14bb-4e41-8933-4a2e9022b2ec,370,0.6016028523445129,0.0009972616098821163,0.6030987501144409
479eea02-14bb-4e41-8933-4a2e9022b2ec,371,0.6099961996078491,0.0009102541371248662,0.611361563205719
479eea02-14bb-4e41-8933-4a2e9022b2ec,372,0.6019933223724365,0.0009280953672714531,0.6033854484558105
479eea02-14bb-4e41-8933-4a2e9022b2ec,373,0.6022840142250061,0.0010270313359797,0.6038245558738708
479eea02-14bb-4e41-8933-4a2e9022b2ec,374,0.6053366661071777,0.0009871668880805373,0.6068174242973328
479eea02-14bb-4e41-8933-4a2e9022b2ec,375,0.6057751774787903,0.0009681961382739246,0.6072274446487427
479eea02-14bb-4e41-8933-4a2e9022b2ec,376,0.6088635921478271,0.0010245456360280514,0.6104004383087158
479eea02-14bb-4e41-8933-4a2e9022b2ec,377,0.6076677441596985,0.0010018694447353482,0.6091705560684204
479eea02-14bb-4e41-8933-4a2e9022b2ec,378,0.6024390459060669,0.0010022033238783479,0.603942334651947
479eea02-14bb-4e41-8933-4a2e9022b2ec,379,0.6041238903999329,0.0009406504686921835,0.6055348515510559
479eea02-14bb-4e41-8933-4a2e9022b2ec,380,0.6028931140899658,0.0009246740373782814,0.6042801141738892
479eea02-14bb-4e41-8933-4a2e9022b2ec,381,0.604946494102478,0.0010612247278913856,0.6065383553504944
479eea02-14bb-4e41-8933-4a2e9022b2ec,382,0.6038892865180969,0.0010423169005662203,0.6054527759552002
479eea02-14bb-4e41-8933-4a2e9022b2ec,383,0.6067109107971191,0.0010077371262013912,0.6082225441932678
479eea02-14bb-4e41-8933-4a2e9022b2ec,384,0.6033230423927307,0.0010363345500081778,0.6048775315284729
479eea02-14bb-4e41-8933-4a2e9022b2ec,385,0.6064023971557617,0.0009794059442356229,0.6078715324401855
479eea02-14bb-4e41-8933-4a2e9022b2ec,386,0.60235196352005,0.0010512206936255097,0.603928804397583
479eea02-14bb-4e41-8933-4a2e9022b2ec,387,0.5986217260360718,0.001043137745000422,0.6001864075660706
479eea02-14bb-4e41-8933-4a2e9022b2ec,388,0.6032943725585938,0.0009594158036634326,0.6047334671020508
479eea02-14bb-4e41-8933-4a2e9022b2ec,389,0.604596734046936,0.0010551667073741555,0.6061794757843018
479eea02-14bb-4e41-8933-4a2e9022b2ec,390,0.6056418418884277,0.0010313024977222085,0.6071888208389282
479eea02-14bb-4e41-8933-4a2e9022b2ec,391,0.5987839102745056,0.0010746963089331985,0.6003959774971008
479eea02-14bb-4e41-8933-4a2e9022b2ec,392,0.5992928743362427,0.001039781142026186,0.6008525490760803
479eea02-14bb-4e41-8933-4a2e9022b2ec,393,0.6053860783576965,0.001077914726920426,0.6070029735565186
479eea02-14bb-4e41-8933-4a2e9022b2ec,394,0.6010663509368896,0.0011118766851723194,0.6027341485023499
479eea02-14bb-4e41-8933-4a2e9022b2ec,395,0.5992926359176636,0.001100920489989221,0.6009440422058105
479eea02-14bb-4e41-8933-4a2e9022b2ec,396,0.6000147461891174,0.0010310709476470947,0.6015613675117493
479eea02-14bb-4e41-8933-4a2e9022b2ec,397,0.6000273823738098,0.0010000867769122124,0.6015275120735168
479eea02-14bb-4e41-8933-4a2e9022b2ec,398,0.5976977348327637,0.0011257993755862117,0.59938645362854
479eea02-14bb-4e41-8933-4a2e9022b2ec,399,0.6055402159690857,0.0010481092613190413,0.6071124076843262
479eea02-14bb-4e41-8933-4a2e9022b2ec,400,0.6014991402626038,0.0010527996346354485,0.6030783653259277
479eea02-14bb-4e41-8933-4a2e9022b2ec,401,0.5999825596809387,0.0012080066371709108,0.6017945408821106
479eea02-14bb-4e41-8933-4a2e9022b2ec,402,0.5992754101753235,0.001086920266970992,0.6009057760238647
479eea02-14bb-4e41-8933-4a2e9022b2ec,403,0.5970175862312317,0.0010454426519572735,0.5985857248306274
479eea02-14bb-4e41-8933-4a2e9022b2ec,404,0.5986716151237488,0.0011492448393255472,0.6003955006599426
479eea02-14bb-4e41-8933-4a2e9022b2ec,405,0.6003727316856384,0.0012148384703323245,0.6021949648857117
479eea02-14bb-4e41-8933-4a2e9022b2ec,406,0.5971927046775818,0.0010784657206386328,0.5988103747367859
479eea02-14bb-4e41-8933-4a2e9022b2ec,407,0.5981584787368774,0.0011011011665686965,0.5998101234436035
479eea02-14bb-4e41-8933-4a2e9022b2ec,408,0.5968047976493835,0.0011493988567963243,0.5985289216041565
479eea02-14bb-4e41-8933-4a2e9022b2ec,409,0.5978803634643555,0.0010823344346135855,0.5995038747787476
479eea02-14bb-4e41-8933-4a2e9022b2ec,410,0.5951064825057983,0.001106017385609448,0.5967655181884766
479eea02-14bb-4e41-8933-4a2e9022b2ec,411,0.5943073630332947,0.0011631896486505866,0.5960521697998047
479eea02-14bb-4e41-8933-4a2e9022b2ec,412,0.5928788781166077,0.0011931464541703463,0.5946686267852783
479eea02-14bb-4e41-8933-4a2e9022b2ec,413,0.5940817594528198,0.001061383169144392,0.5956738591194153
479eea02-14bb-4e41-8933-4a2e9022b2ec,414,0.5931116938591003,0.0012431758223101497,0.5949764847755432
479eea02-14bb-4e41-8933-4a2e9022b2ec,415,0.5999926328659058,0.001186305657029152,0.6017720699310303
479eea02-14bb-4e41-8933-4a2e9022b2ec,416,0.5985231995582581,0.0011209254153072834,0.600204586982727
479eea02-14bb-4e41-8933-4a2e9022b2ec,417,0.5981675386428833,0.001145912567153573,0.599886417388916
479eea02-14bb-4e41-8933-4a2e9022b2ec,418,0.5963237881660461,0.001323577482253313,0.5983091592788696
479eea02-14bb-4e41-8933-4a2e9022b2ec,419,0.5952932834625244,0.0011549304472282529,0.5970256924629211
479eea02-14bb-4e41-8933-4a2e9022b2ec,420,0.5925580263137817,0.0010839832248166203,0.5941839814186096
479eea02-14bb-4e41-8933-4a2e9022b2ec,421,0.5985465049743652,0.001332987449131906,0.6005460023880005
479eea02-14bb-4e41-8933-4a2e9022b2ec,422,0.5945834517478943,0.0012183476937934756,0.5964109897613525
479eea02-14bb-4e41-8933-4a2e9022b2ec,423,0.5916820168495178,0.001103518414311111,0.5933372974395752
479eea02-14bb-4e41-8933-4a2e9022b2ec,424,0.5895336270332336,0.0012492657406255603,0.5914075374603271
479eea02-14bb-4e41-8933-4a2e9022b2ec,425,0.5893892049789429,0.0012529651867225766,0.5912686586380005
479eea02-14bb-4e41-8933-4a2e9022b2ec,426,0.5945757031440735,0.0011854516342282295,0.5963538885116577
479eea02-14bb-4e41-8933-4a2e9022b2ec,427,0.5912871956825256,0.0012287064455449581,0.5931302309036255
479eea02-14bb-4e41-8933-4a2e9022b2ec,428,0.5940694808959961,0.0013623203849419951,0.5961129665374756
479eea02-14bb-4e41-8933-4a2e9022b2ec,429,0.5917088389396667,0.001189281465485692,0.5934927463531494
479eea02-14bb-4e41-8933-4a2e9022b2ec,430,0.5900352001190186,0.0011763672810047865,0.5917997360229492
479eea02-14bb-4e41-8933-4a2e9022b2ec,431,0.5894594788551331,0.0012884524185210466,0.5913921594619751
479eea02-14bb-4e41-8933-4a2e9022b2ec,432,0.591605544090271,0.0013103147502988577,0.5935710072517395
479eea02-14bb-4e41-8933-4a2e9022b2ec,433,0.5916704535484314,0.0012326717842370272,0.5935194492340088
479eea02-14bb-4e41-8933-4a2e9022b2ec,434,0.596911609172821,0.0013679983094334602,0.5989636182785034
479eea02-14bb-4e41-8933-4a2e9022b2ec,435,0.5937215685844421,0.0012387890601530671,0.5955797433853149
479eea02-14bb-4e41-8933-4a2e9022b2ec,436,0.5939481854438782,0.001279218471609056,0.5958670377731323
479eea02-14bb-4e41-8933-4a2e9022b2ec,437,0.5872902870178223,0.0014354324666783214,0.5894434452056885
479eea02-14bb-4e41-8933-4a2e9022b2ec,438,0.5910844802856445,0.0013401921605691314,0.5930947661399841
479eea02-14bb-4e41-8933-4a2e9022b2ec,439,0.5914481282234192,0.001193996868096292,0.5932391285896301
479eea02-14bb-4e41-8933-4a2e9022b2ec,440,0.5892837643623352,0.0012951373355463147,0.5912264585494995
479eea02-14bb-4e41-8933-4a2e9022b2ec,441,0.5897864103317261,0.0013546033296734095,0.5918183326721191
479eea02-14bb-4e41-8933-4a2e9022b2ec,442,0.5900147557258606,0.0013472790597006679,0.5920356512069702
479eea02-14bb-4e41-8933-4a2e9022b2ec,443,0.589908242225647,0.0013870133552700281,0.591988742351532
479eea02-14bb-4e41-8933-4a2e9022b2ec,444,0.5892506837844849,0.0014221963938325644,0.5913839936256409
479eea02-14bb-4e41-8933-4a2e9022b2ec,445,0.5997968316078186,0.0012694415636360645,0.601701021194458
479eea02-14bb-4e41-8933-4a2e9022b2ec,446,0.5898665189743042,0.0014119705883786082,0.5919844508171082
479eea02-14bb-4e41-8933-4a2e9022b2ec,447,0.5891470909118652,0.0014142642030492425,0.5912684798240662
479eea02-14bb-4e41-8933-4a2e9022b2ec,448,0.5882841348648071,0.0013459691544994712,0.5903030633926392
479eea02-14bb-4e41-8933-4a2e9022b2ec,449,0.590994119644165,0.00137625471688807,0.5930585265159607
479eea02-14bb-4e41-8933-4a2e9022b2ec,450,0.5829739570617676,0.0013321812730282545,0.5849722027778625
479eea02-14bb-4e41-8933-4a2e9022b2ec,451,0.589338481426239,0.0014406905975192785,0.5914995074272156
479eea02-14bb-4e41-8933-4a2e9022b2ec,452,0.5904228687286377,0.001486123655922711,0.5926520824432373
479eea02-14bb-4e41-8933-4a2e9022b2ec,453,0.5857419371604919,0.0013470557751134038,0.5877625346183777
479eea02-14bb-4e41-8933-4a2e9022b2ec,454,0.585557222366333,0.0013031247071921825,0.5875118970870972
479eea02-14bb-4e41-8933-4a2e9022b2ec,455,0.5879900455474854,0.0015190005069598556,0.5902685523033142
479eea02-14bb-4e41-8933-4a2e9022b2ec,456,0.5931563973426819,0.0014393891906365752,0.5953154563903809
479eea02-14bb-4e41-8933-4a2e9022b2ec,457,0.581614077091217,0.001500454032793641,0.5838647484779358
479eea02-14bb-4e41-8933-4a2e9022b2ec,458,0.5853691697120667,0.001429448719136417,0.5875133275985718
479eea02-14bb-4e41-8933-4a2e9022b2ec,459,0.5833399891853333,0.0013900845078751445,0.5854251384735107
479eea02-14bb-4e41-8933-4a2e9022b2ec,460,0.5839435458183289,0.0013618111843243241,0.5859862565994263
479eea02-14bb-4e41-8933-4a2e9022b2ec,461,0.5897011160850525,0.001475734286941588,0.591914713382721
479eea02-14bb-4e41-8933-4a2e9022b2ec,462,0.5919843912124634,0.0014311516424641013,0.5941311120986938
479eea02-14bb-4e41-8933-4a2e9022b2ec,463,0.5828793048858643,0.0016004607314243913,0.5852800011634827
479eea02-14bb-4e41-8933-4a2e9022b2ec,464,0.5828399658203125,0.0014847093261778355,0.5850670337677002
479eea02-14bb-4e41-8933-4a2e9022b2ec,465,0.5849316120147705,0.0013877713354304433,0.5870132446289062
479eea02-14bb-4e41-8933-4a2e9022b2ec,466,0.588570237159729,0.0015713851898908615,0.5909273028373718
479eea02-14bb-4e41-8933-4a2e9022b2ec,467,0.5849214792251587,0.0014774552546441555,0.5871376395225525
479eea02-14bb-4e41-8933-4a2e9022b2ec,468,0.578918993473053,0.001361025613732636,0.5809605121612549
479eea02-14bb-4e41-8933-4a2e9022b2ec,469,0.5881927609443665,0.0014948496827855706,0.5904350280761719
479eea02-14bb-4e41-8933-4a2e9022b2ec,470,0.583950936794281,0.0017837363993749022,0.5866265296936035
479eea02-14bb-4e41-8933-4a2e9022b2ec,471,0.5846356749534607,0.00143969536293298,0.5867952108383179
479eea02-14bb-4e41-8933-4a2e9022b2ec,472,0.5906335115432739,0.0015000373823568225,0.5928835868835449
479eea02-14bb-4e41-8933-4a2e9022b2ec,473,0.5866362452507019,0.0016851630061864853,0.5891640186309814
479eea02-14bb-4e41-8933-4a2e9022b2ec,474,0.5883700847625732,0.0014131118077784777,0.5904897451400757
479eea02-14bb-4e41-8933-4a2e9022b2ec,475,0.5757582783699036,0.00150456209667027,0.578015148639679
479eea02-14bb-4e41-8933-4a2e9022b2ec,476,0.5907129645347595,0.0016624779673293233,0.5932067036628723
479eea02-14bb-4e41-8933-4a2e9022b2ec,477,0.5844092965126038,0.0015680794604122639,0.5867614150047302
479eea02-14bb-4e41-8933-4a2e9022b2ec,478,0.5805158615112305,0.0015363148413598537,0.5828203558921814
479eea02-14bb-4e41-8933-4a2e9022b2ec,479,0.5847756862640381,0.0016059518093243241,0.5871846079826355
479eea02-14bb-4e41-8933-4a2e9022b2ec,480,0.5767514705657959,0.001566755585372448,0.5791016221046448
479eea02-14bb-4e41-8933-4a2e9022b2ec,481,0.5811104774475098,0.0014916147338226438,0.5833479166030884
479eea02-14bb-4e41-8933-4a2e9022b2ec,482,0.5837758779525757,0.0015649836277589202,0.5861233472824097
479eea02-14bb-4e41-8933-4a2e9022b2ec,483,0.5758163332939148,0.001682644011452794,0.5783402919769287
479eea02-14bb-4e41-8933-4a2e9022b2ec,484,0.5805405378341675,0.001530850655399263,0.5828368067741394
479eea02-14bb-4e41-8933-4a2e9022b2ec,485,0.5811927318572998,0.0015129855601117015,0.5834622383117676
479eea02-14bb-4e41-8933-4a2e9022b2ec,486,0.5821748971939087,0.0016658067470416427,0.5846735835075378
479eea02-14bb-4e41-8933-4a2e9022b2ec,487,0.5812361240386963,0.0016643009148538113,0.5837326049804688
479eea02-14bb-4e41-8933-4a2e9022b2ec,488,0.5792227387428284,0.0015197749016806483,0.581502377986908
479eea02-14bb-4e41-8933-4a2e9022b2ec,489,0.5855987071990967,0.001633081235922873,0.5880483388900757
479eea02-14bb-4e41-8933-4a2e9022b2ec,490,0.574680507183075,0.001595153589732945,0.5770732164382935
479eea02-14bb-4e41-8933-4a2e9022b2ec,491,0.573235034942627,0.0016998769715428352,0.5757848620414734
479eea02-14bb-4e41-8933-4a2e9022b2ec,492,0.5824523568153381,0.0016361386515200138,0.5849065780639648
479eea02-14bb-4e41-8933-4a2e9022b2ec,493,0.5708172917366028,0.00156761787366122,0.5731686949729919
479eea02-14bb-4e41-8933-4a2e9022b2ec,494,0.582741379737854,0.0015537311555817723,0.5850719809532166
479eea02-14bb-4e41-8933-4a2e9022b2ec,495,0.5719719529151917,0.0017339113401249051,0.5745728015899658
479eea02-14bb-4e41-8933-4a2e9022b2ec,496,0.5813133716583252,0.0016130185686051846,0.5837329030036926
479eea02-14bb-4e41-8933-4a2e9022b2ec,497,0.5763466358184814,0.0016844291239976883,0.5788732767105103
479eea02-14bb-4e41-8933-4a2e9022b2ec,498,0.5741757750511169,0.00164683791808784,0.5766460299491882
479eea02-14bb-4e41-8933-4a2e9022b2ec,499,0.5824792981147766,0.0018057639244943857,0.5851879715919495
479eea02-14bb-4e41-8933-4a2e9022b2ec,500,0.5691468715667725,0.0016266393940895796,0.5715868473052979
479eea02-14bb-4e41-8933-4a2e9022b2ec,501,0.5752118825912476,0.0015729253645986319,0.5775712728500366
479eea02-14bb-4e41-8933-4a2e9022b2ec,502,0.57589191198349,0.0018042924348264933,0.5785983800888062
479eea02-14bb-4e41-8933-4a2e9022b2ec,503,0.5778347253799438,0.0016947240801528096,0.5803768038749695
479eea02-14bb-4e41-8933-4a2e9022b2ec,504,0.5827206969261169,0.0016095683677121997,0.5851350426673889
479eea02-14bb-4e41-8933-4a2e9022b2ec,505,0.5814353227615356,0.0017902649706229568,0.5841206908226013
479eea02-14bb-4e41-8933-4a2e9022b2ec,506,0.577243447303772,0.0018706605769693851,0.580049455165863
479eea02-14bb-4e41-8933-4a2e9022b2ec,507,0.5720191597938538,0.001710300799459219,0.5745846033096313
479eea02-14bb-4e41-8933-4a2e9022b2ec,508,0.5786086320877075,0.0017003776738420129,0.5811591744422913
479eea02-14bb-4e41-8933-4a2e9022b2ec,509,0.5727289319038391,0.001775969285517931,0.5753929018974304
479eea02-14bb-4e41-8933-4a2e9022b2ec,510,0.5699532628059387,0.0017274223500862718,0.5725443959236145
479eea02-14bb-4e41-8933-4a2e9022b2ec,511,0.5741291642189026,0.0018518564756959677,0.5769069194793701
479eea02-14bb-4e41-8933-4a2e9022b2ec,512,0.5728738307952881,0.0017073648050427437,0.5754348635673523
479eea02-14bb-4e41-8933-4a2e9022b2ec,513,0.575040876865387,0.0016926779644563794,0.577579915523529
479eea02-14bb-4e41-8933-4a2e9022b2ec,514,0.5764201283454895,0.0019628682639449835,0.5793644189834595
479eea02-14bb-4e41-8933-4a2e9022b2ec,515,0.5744165778160095,0.0018795867217704654,0.5772359371185303
479eea02-14bb-4e41-8933-4a2e9022b2ec,516,0.5713140368461609,0.0017178182024508715,0.573890745639801
479eea02-14bb-4e41-8933-4a2e9022b2ec,517,0.5691846013069153,0.001857183175161481,0.5719704031944275
479eea02-14bb-4e41-8933-4a2e9022b2ec,518,0.5704204440116882,0.0018372292397543788,0.5731762647628784
479eea02-14bb-4e41-8933-4a2e9022b2ec,519,0.5750507712364197,0.0017856054473668337,0.5777291655540466
479eea02-14bb-4e41-8933-4a2e9022b2ec,520,0.5755492448806763,0.0018712648889049888,0.578356146812439
479eea02-14bb-4e41-8933-4a2e9022b2ec,521,0.5709468126296997,0.001808167900890112,0.5736590623855591
479eea02-14bb-4e41-8933-4a2e9022b2ec,522,0.5781328082084656,0.0018973367987200618,0.5809788107872009
479eea02-14bb-4e41-8933-4a2e9022b2ec,523,0.5757612586021423,0.001858827075920999,0.5785495042800903
479eea02-14bb-4e41-8933-4a2e9022b2ec,524,0.5756384134292603,0.001916536595672369,0.5785132050514221
479eea02-14bb-4e41-8933-4a2e9022b2ec,525,0.5744198560714722,0.001934659667313099,0.5773218274116516
479eea02-14bb-4e41-8933-4a2e9022b2ec,526,0.5795905590057373,0.00176435022149235,0.5822370648384094
479eea02-14bb-4e41-8933-4a2e9022b2ec,527,0.5722830891609192,0.002065891632810235,0.5753819346427917
479eea02-14bb-4e41-8933-4a2e9022b2ec,528,0.5738863945007324,0.001947473268955946,0.5768076181411743
479eea02-14bb-4e41-8933-4a2e9022b2ec,529,0.5747030973434448,0.0017981178825721145,0.577400267124176
479eea02-14bb-4e41-8933-4a2e9022b2ec,530,0.5703645348548889,0.002057938138023019,0.5734514594078064
479eea02-14bb-4e41-8933-4a2e9022b2ec,531,0.5683436393737793,0.00193485664203763,0.5712459087371826
479eea02-14bb-4e41-8933-4a2e9022b2ec,532,0.5708807110786438,0.0018516342388466,0.5736581683158875
479eea02-14bb-4e41-8933-4a2e9022b2ec,533,0.5683153867721558,0.001913042739033699,0.5711849331855774
479eea02-14bb-4e41-8933-4a2e9022b2ec,534,0.5667385458946228,0.0018653080333024263,0.5695365071296692
479eea02-14bb-4e41-8933-4a2e9022b2ec,535,0.5742546916007996,0.0020148789044469595,0.5772770047187805
479eea02-14bb-4e41-8933-4a2e9022b2ec,536,0.5683934092521667,0.0019913730211555958,0.5713804960250854
479eea02-14bb-4e41-8933-4a2e9022b2ec,537,0.5682929754257202,0.00189864297863096,0.5711409449577332
479eea02-14bb-4e41-8933-4a2e9022b2ec,538,0.5679007768630981,0.00196106662042439,0.5708423852920532
479eea02-14bb-4e41-8933-4a2e9022b2ec,539,0.5654498934745789,0.001996641978621483,0.5684448480606079
479eea02-14bb-4e41-8933-4a2e9022b2ec,540,0.5601827502250671,0.0019637809600681067,0.5631284117698669
479eea02-14bb-4e41-8933-4a2e9022b2ec,541,0.5696673393249512,0.0018440859857946634,0.5724334716796875
479eea02-14bb-4e41-8933-4a2e9022b2ec,542,0.5651393532752991,0.0020405349787324667,0.5682001709938049
479eea02-14bb-4e41-8933-4a2e9022b2ec,543,0.5680529475212097,0.0019634398631751537,0.5709981322288513
479eea02-14bb-4e41-8933-4a2e9022b2ec,544,0.5678530335426331,0.002002259949222207,0.5708564519882202
479eea02-14bb-4e41-8933-4a2e9022b2ec,545,0.5629069209098816,0.001943383482284844,0.5658220052719116
479eea02-14bb-4e41-8933-4a2e9022b2ec,546,0.5621427893638611,0.0021127311047166586,0.5653119087219238
479eea02-14bb-4e41-8933-4a2e9022b2ec,547,0.5592035055160522,0.0019738818518817425,0.562164306640625
479eea02-14bb-4e41-8933-4a2e9022b2ec,548,0.5617796182632446,0.0018056383123621345,0.5644880533218384
479eea02-14bb-4e41-8933-4a2e9022b2ec,549,0.5675629377365112,0.0020953433122485876,0.5707059502601624
479eea02-14bb-4e41-8933-4a2e9022b2ec,550,0.5643540620803833,0.00212482875213027,0.5675413012504578
479eea02-14bb-4e41-8933-4a2e9022b2ec,551,0.5623355507850647,0.001977783627808094,0.5653022527694702
479eea02-14bb-4e41-8933-4a2e9022b2ec,552,0.5589663982391357,0.002017401624470949,0.5619925260543823
479eea02-14bb-4e41-8933-4a2e9022b2ec,553,0.5586203932762146,0.0021092991810292006,0.5617843270301819
479eea02-14bb-4e41-8933-4a2e9022b2ec,554,0.5657793879508972,0.0021016534883528948,0.5689318776130676
479eea02-14bb-4e41-8933-4a2e9022b2ec,555,0.561007022857666,0.0020260168239474297,0.5640460252761841
479eea02-14bb-4e41-8933-4a2e9022b2ec,556,0.570695698261261,0.0019391340902075171,0.5736044049263
479eea02-14bb-4e41-8933-4a2e9022b2ec,557,0.5677247643470764,0.002268961863592267,0.5711281895637512
479eea02-14bb-4e41-8933-4a2e9022b2ec,558,0.5584489107131958,0.0021484666503965855,0.5616716146469116
479eea02-14bb-4e41-8933-4a2e9022b2ec,559,0.5712621212005615,0.0019934328738600016,0.5742522478103638
479eea02-14bb-4e41-8933-4a2e9022b2ec,560,0.5655160546302795,0.002438038121908903,0.5691730976104736
479eea02-14bb-4e41-8933-4a2e9022b2ec,561,0.560438334941864,0.0022762701846659184,0.5638527274131775
479eea02-14bb-4e41-8933-4a2e9022b2ec,562,0.5602211952209473,0.0019541627261787653,0.5631524324417114
479eea02-14bb-4e41-8933-4a2e9022b2ec,563,0.5678284168243408,0.0021684016101062298,0.5710810422897339
479eea02-14bb-4e41-8933-4a2e9022b2ec,564,0.5635712146759033,0.002378008794039488,0.5671382546424866
479eea02-14bb-4e41-8933-4a2e9022b2ec,565,0.5703434348106384,0.002120149089023471,0.5735236406326294
479eea02-14bb-4e41-8933-4a2e9022b2ec,566,0.5603788495063782,0.0022614034824073315,0.5637709498405457
479eea02-14bb-4e41-8933-4a2e9022b2ec,567,0.5678481459617615,0.002288024639710784,0.5712801814079285
479eea02-14bb-4e41-8933-4a2e9022b2ec,568,0.5749449729919434,0.0023667332716286182,0.5784950852394104
479eea02-14bb-4e41-8933-4a2e9022b2ec,569,0.5665094256401062,0.0024669405538588762,0.5702098608016968
479eea02-14bb-4e41-8933-4a2e9022b2ec,570,0.549997091293335,0.0020945612341165543,0.5531389117240906
479eea02-14bb-4e41-8933-4a2e9022b2ec,571,0.5707221031188965,0.002231724327430129,0.5740696787834167
479eea02-14bb-4e41-8933-4a2e9022b2ec,572,0.5526485443115234,0.0025532564613968134,0.5564784407615662
479eea02-14bb-4e41-8933-4a2e9022b2ec,573,0.5524897575378418,0.0020481953397393227,0.5555620789527893
479eea02-14bb-4e41-8933-4a2e9022b2ec,574,0.5646202564239502,0.002159057417884469,0.5678588151931763
479eea02-14bb-4e41-8933-4a2e9022b2ec,575,0.5687881112098694,0.002602075692266226,0.5726912021636963
479eea02-14bb-4e41-8933-4a2e9022b2ec,576,0.5580126047134399,0.0023119745310395956,0.5614805817604065
479eea02-14bb-4e41-8933-4a2e9022b2ec,577,0.5564965605735779,0.0021803593263030052,0.5597671270370483
479eea02-14bb-4e41-8933-4a2e9022b2ec,578,0.5559887886047363,0.0024559206794947386,0.5596726536750793
479eea02-14bb-4e41-8933-4a2e9022b2ec,579,0.5634602308273315,0.002237873151898384,0.566817045211792
479eea02-14bb-4e41-8933-4a2e9022b2ec,580,0.5574195384979248,0.0023227441124618053,0.5609036684036255
479eea02-14bb-4e41-8933-4a2e9022b2ec,581,0.5527924299240112,0.0024566221982240677,0.5564773678779602
479eea02-14bb-4e41-8933-4a2e9022b2ec,582,0.5646569132804871,0.002119904151186347,0.5678367614746094
479eea02-14bb-4e41-8933-4a2e9022b2ec,583,0.5615363121032715,0.0023623208981007338,0.5650798082351685
479eea02-14bb-4e41-8933-4a2e9022b2ec,584,0.5556796193122864,0.002631982322782278,0.5596275925636292
479eea02-14bb-4e41-8933-4a2e9022b2ec,585,0.5556299090385437,0.002392320428043604,0.5592184066772461
479eea02-14bb-4e41-8933-4a2e9022b2ec,586,0.5551252365112305,0.002295485697686672,0.5585684776306152
479eea02-14bb-4e41-8933-4a2e9022b2ec,587,0.558066725730896,0.0024453378282487392,0.5617347359657288
479eea02-14bb-4e41-8933-4a2e9022b2ec,588,0.5605077147483826,0.0022825743071734905,0.5639315843582153
479eea02-14bb-4e41-8933-4a2e9022b2ec,589,0.5635372996330261,0.0024230016861110926,0.5671718120574951
479eea02-14bb-4e41-8933-4a2e9022b2ec,590,0.5598912239074707,0.0024980860762298107,0.5636383295059204
479eea02-14bb-4e41-8933-4a2e9022b2ec,591,0.5533879995346069,0.002423612168058753,0.5570234060287476
479eea02-14bb-4e41-8933-4a2e9022b2ec,592,0.5537168979644775,0.002315952442586422,0.5571908354759216
479eea02-14bb-4e41-8933-4a2e9022b2ec,593,0.5584683418273926,0.002644891384989023,0.5624356865882874
479eea02-14bb-4e41-8933-4a2e9022b2ec,594,0.5616613030433655,0.002593470038846135,0.5655515193939209
479eea02-14bb-4e41-8933-4a2e9022b2ec,595,0.5590972304344177,0.0022853570990264416,0.5625252723693848
479eea02-14bb-4e41-8933-4a2e9022b2ec,596,0.5628116726875305,0.002453719964250922,0.5664922595024109
479eea02-14bb-4e41-8933-4a2e9022b2ec,597,0.5542013645172119,0.0026358705945312977,0.5581551790237427
479eea02-14bb-4e41-8933-4a2e9022b2ec,598,0.5513922572135925,0.002399653196334839,0.5549917221069336
479eea02-14bb-4e41-8933-4a2e9022b2ec,599,0.5557017922401428,0.002408459549769759,0.559314489364624
