Run ID,Num Neurons,Embedding Size,Learning Rate,Num Heads,ROC-AUC,Precision,Recall,F1,#GT Edges,#Predicted Edges,Top 20% Edges,#Overlapping in Top20,Model,EPR
c128ff3b-a896-4b20-98d9-5c1275ce6e6f,512,16,0.0005,8,0.4850951506078751,0.018337078651685393,0.4473684210526316,0.03523011829721095,,,,,GAT_VGAE,1.030701754385965
c128ff3b-a896-4b20-98d9-5c1275ce6e6f,512,16,0.0005,8,0.5010859461300684,0.02069797661035827,0.48903508771929827,0.039715048975957255,,,,,GAT_VGAE,0.899122807017544
c128ff3b-a896-4b20-98d9-5c1275ce6e6f,512,16,0.0005,8,0.4961029396549803,0.020242537313432837,0.4758771929824561,0.03883321403006442,,,,,GAT_VGAE,1.0526315789473684
c128ff3b-a896-4b20-98d9-5c1275ce6e6f,512,16,0.0005,8,0.5026265749999205,0.020150892942412377,0.46271929824561403,0.038619932277843876,,,,,GAT_VGAE,0.8114035087719299
c128ff3b-a896-4b20-98d9-5c1275ce6e6f,512,16,0.0005,8,0.5005317813336644,0.02082105676684345,0.4649122807017544,0.03985711599924798,,,,,GAT_VGAE,0.899122807017544
c128ff3b-a896-4b20-98d9-5c1275ce6e6f,512,16,0.0005,8,0.4948830906767008,0.019904052260896192,0.4276315789473684,0.038037647517799665,,,,,GAT_VGAE,0.8552631578947368
c128ff3b-a896-4b20-98d9-5c1275ce6e6f,512,16,0.0005,8,0.49041878364483155,0.020532397853900125,0.43640350877192985,0.03921955065037446,,,,,GAT_VGAE,0.7894736842105263
c128ff3b-a896-4b20-98d9-5c1275ce6e6f,512,16,0.0005,8,0.4913007915588281,0.019947780678851175,0.41885964912280704,0.038081945967500745,,,,,GAT_VGAE,0.8552631578947368
c128ff3b-a896-4b20-98d9-5c1275ce6e6f,512,16,0.0005,8,0.48948668651532656,0.019321597252039503,0.39473684210526316,0.036839950880065496,,,,,GAT_VGAE,0.8552631578947368
c128ff3b-a896-4b20-98d9-5c1275ce6e6f,512,16,0.0005,8,0.4863850846950437,0.018791653009942094,0.37719298245614036,0.035799771047975854,,,,,GAT_VGAE,0.8552631578947368
c128ff3b-a896-4b20-98d9-5c1275ce6e6f,512,16,0.0005,8,0.4886480527780166,0.01946710168569875,0.3925438596491228,0.037094601595689565,,,,,GAT_VGAE,0.7456140350877194
c128ff3b-a896-4b20-98d9-5c1275ce6e6f,512,16,0.0005,8,0.4861223525835092,0.019789376229603056,0.375,0.03759481147631087,,,,,GAT_VGAE,0.5921052631578948
c128ff3b-a896-4b20-98d9-5c1275ce6e6f,512,16,0.0005,8,0.4839026591951663,0.019618961215695167,0.3793859649122807,0.03730860470131551,,,,,GAT_VGAE,0.7894736842105263
c128ff3b-a896-4b20-98d9-5c1275ce6e6f,512,16,0.0005,8,0.4810796071334206,0.01920838183934808,0.3618421052631579,0.03648021224850763,,,,,GAT_VGAE,0.7236842105263158
c128ff3b-a896-4b20-98d9-5c1275ce6e6f,512,16,0.0005,8,0.48330283213477343,0.019820038910505836,0.3574561403508772,0.037557603686635944,,,,,GAT_VGAE,0.7017543859649124
c128ff3b-a896-4b20-98d9-5c1275ce6e6f,512,16,0.0005,8,0.4705966854170447,0.017655897821187077,0.3092105263157895,0.033404406538734895,,,,,GAT_VGAE,0.6798245614035088
c128ff3b-a896-4b20-98d9-5c1275ce6e6f,512,16,0.0005,8,0.4910626812563072,0.020523138832997986,0.3355263157894737,0.038680318543799774,,,,,GAT_VGAE,0.5701754385964912
c128ff3b-a896-4b20-98d9-5c1275ce6e6f,512,16,0.0005,8,0.47594409466553333,0.01903636602336878,0.31798245614035087,0.035922209835253315,,,,,GAT_VGAE,0.7236842105263158
c128ff3b-a896-4b20-98d9-5c1275ce6e6f,512,16,0.0005,8,0.4790530581580062,0.01791713325867861,0.2807017543859649,0.03368421052631579,,,,,GAT_VGAE,0.5701754385964912
c128ff3b-a896-4b20-98d9-5c1275ce6e6f,512,16,0.0005,8,0.47927142127228795,0.01836587129428778,0.27850877192982454,0.034459367792701125,,,,,GAT_VGAE,0.5263157894736842
c128ff3b-a896-4b20-98d9-5c1275ce6e6f,512,16,0.0005,8,0.4809501312367291,0.018674001158077592,0.28289473684210525,0.03503530689842477,,,,,GAT_VGAE,0.5043859649122807
c128ff3b-a896-4b20-98d9-5c1275ce6e6f,512,16,0.0005,8,0.48201130633469896,0.017740429505135387,0.25,0.03312990409764603,,,,,GAT_VGAE,0.5701754385964912
c128ff3b-a896-4b20-98d9-5c1275ce6e6f,512,16,0.0005,8,0.47668473857707233,0.01866549088771311,0.27850877192982454,0.0349862258953168,,,,,GAT_VGAE,0.7456140350877194
c128ff3b-a896-4b20-98d9-5c1275ce6e6f,512,16,0.0005,8,0.47497971560865504,0.016758940595540926,0.24561403508771928,0.03137694354951674,,,,,GAT_VGAE,0.6359649122807018
c128ff3b-a896-4b20-98d9-5c1275ce6e6f,512,16,0.0005,8,0.4687712891601167,0.01612398246712586,0.22587719298245615,0.03009935710111046,,,,,GAT_VGAE,0.6359649122807018
c128ff3b-a896-4b20-98d9-5c1275ce6e6f,512,16,0.0005,8,0.47474299805492687,0.01782896812874724,0.24780701754385964,0.03326464527524286,,,,,GAT_VGAE,0.5921052631578948
c128ff3b-a896-4b20-98d9-5c1275ce6e6f,512,16,0.0005,8,0.4763608250007163,0.015582191780821918,0.19956140350877194,0.028907242693773826,,,,,GAT_VGAE,0.5263157894736842
c128ff3b-a896-4b20-98d9-5c1275ce6e6f,512,16,0.0005,8,0.47184185257873407,0.017365169477375188,0.22807017543859648,0.032273079906904575,,,,,GAT_VGAE,0.5921052631578948
c128ff3b-a896-4b20-98d9-5c1275ce6e6f,512,16,0.0005,8,0.47306573058030665,0.01714393368500377,0.19956140350877194,0.03157529493407356,,,,,GAT_VGAE,0.5482456140350878
c128ff3b-a896-4b20-98d9-5c1275ce6e6f,512,16,0.0005,8,0.4759896077064372,0.016766678432756796,0.20833333333333334,0.031035609278013722,,,,,GAT_VGAE,0.6578947368421053
c128ff3b-a896-4b20-98d9-5c1275ce6e6f,512,16,0.0005,8,0.47665882350132266,0.014484126984126985,0.1600877192982456,0.026564774381368266,,,,,GAT_VGAE,0.4385964912280702
c128ff3b-a896-4b20-98d9-5c1275ce6e6f,512,16,0.0005,8,0.47437690408656374,0.014827018121911038,0.15789473684210525,0.02710843373493976,,,,,GAT_VGAE,0.5263157894736842
c128ff3b-a896-4b20-98d9-5c1275ce6e6f,512,16,0.0005,8,0.4677420975433504,0.014566929133858268,0.16228070175438597,0.026734104046242775,,,,,GAT_VGAE,0.5921052631578948
c128ff3b-a896-4b20-98d9-5c1275ce6e6f,512,16,0.0005,8,0.4699536831440786,0.015304067660088603,0.16666666666666666,0.028033935817041684,,,,,GAT_VGAE,0.5263157894736842
c128ff3b-a896-4b20-98d9-5c1275ce6e6f,512,16,0.0005,8,0.470246210131571,0.01649528706083976,0.16885964912280702,0.030054644808743168,,,,,GAT_VGAE,0.5482456140350878
c128ff3b-a896-4b20-98d9-5c1275ce6e6f,512,16,0.0005,8,0.47421947373196194,0.01478977392774139,0.15350877192982457,0.02698015031798034,,,,,GAT_VGAE,0.6140350877192983
c128ff3b-a896-4b20-98d9-5c1275ce6e6f,512,16,0.0005,8,0.471132296809889,0.015333333333333332,0.1513157894736842,0.02784503631961259,,,,,GAT_VGAE,0.5921052631578948
c128ff3b-a896-4b20-98d9-5c1275ce6e6f,512,16,0.0005,8,0.4737335038853713,0.01551362683438155,0.16228070175438597,0.028319938767699962,,,,,GAT_VGAE,0.5482456140350878
c128ff3b-a896-4b20-98d9-5c1275ce6e6f,512,16,0.0005,8,0.473031309788716,0.016238753565942506,0.16228070175438597,0.02952323957709954,,,,,GAT_VGAE,0.5263157894736842
c128ff3b-a896-4b20-98d9-5c1275ce6e6f,512,16,0.0005,8,0.4720228104397266,0.014246947082767978,0.13815789473684212,0.025830258302583026,,,,,GAT_VGAE,0.5482456140350878
c128ff3b-a896-4b20-98d9-5c1275ce6e6f,512,16,0.0005,8,0.47164408225017274,0.013068478829064296,0.10964912280701754,0.023353573096683792,,,,,GAT_VGAE,0.5921052631578948
c128ff3b-a896-4b20-98d9-5c1275ce6e6f,512,16,0.0005,8,0.4772563624744132,0.015565195202857872,0.1337719298245614,0.027885714285714285,,,,,GAT_VGAE,0.5043859649122807
c128ff3b-a896-4b20-98d9-5c1275ce6e6f,512,16,0.0005,8,0.4716566667303352,0.014310820989204118,0.125,0.025681459788240595,,,,,GAT_VGAE,0.5701754385964912
c128ff3b-a896-4b20-98d9-5c1275ce6e6f,512,16,0.0005,8,0.4723983054624403,0.013095861707700367,0.10964912280701754,0.02339728591483388,,,,,GAT_VGAE,0.5043859649122807
c128ff3b-a896-4b20-98d9-5c1275ce6e6f,512,16,0.0005,8,0.4706742814212086,0.01211120286264795,0.09649122807017543,0.02152115431645879,,,,,GAT_VGAE,0.5482456140350878
c128ff3b-a896-4b20-98d9-5c1275ce6e6f,512,16,0.0005,8,0.4688494820566204,0.01234914397979231,0.09649122807017543,0.021895994028365263,,,,,GAT_VGAE,0.4824561403508772
c128ff3b-a896-4b20-98d9-5c1275ce6e6f,512,16,0.0005,8,0.4729876371658597,0.011695906432748537,0.08333333333333333,0.020512820512820513,,,,,GAT_VGAE,0.5482456140350878
c128ff3b-a896-4b20-98d9-5c1275ce6e6f,512,16,0.0005,8,0.47232717579195677,0.01216764308246958,0.11842105263157894,0.022067838169186758,,,,,GAT_VGAE,0.5482456140350878
c128ff3b-a896-4b20-98d9-5c1275ce6e6f,512,16,0.0005,8,0.462413838590761,0.012260765550239234,0.08991228070175439,0.02157894736842105,,,,,GAT_VGAE,0.5482456140350878
c128ff3b-a896-4b20-98d9-5c1275ce6e6f,512,16,0.0005,8,0.47096009336987904,0.013726635514018691,0.10307017543859649,0.02422680412371134,,,,,GAT_VGAE,0.5921052631578948
c128ff3b-a896-4b20-98d9-5c1275ce6e6f,512,16,0.0005,8,0.4662002251477905,0.010904425914047467,0.07456140350877193,0.019026301063234472,,,,,GAT_VGAE,0.5701754385964912
c128ff3b-a896-4b20-98d9-5c1275ce6e6f,512,16,0.0005,8,0.46660158550522557,0.01148691767708998,0.07894736842105263,0.020055710306406686,,,,,GAT_VGAE,0.5701754385964912
c128ff3b-a896-4b20-98d9-5c1275ce6e6f,512,16,0.0005,8,0.4662832429240403,0.01221001221001221,0.08771929824561403,0.021436227224008574,,,,,GAT_VGAE,0.5263157894736842
c128ff3b-a896-4b20-98d9-5c1275ce6e6f,512,16,0.0005,8,0.4680708857404807,0.011669367909238249,0.07894736842105263,0.020333239197966677,,,,,GAT_VGAE,0.5482456140350878
c128ff3b-a896-4b20-98d9-5c1275ce6e6f,512,16,0.0005,8,0.4629181131357699,0.012242626599888704,0.09649122807017543,0.021728395061728394,,,,,GAT_VGAE,0.5701754385964912
c128ff3b-a896-4b20-98d9-5c1275ce6e6f,512,16,0.0005,8,0.4673815248291296,0.011224826675470452,0.07456140350877193,0.01951219512195122,,,,,GAT_VGAE,0.5043859649122807
c128ff3b-a896-4b20-98d9-5c1275ce6e6f,512,16,0.0005,8,0.4647259508097043,0.011003236245954692,0.07456140350877193,0.019176536943034405,,,,,GAT_VGAE,0.5263157894736842
c128ff3b-a896-4b20-98d9-5c1275ce6e6f,512,16,0.0005,8,0.47149764466282745,0.011494252873563218,0.07675438596491228,0.019994287346472437,,,,,GAT_VGAE,0.5701754385964912
c128ff3b-a896-4b20-98d9-5c1275ce6e6f,512,16,0.0005,8,0.46817514293581897,0.011753183153770812,0.07894736842105263,0.020460358056265986,,,,,GAT_VGAE,0.5263157894736842
c128ff3b-a896-4b20-98d9-5c1275ce6e6f,512,16,0.0005,8,0.4701574223960373,0.012087553087226397,0.08114035087719298,0.02104065965311345,,,,,GAT_VGAE,0.5701754385964912
f9f1050d-d5e7-4ee3-8df0-41c3b7dfc344,512,16,0.0005,8,0.4961966020112885,0.020627062706270627,0.4934210526315789,0.0395987328405491,,,,,GAT_VGAE,0.7894736842105263
f9f1050d-d5e7-4ee3-8df0-41c3b7dfc344,512,16,0.0005,8,0.48719700750015116,0.019683237205895817,0.47149122807017546,0.03778890939449864,,,,,GAT_VGAE,0.986842105263158
f9f1050d-d5e7-4ee3-8df0-41c3b7dfc344,512,16,0.0005,8,0.48429158429552377,0.019659486407675664,0.4583333333333333,0.03770181293406692,,,,,GAT_VGAE,0.8114035087719299
f9f1050d-d5e7-4ee3-8df0-41c3b7dfc344,512,16,0.0005,8,0.4797004376414635,0.018848167539267015,0.4342105263157895,0.03612809050269136,,,,,GAT_VGAE,0.8771929824561404
f9f1050d-d5e7-4ee3-8df0-41c3b7dfc344,512,16,0.0005,8,0.4850856500714679,0.018697926758380157,0.4232456140350877,0.0358136945629987,,,,,GAT_VGAE,0.899122807017544
f9f1050d-d5e7-4ee3-8df0-41c3b7dfc344,512,16,0.0005,8,0.47899207565729784,0.017780441514334232,0.39035087719298245,0.03401165567975542,,,,,GAT_VGAE,0.899122807017544
f9f1050d-d5e7-4ee3-8df0-41c3b7dfc344,512,16,0.0005,8,0.47844353159709285,0.01998776259433,0.4298245614035088,0.03819918144611187,,,,,GAT_VGAE,0.7456140350877194
89565707-0ca0-4976-83df-b48ceec20f9c,512,16,0.0005,8,0.4967713098523846,0.019764957264957264,0.4868421052631579,0.037987679671457907,,,,,GAT_VGAE,1.030701754385965
89565707-0ca0-4976-83df-b48ceec20f9c,512,16,0.0005,8,0.5146071990787165,0.021268990169794458,0.5219298245614035,0.0408724025416452,,,,,GAT_VGAE,1.0526315789473684
89565707-0ca0-4976-83df-b48ceec20f9c,512,16,0.0005,8,0.5072816886163876,0.020695215911127038,0.506578947368421,0.03976588053021174,,,,,GAT_VGAE,0.9429824561403509
89565707-0ca0-4976-83df-b48ceec20f9c,512,16,0.0005,8,0.5024293020816422,0.0209178613290055,0.5087719298245614,0.04018359747120464,,,,,GAT_VGAE,0.9649122807017544
89565707-0ca0-4976-83df-b48ceec20f9c,512,16,0.0005,8,0.508488853632448,0.02107964439556411,0.5043859649122807,0.04046802146564617,,,,,GAT_VGAE,0.9429824561403509
89565707-0ca0-4976-83df-b48ceec20f9c,512,16,0.0005,8,0.5079340422026759,0.02073647015064162,0.48903508771929827,0.03978590544157003,,,,,GAT_VGAE,1.074561403508772
89565707-0ca0-4976-83df-b48ceec20f9c,512,16,0.0005,8,0.5095959396995483,0.020977065075517436,0.4934210526315789,0.040243248077267035,,,,,GAT_VGAE,0.899122807017544
89565707-0ca0-4976-83df-b48ceec20f9c,512,16,0.0005,8,0.5080465066676854,0.021284505994980947,0.5021929824561403,0.040838163174320104,,,,,GAT_VGAE,1.030701754385965
89565707-0ca0-4976-83df-b48ceec20f9c,512,16,0.0005,8,0.5007027909889948,0.020442769665567594,0.4758771929824561,0.03920151747809593,,,,,GAT_VGAE,0.9429824561403509
89565707-0ca0-4976-83df-b48ceec20f9c,512,16,0.0005,8,0.5098553391621861,0.021157495256166982,0.48903508771929827,0.04056020371044016,,,,,GAT_VGAE,1.0964912280701755
89565707-0ca0-4976-83df-b48ceec20f9c,512,16,0.0005,8,0.5028703557796688,0.021561550151975684,0.49780701754385964,0.041332847778587034,,,,,GAT_VGAE,1.0087719298245614
89565707-0ca0-4976-83df-b48ceec20f9c,512,16,0.0005,8,0.5187685335071484,0.02151471297636276,0.48903508771929827,0.041216153775067,,,,,GAT_VGAE,0.9429824561403509
89565707-0ca0-4976-83df-b48ceec20f9c,512,16,0.0005,8,0.4968207524345249,0.020476509424935414,0.4692982456140351,0.03924085449711195,,,,,GAT_VGAE,0.986842105263158
89565707-0ca0-4976-83df-b48ceec20f9c,512,16,0.0005,8,0.5103090768224318,0.021080240917039052,0.4758771929824561,0.04037209302325581,,,,,GAT_VGAE,1.162280701754386
89565707-0ca0-4976-83df-b48ceec20f9c,512,16,0.0005,8,0.5020953408175675,0.020831266739410773,0.4605263157894737,0.03985954256429724,,,,,GAT_VGAE,0.9429824561403509
89565707-0ca0-4976-83df-b48ceec20f9c,512,16,0.0005,8,0.49124562875843214,0.019818252126836813,0.44956140350877194,0.03796296296296296,,,,,GAT_VGAE,1.0964912280701755
89565707-0ca0-4976-83df-b48ceec20f9c,512,16,0.0005,8,0.501335397387044,0.020958083832335328,0.4605263157894737,0.04009163802978236,,,,,GAT_VGAE,0.9429824561403509
89565707-0ca0-4976-83df-b48ceec20f9c,512,16,0.0005,8,0.4931177815819716,0.020003865481252416,0.45394736842105265,0.038319141058867086,,,,,GAT_VGAE,1.0964912280701755
89565707-0ca0-4976-83df-b48ceec20f9c,512,16,0.0005,8,0.5012222862886666,0.020974830203755495,0.4605263157894737,0.04012227741688957,,,,,GAT_VGAE,0.9429824561403509
89565707-0ca0-4976-83df-b48ceec20f9c,512,16,0.0005,8,0.49300899795305725,0.02012171181782489,0.44956140350877194,0.03851935362645622,,,,,GAT_VGAE,0.8771929824561404
89565707-0ca0-4976-83df-b48ceec20f9c,512,16,0.0005,8,0.49895518970034414,0.020500689927064854,0.45614035087719296,0.039237879645349936,,,,,GAT_VGAE,1.0964912280701755
89565707-0ca0-4976-83df-b48ceec20f9c,512,16,0.0005,8,0.49972348962362356,0.02084809229835037,0.4517543859649123,0.0398568249975815,,,,,GAT_VGAE,0.8552631578947368
89565707-0ca0-4976-83df-b48ceec20f9c,512,16,0.0005,8,0.5042429594558888,0.020837610346951346,0.4451754385964912,0.0398117277897627,,,,,GAT_VGAE,1.1184210526315792
89565707-0ca0-4976-83df-b48ceec20f9c,512,16,0.0005,8,0.4948690637067174,0.019524959742351047,0.42543859649122806,0.03733641262509623,,,,,GAT_VGAE,0.8552631578947368
89565707-0ca0-4976-83df-b48ceec20f9c,512,16,0.0005,8,0.4964086480149748,0.020554248900705594,0.4407894736842105,0.039276990718124086,,,,,GAT_VGAE,1.0526315789473684
89565707-0ca0-4976-83df-b48ceec20f9c,512,16,0.0005,8,0.4956693968522286,0.020109135004042038,0.43640350877192985,0.03844667697063369,,,,,GAT_VGAE,0.8333333333333333
89565707-0ca0-4976-83df-b48ceec20f9c,512,16,0.0005,8,0.49777085581627817,0.020327610025656206,0.4517543859649123,0.03890462700661001,,,,,GAT_VGAE,0.8771929824561404
89565707-0ca0-4976-83df-b48ceec20f9c,512,16,0.0005,8,0.4951975037166496,0.01992268807612251,0.4407894736842105,0.03812233285917496,,,,,GAT_VGAE,0.9429824561403509
89565707-0ca0-4976-83df-b48ceec20f9c,512,16,0.0005,8,0.5027410788470905,0.020886140119639057,0.4517543859649123,0.03992634945246632,,,,,GAT_VGAE,1.0087719298245614
89565707-0ca0-4976-83df-b48ceec20f9c,512,16,0.0005,8,0.4970694575760759,0.02023608768971332,0.42105263157894735,0.038616251005631534,,,,,GAT_VGAE,0.8333333333333333
89565707-0ca0-4976-83df-b48ceec20f9c,512,16,0.0005,8,0.500653746335081,0.02054578021283321,0.4276315789473684,0.03920780134713984,,,,,GAT_VGAE,1.0087719298245614
89565707-0ca0-4976-83df-b48ceec20f9c,512,16,0.0005,8,0.4929977564806591,0.020212436836134887,0.4298245614035088,0.03860927804589776,,,,,GAT_VGAE,0.7017543859649124
89565707-0ca0-4976-83df-b48ceec20f9c,512,16,0.0005,8,0.4915349723201126,0.01995637949836423,0.40131578947368424,0.03802202368585082,,,,,GAT_VGAE,1.0087719298245614
89565707-0ca0-4976-83df-b48ceec20f9c,512,16,0.0005,8,0.4985087639712601,0.021079258010118045,0.43859649122807015,0.04022526146419952,,,,,GAT_VGAE,0.8771929824561404
89565707-0ca0-4976-83df-b48ceec20f9c,512,16,0.0005,8,0.4806780478118723,0.019573322286661143,0.4144736842105263,0.03738132911392405,,,,,GAT_VGAE,0.7894736842105263
89565707-0ca0-4976-83df-b48ceec20f9c,512,16,0.0005,8,0.4835224387747631,0.02003566558271268,0.41885964912280704,0.038242066272900194,,,,,GAT_VGAE,0.8114035087719299
89565707-0ca0-4976-83df-b48ceec20f9c,512,16,0.0005,8,0.48985904785325685,0.019310786301077562,0.3969298245614035,0.03682978939871808,,,,,GAT_VGAE,0.7236842105263158
89565707-0ca0-4976-83df-b48ceec20f9c,512,16,0.0005,8,0.5004353832207992,0.02143236074270557,0.44298245614035087,0.040886549944337616,,,,,GAT_VGAE,0.8114035087719299
89565707-0ca0-4976-83df-b48ceec20f9c,512,16,0.0005,8,0.49694346355136615,0.02003446790176648,0.40789473684210525,0.038193018480492814,,,,,GAT_VGAE,0.9210526315789475
89565707-0ca0-4976-83df-b48ceec20f9c,512,16,0.0005,8,0.48201384312714285,0.018079932332417,0.375,0.034496671373814805,,,,,GAT_VGAE,0.8333333333333333
89565707-0ca0-4976-83df-b48ceec20f9c,512,16,0.0005,8,0.4816723709677933,0.019253270928624614,0.3969298245614035,0.03672516992999898,,,,,GAT_VGAE,0.7236842105263158
89565707-0ca0-4976-83df-b48ceec20f9c,512,16,0.0005,8,0.486286995387216,0.020536781484298598,0.4144736842105263,0.039134485971632674,,,,,GAT_VGAE,0.6798245614035088
89565707-0ca0-4976-83df-b48ceec20f9c,512,16,0.0005,8,0.4917195612761718,0.019551588566571035,0.40350877192982454,0.037296037296037296,,,,,GAT_VGAE,0.7675438596491229
89565707-0ca0-4976-83df-b48ceec20f9c,512,16,0.0005,8,0.49332142135187357,0.02125506072874494,0.4144736842105263,0.04043645699614891,,,,,GAT_VGAE,0.986842105263158
89565707-0ca0-4976-83df-b48ceec20f9c,512,16,0.0005,8,0.4915401951280851,0.020723684210526314,0.4144736842105263,0.039473684210526314,,,,,GAT_VGAE,0.7894736842105263
89565707-0ca0-4976-83df-b48ceec20f9c,512,16,0.0005,8,0.48366743387228733,0.019559109574238166,0.3969298245614035,0.037281153450051494,,,,,GAT_VGAE,0.8333333333333333
89565707-0ca0-4976-83df-b48ceec20f9c,512,16,0.0005,8,0.4893053307261076,0.019373219373219373,0.37280701754385964,0.03683241252302026,,,,,GAT_VGAE,1.0087719298245614
89565707-0ca0-4976-83df-b48ceec20f9c,512,16,0.0005,8,0.4845372054933196,0.020451339915373765,0.3815789473684211,0.038821954484605084,,,,,GAT_VGAE,0.9429824561403509
89565707-0ca0-4976-83df-b48ceec20f9c,512,16,0.0005,8,0.48508540136632633,0.019259737465031204,0.3925438596491228,0.036717948717948715,,,,,GAT_VGAE,0.7456140350877194
89565707-0ca0-4976-83df-b48ceec20f9c,512,16,0.0005,8,0.4839323048480392,0.0200313339301701,0.3925438596491228,0.0381175468483816,,,,,GAT_VGAE,0.7675438596491229
89565707-0ca0-4976-83df-b48ceec20f9c,512,16,0.0005,8,0.4804843562476323,0.020157037384272825,0.37719298245614036,0.03826899543886973,,,,,GAT_VGAE,0.9210526315789475
89565707-0ca0-4976-83df-b48ceec20f9c,512,16,0.0005,8,0.49021176148500445,0.019358469330332022,0.37719298245614036,0.03682689219569639,,,,,GAT_VGAE,0.8771929824561404
89565707-0ca0-4976-83df-b48ceec20f9c,512,16,0.0005,8,0.4859457221919797,0.019020501138952164,0.36622807017543857,0.036162841056734514,,,,,GAT_VGAE,0.899122807017544
89565707-0ca0-4976-83df-b48ceec20f9c,512,16,0.0005,8,0.4926455402591945,0.020062847474014985,0.36403508771929827,0.038029782359679264,,,,,GAT_VGAE,0.8114035087719299
89565707-0ca0-4976-83df-b48ceec20f9c,512,16,0.0005,8,0.4860638073931881,0.019972131908964234,0.37719298245614036,0.037935597706219674,,,,,GAT_VGAE,0.8333333333333333
89565707-0ca0-4976-83df-b48ceec20f9c,512,16,0.0005,8,0.4817476788846549,0.0192443919716647,0.3574561403508772,0.03652251848532377,,,,,GAT_VGAE,0.6798245614035088
89565707-0ca0-4976-83df-b48ceec20f9c,512,16,0.0005,8,0.47332025542217004,0.01825032379606735,0.3399122807017544,0.034640741982344396,,,,,GAT_VGAE,0.7675438596491229
89565707-0ca0-4976-83df-b48ceec20f9c,512,16,0.0005,8,0.47861643141149923,0.01834215167548501,0.34210526315789475,0.03481754268496819,,,,,GAT_VGAE,0.6578947368421053
89565707-0ca0-4976-83df-b48ceec20f9c,512,16,0.0005,8,0.49273950106167247,0.019515904194652135,0.33771929824561403,0.03689948484485444,,,,,GAT_VGAE,0.9429824561403509
89565707-0ca0-4976-83df-b48ceec20f9c,512,16,0.0005,8,0.48683742960649673,0.019289578922606444,0.35964912280701755,0.03661531591873186,,,,,GAT_VGAE,0.7456140350877194
bb3bac36-acaf-4972-929c-227dafac2df7,512,16,0.0005,8,0.5127583250564263,0.02148894083797878,0.5241228070175439,0.04128519606149594,,,,,GAT_VGAE,0.9210526315789475
bb3bac36-acaf-4972-929c-227dafac2df7,512,16,0.0005,8,0.5256270254546728,0.022336769759450172,0.5416666666666666,0.0429042904290429,,,,,GAT_VGAE,1.074561403508772
bb3bac36-acaf-4972-929c-227dafac2df7,512,16,0.0005,8,0.5148698317081944,0.02097140263277349,0.506578947368421,0.0402754772905588,,,,,GAT_VGAE,1.162280701754386
bb3bac36-acaf-4972-929c-227dafac2df7,512,16,0.0005,8,0.5098610593804417,0.020981606433126906,0.49780701754385964,0.04026607538802661,,,,,GAT_VGAE,0.9649122807017544
bb3bac36-acaf-4972-929c-227dafac2df7,512,16,0.0005,8,0.5202711602313713,0.021775235283262594,0.5175438596491229,0.04179210200106251,,,,,GAT_VGAE,1.0964912280701755
bb3bac36-acaf-4972-929c-227dafac2df7,512,16,0.0005,8,0.5143998784727197,0.020946756482421336,0.49780701754385964,0.04020189497919065,,,,,GAT_VGAE,1.1842105263157896
bb3bac36-acaf-4972-929c-227dafac2df7,512,16,0.0005,8,0.5170413260401048,0.021972884525479196,0.5153508771929824,0.04214868621648283,,,,,GAT_VGAE,1.074561403508772
bb3bac36-acaf-4972-929c-227dafac2df7,512,16,0.0005,8,0.5156220155383013,0.022093133987239312,0.5087719298245614,0.04234735785342703,,,,,GAT_VGAE,0.9649122807017544
bb3bac36-acaf-4972-929c-227dafac2df7,512,16,0.0005,8,0.5136856470472134,0.021972884525479196,0.5153508771929824,0.04214868621648283,,,,,GAT_VGAE,0.8552631578947368
bb3bac36-acaf-4972-929c-227dafac2df7,512,16,0.0005,8,0.5079858723541752,0.02051571616789008,0.4780701754385965,0.03934307886663057,,,,,GAT_VGAE,0.8114035087719299
bb3bac36-acaf-4972-929c-227dafac2df7,512,16,0.0005,8,0.5253131595660354,0.02215367358384745,0.5197368421052632,0.04249596557288865,,,,,GAT_VGAE,1.1403508771929824
bb3bac36-acaf-4972-929c-227dafac2df7,512,16,0.0005,8,0.5052731956342499,0.020721337112696706,0.4649122807017544,0.039674370730794425,,,,,GAT_VGAE,0.8114035087719299
bb3bac36-acaf-4972-929c-227dafac2df7,512,16,0.0005,8,0.4966072141999892,0.01958892212679726,0.4451754385964912,0.037526573620482485,,,,,GAT_VGAE,0.8333333333333333
bb3bac36-acaf-4972-929c-227dafac2df7,512,16,0.0005,8,0.513496531657578,0.021346469622331693,0.48464912280701755,0.04089184938477195,,,,,GAT_VGAE,0.9210526315789475
bb3bac36-acaf-4972-929c-227dafac2df7,512,16,0.0005,8,0.5065896416895077,0.021690278456277478,0.4868421052631579,0.041530259096436255,,,,,GAT_VGAE,1.0526315789473684
bb3bac36-acaf-4972-929c-227dafac2df7,512,16,0.0005,8,0.5072824347318123,0.021212121212121213,0.4758771929824561,0.040613887329215795,,,,,GAT_VGAE,1.1184210526315792
bb3bac36-acaf-4972-929c-227dafac2df7,512,16,0.0005,8,0.5109528749518507,0.021280807680886867,0.47149122807017546,0.040723553366796096,,,,,GAT_VGAE,0.9649122807017544
bb3bac36-acaf-4972-929c-227dafac2df7,512,16,0.0005,8,0.5132331031716472,0.021703795773974566,0.49780701754385964,0.04159413650939075,,,,,GAT_VGAE,0.8333333333333333
bb3bac36-acaf-4972-929c-227dafac2df7,512,16,0.0005,8,0.5092129337815596,0.02036599763872491,0.45394736842105265,0.03898305084745763,,,,,GAT_VGAE,0.8771929824561404
bb3bac36-acaf-4972-929c-227dafac2df7,512,16,0.0005,8,0.5152246344631312,0.021517104610808132,0.4758771929824561,0.04117256427283939,,,,,GAT_VGAE,0.986842105263158
bb3bac36-acaf-4972-929c-227dafac2df7,512,16,0.0005,8,0.5110350471306192,0.0213021302130213,0.46710526315789475,0.040746054519368725,,,,,GAT_VGAE,1.0526315789473684
bb3bac36-acaf-4972-929c-227dafac2df7,512,16,0.0005,8,0.5103508592862123,0.020804300218992634,0.4583333333333333,0.0398019424871453,,,,,GAT_VGAE,0.986842105263158
bb3bac36-acaf-4972-929c-227dafac2df7,512,16,0.0005,8,0.5174318925943965,0.021464007289662853,0.4649122807017544,0.041033581728442854,,,,,GAT_VGAE,0.9649122807017544
bb3bac36-acaf-4972-929c-227dafac2df7,512,16,0.0005,8,0.5212664284668304,0.022256410256410255,0.4758771929824561,0.04252400548696845,,,,,GAT_VGAE,1.206140350877193
bb3bac36-acaf-4972-929c-227dafac2df7,512,16,0.0005,8,0.5104062707917498,0.021158129175946547,0.4583333333333333,0.040449003290110315,,,,,GAT_VGAE,0.9429824561403509
bb3bac36-acaf-4972-929c-227dafac2df7,512,16,0.0005,8,0.5075465098511112,0.02040816326530612,0.44298245614035087,0.03901873672010817,,,,,GAT_VGAE,0.8552631578947368
bb3bac36-acaf-4972-929c-227dafac2df7,512,16,0.0005,8,0.5085340184861536,0.021223729164509784,0.44956140350877194,0.040533860603064756,,,,,GAT_VGAE,0.7675438596491229
bb3bac36-acaf-4972-929c-227dafac2df7,512,16,0.0005,8,0.509846186812977,0.02152986233309181,0.45614035087719296,0.04111890876742117,,,,,GAT_VGAE,1.030701754385965
bb3bac36-acaf-4972-929c-227dafac2df7,512,16,0.0005,8,0.5200553339095334,0.021473338128018084,0.4583333333333333,0.04102463440965747,,,,,GAT_VGAE,1.1184210526315792
bb3bac36-acaf-4972-929c-227dafac2df7,512,16,0.0005,8,0.5049814147621822,0.02139874739039666,0.44956140350877194,0.04085292945396572,,,,,GAT_VGAE,0.9649122807017544
bb3bac36-acaf-4972-929c-227dafac2df7,512,16,0.0005,8,0.507463740780003,0.020601040671126686,0.42543859649122806,0.03929909855160539,,,,,GAT_VGAE,0.986842105263158
bb3bac36-acaf-4972-929c-227dafac2df7,512,16,0.0005,8,0.517570670063382,0.021792260692464357,0.4692982456140351,0.041650447644998055,,,,,GAT_VGAE,0.9649122807017544
bb3bac36-acaf-4972-929c-227dafac2df7,512,16,0.0005,8,0.5036283095690596,0.020080736983749094,0.42543859649122806,0.038351289908075514,,,,,GAT_VGAE,0.986842105263158
bb3bac36-acaf-4972-929c-227dafac2df7,512,16,0.0005,8,0.5096814445272135,0.021530054644808744,0.43201754385964913,0.041016031646887365,,,,,GAT_VGAE,0.9429824561403509
bb3bac36-acaf-4972-929c-227dafac2df7,512,16,0.0005,8,0.5000278052348254,0.020612934889300907,0.4144736842105263,0.03927272727272727,,,,,GAT_VGAE,1.030701754385965
bb3bac36-acaf-4972-929c-227dafac2df7,512,16,0.0005,8,0.5095152597516291,0.020571790273235573,0.4276315789473684,0.03925515853044791,,,,,GAT_VGAE,0.986842105263158
bb3bac36-acaf-4972-929c-227dafac2df7,512,16,0.0005,8,0.5025269934612434,0.021002638522427442,0.43640350877192985,0.04007652804350015,,,,,GAT_VGAE,0.8771929824561404
bb3bac36-acaf-4972-929c-227dafac2df7,512,16,0.0005,8,0.5035214160992211,0.019795790789747865,0.4166666666666667,0.037795902128506066,,,,,GAT_VGAE,1.0526315789473684
bb3bac36-acaf-4972-929c-227dafac2df7,512,16,0.0005,8,0.5081148010995552,0.020908511993207386,0.43201754385964913,0.03988661672403321,,,,,GAT_VGAE,0.9429824561403509
bb3bac36-acaf-4972-929c-227dafac2df7,512,16,0.0005,8,0.5180424637169043,0.022681074141435754,0.4649122807017544,0.04325206569417525,,,,,GAT_VGAE,0.899122807017544
bb3bac36-acaf-4972-929c-227dafac2df7,512,16,0.0005,8,0.5055385640202849,0.020363236103467255,0.4057017543859649,0.03878000209621633,,,,,GAT_VGAE,0.899122807017544
bb3bac36-acaf-4972-929c-227dafac2df7,512,16,0.0005,8,0.493053217727225,0.019348597226701063,0.39473684210526316,0.036889025514909315,,,,,GAT_VGAE,0.9429824561403509
bb3bac36-acaf-4972-929c-227dafac2df7,512,16,0.0005,8,0.518348022853814,0.022714742529496085,0.4517543859649123,0.04325459317585302,,,,,GAT_VGAE,1.074561403508772
bb3bac36-acaf-4972-929c-227dafac2df7,512,16,0.0005,8,0.5122405706927453,0.02046845326018147,0.42543859649122806,0.03905778135695591,,,,,GAT_VGAE,0.899122807017544
bb3bac36-acaf-4972-929c-227dafac2df7,512,16,0.0005,8,0.4998386401041617,0.019916628068550254,0.37719298245614036,0.03783545974483062,,,,,GAT_VGAE,0.986842105263158
bb3bac36-acaf-4972-929c-227dafac2df7,512,16,0.0005,8,0.5027001419807913,0.020697412823397075,0.40350877192982454,0.03937513374705756,,,,,GAT_VGAE,0.899122807017544
bb3bac36-acaf-4972-929c-227dafac2df7,512,16,0.0005,8,0.5040414088091759,0.020353982300884955,0.40350877192982454,0.038753159224936815,,,,,GAT_VGAE,0.9429824561403509
bb3bac36-acaf-4972-929c-227dafac2df7,512,16,0.0005,8,0.5043762156707319,0.02135191946011727,0.4232456140350877,0.040652975250131645,,,,,GAT_VGAE,0.986842105263158
bb3bac36-acaf-4972-929c-227dafac2df7,512,16,0.0005,8,0.49520526331706605,0.019438947736002795,0.36622807017543857,0.03691831546368962,,,,,GAT_VGAE,0.899122807017544
bb3bac36-acaf-4972-929c-227dafac2df7,512,16,0.0005,8,0.5006666790024417,0.020396470723043427,0.39035087719298245,0.038767287378852225,,,,,GAT_VGAE,1.0087719298245614
bb3bac36-acaf-4972-929c-227dafac2df7,512,16,0.0005,8,0.5088615631575764,0.02056907781967775,0.39473684210526316,0.039100684261974585,,,,,GAT_VGAE,0.9649122807017544
bb3bac36-acaf-4972-929c-227dafac2df7,512,16,0.0005,8,0.5003334638537916,0.01994696183558169,0.3793859649122807,0.03790119399715193,,,,,GAT_VGAE,0.9210526315789475
bb3bac36-acaf-4972-929c-227dafac2df7,512,16,0.0005,8,0.49853671842917036,0.01998108299834476,0.3706140350877193,0.037917881983396906,,,,,GAT_VGAE,0.9210526315789475
bb3bac36-acaf-4972-929c-227dafac2df7,512,16,0.0005,8,0.5106572142795749,0.02133364420610865,0.40131578947368424,0.04051361523134824,,,,,GAT_VGAE,0.8552631578947368
bb3bac36-acaf-4972-929c-227dafac2df7,512,16,0.0005,8,0.501119073654923,0.020209224916785545,0.37280701754385964,0.03834009923319801,,,,,GAT_VGAE,0.8333333333333333
bb3bac36-acaf-4972-929c-227dafac2df7,512,16,0.0005,8,0.5048347284696953,0.020476190476190478,0.37719298245614036,0.03884372177055104,,,,,GAT_VGAE,0.8333333333333333
bb3bac36-acaf-4972-929c-227dafac2df7,512,16,0.0005,8,0.5008269445956572,0.019569245020842983,0.3706140350877193,0.03717553893532776,,,,,GAT_VGAE,0.899122807017544
bb3bac36-acaf-4972-929c-227dafac2df7,512,16,0.0005,8,0.5115116159228592,0.02010110736639384,0.36622807017543857,0.03811045184847102,,,,,GAT_VGAE,0.9210526315789475
bb3bac36-acaf-4972-929c-227dafac2df7,512,16,0.0005,8,0.4993464526290322,0.020258725896997804,0.36403508771929827,0.03838150289017341,,,,,GAT_VGAE,0.899122807017544
bb3bac36-acaf-4972-929c-227dafac2df7,512,16,0.0005,8,0.4946689555498254,0.01980577561972911,0.3399122807017544,0.037430572325525234,,,,,GAT_VGAE,0.7456140350877194
e4bc17ac-95d5-4aaf-bcb7-ffbb008818ef,512,16,0.0005,8,0.4929902953264126,0.019763559245555454,0.48026315789473684,0.037964808875790935,,,,,GAT_VGAE,0.9210526315789475
e4bc17ac-95d5-4aaf-bcb7-ffbb008818ef,512,16,0.0005,8,0.4937939113797922,0.020508166969147007,0.4956140350877193,0.03938654583478564,,,,,GAT_VGAE,0.8333333333333333
e4bc17ac-95d5-4aaf-bcb7-ffbb008818ef,512,16,0.0005,8,0.4941456799320021,0.020520337119824112,0.49122807017543857,0.03939500527611678,,,,,GAT_VGAE,0.899122807017544
e4bc17ac-95d5-4aaf-bcb7-ffbb008818ef,512,16,0.0005,8,0.49751931543611344,0.020517560073937152,0.4868421052631579,0.039375665129478536,,,,,GAT_VGAE,0.9429824561403509
e4bc17ac-95d5-4aaf-bcb7-ffbb008818ef,512,16,0.0005,8,0.49431644088219096,0.020626219455542136,0.4868421052631579,0.03957571976111953,,,,,GAT_VGAE,0.6798245614035088
e4bc17ac-95d5-4aaf-bcb7-ffbb008818ef,512,16,0.0005,8,0.4932341258471892,0.019947800149142433,0.4692982456140351,0.0382689556509299,,,,,GAT_VGAE,0.9210526315789475
e4bc17ac-95d5-4aaf-bcb7-ffbb008818ef,512,16,0.0005,8,0.4991763383122113,0.0199510634293243,0.4649122807017544,0.03826024183360404,,,,,GAT_VGAE,0.986842105263158
e4bc17ac-95d5-4aaf-bcb7-ffbb008818ef,512,16,0.0005,8,0.4930677421074915,0.02048716012084592,0.4758771929824561,0.03928312816799421,,,,,GAT_VGAE,1.0087719298245614
e4bc17ac-95d5-4aaf-bcb7-ffbb008818ef,512,16,0.0005,8,0.4884874887386311,0.019863736685538817,0.45394736842105265,0.038061965615518986,,,,,GAT_VGAE,0.5701754385964912
e4bc17ac-95d5-4aaf-bcb7-ffbb008818ef,512,16,0.0005,8,0.4976396887246241,0.019902866393676794,0.4583333333333333,0.038149128411061425,,,,,GAT_VGAE,0.9210526315789475
e4bc17ac-95d5-4aaf-bcb7-ffbb008818ef,512,16,0.0005,8,0.4810228028790903,0.02039829853054911,0.46271929824561403,0.039074074074074074,,,,,GAT_VGAE,0.7894736842105263
e4bc17ac-95d5-4aaf-bcb7-ffbb008818ef,512,16,0.0005,8,0.49759228552464446,0.01985856824566502,0.44956140350877194,0.03803692364783375,,,,,GAT_VGAE,0.8771929824561404
e4bc17ac-95d5-4aaf-bcb7-ffbb008818ef,512,16,0.0005,8,0.4789807844438715,0.020062755538651708,0.46271929824561403,0.038458033354597645,,,,,GAT_VGAE,0.7017543859649124
e4bc17ac-95d5-4aaf-bcb7-ffbb008818ef,512,16,0.0005,8,0.4941035990220516,0.021450858034321372,0.4824561403508772,0.041075429424943986,,,,,GAT_VGAE,0.9429824561403509
e4bc17ac-95d5-4aaf-bcb7-ffbb008818ef,512,16,0.0005,8,0.49914355897455487,0.020398108001576664,0.45394736842105265,0.03904187099207846,,,,,GAT_VGAE,0.9429824561403509
e4bc17ac-95d5-4aaf-bcb7-ffbb008818ef,512,16,0.0005,8,0.4888600490406746,0.020117762512266928,0.44956140350877194,0.03851211722712756,,,,,GAT_VGAE,0.6798245614035088
e4bc17ac-95d5-4aaf-bcb7-ffbb008818ef,512,16,0.0005,8,0.49787760006303183,0.020310981535471333,0.4583333333333333,0.03889819467708915,,,,,GAT_VGAE,0.899122807017544
e4bc17ac-95d5-4aaf-bcb7-ffbb008818ef,512,16,0.0005,8,0.4970552813830075,0.020655898188937837,0.46271929824561403,0.03954643426108143,,,,,GAT_VGAE,0.899122807017544
e4bc17ac-95d5-4aaf-bcb7-ffbb008818ef,512,16,0.0005,8,0.495672182349814,0.020614546868922598,0.4649122807017544,0.03947858472998138,,,,,GAT_VGAE,1.0087719298245614
e4bc17ac-95d5-4aaf-bcb7-ffbb008818ef,512,16,0.0005,8,0.48496661979072153,0.0189801990356007,0.4057017543859649,0.03626384396746055,,,,,GAT_VGAE,0.7675438596491229
e4bc17ac-95d5-4aaf-bcb7-ffbb008818ef,512,16,0.0005,8,0.4948975155749108,0.020088388911209322,0.43859649122807015,0.0384172109104879,,,,,GAT_VGAE,0.9649122807017544
e4bc17ac-95d5-4aaf-bcb7-ffbb008818ef,512,16,0.0005,8,0.4925672478806342,0.02043245387819877,0.4517543859649123,0.03909660277092428,,,,,GAT_VGAE,0.9649122807017544
e4bc17ac-95d5-4aaf-bcb7-ffbb008818ef,512,16,0.0005,8,0.4910077671610527,0.02043780475153024,0.43201754385964913,0.039029222387320456,,,,,GAT_VGAE,0.8333333333333333
e4bc17ac-95d5-4aaf-bcb7-ffbb008818ef,512,16,0.0005,8,0.49739401778580006,0.020858283433133732,0.4583333333333333,0.03990072546773578,,,,,GAT_VGAE,1.1184210526315792
e4bc17ac-95d5-4aaf-bcb7-ffbb008818ef,512,16,0.0005,8,0.48861064752472727,0.020385395537525355,0.4407894736842105,0.03896859247770454,,,,,GAT_VGAE,0.8114035087719299
e4bc17ac-95d5-4aaf-bcb7-ffbb008818ef,512,16,0.0005,8,0.4871137410187599,0.020268195311700276,0.4342105263157895,0.03872860635696822,,,,,GAT_VGAE,0.7456140350877194
e4bc17ac-95d5-4aaf-bcb7-ffbb008818ef,512,16,0.0005,8,0.4965729426314835,0.02091923966609675,0.45614035087719296,0.0400038465237042,,,,,GAT_VGAE,0.9210526315789475
e4bc17ac-95d5-4aaf-bcb7-ffbb008818ef,512,16,0.0005,8,0.48926513997523297,0.02044648445649906,0.4298245614035088,0.03903604859589723,,,,,GAT_VGAE,0.9210526315789475
e4bc17ac-95d5-4aaf-bcb7-ffbb008818ef,512,16,0.0005,8,0.48250423992525315,0.019212986746121444,0.4100877192982456,0.03670625184021985,,,,,GAT_VGAE,0.8333333333333333
e4bc17ac-95d5-4aaf-bcb7-ffbb008818ef,512,16,0.0005,8,0.491133363257536,0.020111963508189924,0.42543859649122806,0.0384082359928727,,,,,GAT_VGAE,1.030701754385965
e4bc17ac-95d5-4aaf-bcb7-ffbb008818ef,512,16,0.0005,8,0.49172846492023925,0.02030192608016658,0.4276315789473684,0.03876354239141239,,,,,GAT_VGAE,0.9429824561403509
e4bc17ac-95d5-4aaf-bcb7-ffbb008818ef,512,16,0.0005,8,0.48724341587956466,0.019415404309793046,0.3991228070175439,0.037029501525941,,,,,GAT_VGAE,1.0087719298245614
e4bc17ac-95d5-4aaf-bcb7-ffbb008818ef,512,16,0.0005,8,0.49760959540249644,0.020546494386782462,0.42543859649122806,0.039199838351182056,,,,,GAT_VGAE,0.8333333333333333
e4bc17ac-95d5-4aaf-bcb7-ffbb008818ef,512,16,0.0005,8,0.48999145847061853,0.020124170413187755,0.41228070175438597,0.03837517860787916,,,,,GAT_VGAE,0.9649122807017544
e4bc17ac-95d5-4aaf-bcb7-ffbb008818ef,512,16,0.0005,8,0.4987247892572112,0.020433058859408357,0.4407894736842105,0.03905566890119499,,,,,GAT_VGAE,1.0964912280701755
e4bc17ac-95d5-4aaf-bcb7-ffbb008818ef,512,16,0.0005,8,0.49432887613926857,0.01891178024300053,0.3925438596491228,0.03608507206934785,,,,,GAT_VGAE,0.899122807017544
e4bc17ac-95d5-4aaf-bcb7-ffbb008818ef,512,16,0.0005,8,0.4980605475651568,0.019921619856303068,0.40131578947368424,0.037958929682638455,,,,,GAT_VGAE,1.0087719298245614
e4bc17ac-95d5-4aaf-bcb7-ffbb008818ef,512,16,0.0005,8,0.4875423594597089,0.020019478411427333,0.4057017543859649,0.038156130762091366,,,,,GAT_VGAE,0.8114035087719299
e4bc17ac-95d5-4aaf-bcb7-ffbb008818ef,512,16,0.0005,8,0.48602401457053995,0.019520174482006544,0.3925438596491228,0.03719094120091419,,,,,GAT_VGAE,0.9429824561403509
e4bc17ac-95d5-4aaf-bcb7-ffbb008818ef,512,16,0.0005,8,0.48401268634978845,0.019071767170102526,0.3793859649122807,0.03631783352576887,,,,,GAT_VGAE,0.7236842105263158
e4bc17ac-95d5-4aaf-bcb7-ffbb008818ef,512,16,0.0005,8,0.4843067553091584,0.020394808594176028,0.4100877192982456,0.038857142857142854,,,,,GAT_VGAE,0.9210526315789475
e4bc17ac-95d5-4aaf-bcb7-ffbb008818ef,512,16,0.0005,8,0.4865980260372398,0.0198502722323049,0.38377192982456143,0.037748058671268334,,,,,GAT_VGAE,0.7456140350877194
e4bc17ac-95d5-4aaf-bcb7-ffbb008818ef,512,16,0.0005,8,0.4951165253225607,0.020446716301811312,0.40350877192982454,0.03892120571126388,,,,,GAT_VGAE,0.9210526315789475
e4bc17ac-95d5-4aaf-bcb7-ffbb008818ef,512,16,0.0005,8,0.48651117820181006,0.018910987936093904,0.3815789473684211,0.036036036036036036,,,,,GAT_VGAE,0.9429824561403509
e4bc17ac-95d5-4aaf-bcb7-ffbb008818ef,512,16,0.0005,8,0.4772433303249959,0.01937290033594625,0.3793859649122807,0.03686341359471553,,,,,GAT_VGAE,0.6798245614035088
e4bc17ac-95d5-4aaf-bcb7-ffbb008818ef,512,16,0.0005,8,0.4903241762089855,0.020069906415604917,0.39035087719298245,0.0381769436997319,,,,,GAT_VGAE,0.9210526315789475
e4bc17ac-95d5-4aaf-bcb7-ffbb008818ef,512,16,0.0005,8,0.4937438719053122,0.020185488270594652,0.4057017543859649,0.038457540796175034,,,,,GAT_VGAE,0.8333333333333333
e4bc17ac-95d5-4aaf-bcb7-ffbb008818ef,512,16,0.0005,8,0.4957702716576417,0.020032235781717707,0.3815789473684211,0.03806606869394006,,,,,GAT_VGAE,1.162280701754386
e4bc17ac-95d5-4aaf-bcb7-ffbb008818ef,512,16,0.0005,8,0.49605673023968017,0.020564323290291727,0.37719298245614036,0.039002267573696146,,,,,GAT_VGAE,0.9429824561403509
e4bc17ac-95d5-4aaf-bcb7-ffbb008818ef,512,16,0.0005,8,0.4846401694219218,0.01985684599399677,0.37719298245614036,0.03772757183592893,,,,,GAT_VGAE,0.8114035087719299
e4bc17ac-95d5-4aaf-bcb7-ffbb008818ef,512,16,0.0005,8,0.48052320399074266,0.02035830618892508,0.38377192982456143,0.03866548828988069,,,,,GAT_VGAE,0.899122807017544
e4bc17ac-95d5-4aaf-bcb7-ffbb008818ef,512,16,0.0005,8,0.48790392699449586,0.020272515785975408,0.40131578947368424,0.03859538120847833,,,,,GAT_VGAE,1.162280701754386
e4bc17ac-95d5-4aaf-bcb7-ffbb008818ef,512,16,0.0005,8,0.48537389933052555,0.017913965822038892,0.3333333333333333,0.0340006710658763,,,,,GAT_VGAE,0.8114035087719299
e4bc17ac-95d5-4aaf-bcb7-ffbb008818ef,512,16,0.0005,8,0.47964522510003915,0.019454300746359964,0.34868421052631576,0.03685247421485688,,,,,GAT_VGAE,0.7456140350877194
e4bc17ac-95d5-4aaf-bcb7-ffbb008818ef,512,16,0.0005,8,0.4868125590923416,0.019204389574759947,0.3684210526315789,0.03650586701434159,,,,,GAT_VGAE,0.9210526315789475
e4bc17ac-95d5-4aaf-bcb7-ffbb008818ef,512,16,0.0005,8,0.48946788440662536,0.020056980056980058,0.38596491228070173,0.038132380023832735,,,,,GAT_VGAE,1.0964912280701755
e4bc17ac-95d5-4aaf-bcb7-ffbb008818ef,512,16,0.0005,8,0.4804966920226532,0.019069051285088238,0.3530701754385965,0.03618384088099787,,,,,GAT_VGAE,0.8552631578947368
e4bc17ac-95d5-4aaf-bcb7-ffbb008818ef,512,16,0.0005,8,0.48998892167817476,0.01966735461940027,0.35526315789473684,0.03727136776716899,,,,,GAT_VGAE,0.9210526315789475
e4bc17ac-95d5-4aaf-bcb7-ffbb008818ef,512,16,0.0005,8,0.4711233931658215,0.01856825878780801,0.34868421052631576,0.035258897882248584,,,,,GAT_VGAE,0.899122807017544
e4bc17ac-95d5-4aaf-bcb7-ffbb008818ef,512,16,0.0005,8,0.48242500246715503,0.01842824872191178,0.3399122807017544,0.034961091688282396,,,,,GAT_VGAE,0.9210526315789475
e4bc17ac-95d5-4aaf-bcb7-ffbb008818ef,512,16,0.0005,8,0.5046482493545603,0.020967741935483872,0.5131578947368421,0.040289256198347105,,,,,GAT_VGAE,1.2938596491228072
e4bc17ac-95d5-4aaf-bcb7-ffbb008818ef,512,16,0.0005,8,0.5015237169202265,0.019438444924406047,0.47368421052631576,0.03734439834024896,,,,,GAT_VGAE,0.899122807017544
e4bc17ac-95d5-4aaf-bcb7-ffbb008818ef,512,16,0.0005,8,0.5025265457919886,0.020870979400072282,0.506578947368421,0.040090246442207565,,,,,GAT_VGAE,1.074561403508772
e4bc17ac-95d5-4aaf-bcb7-ffbb008818ef,512,16,0.0005,8,0.4968002591308611,0.01985906470211403,0.4758771929824561,0.038127031538258804,,,,,GAT_VGAE,1.0087719298245614
e4bc17ac-95d5-4aaf-bcb7-ffbb008818ef,512,16,0.0005,8,0.5014105063397924,0.02012072434607646,0.4824561403508772,0.038630377524143986,,,,,GAT_VGAE,0.986842105263158
e4bc17ac-95d5-4aaf-bcb7-ffbb008818ef,512,16,0.0005,8,0.4944857096015306,0.02028825851464243,0.48464912280701755,0.038946162657502864,,,,,GAT_VGAE,1.0964912280701755
e4bc17ac-95d5-4aaf-bcb7-ffbb008818ef,512,16,0.0005,8,0.500038947225167,0.02094482376822292,0.49780701754385964,0.04019833539932707,,,,,GAT_VGAE,1.1184210526315792
e4bc17ac-95d5-4aaf-bcb7-ffbb008818ef,512,16,0.0005,8,0.49261524797295364,0.020114942528735632,0.4758771929824561,0.03859836357168268,,,,,GAT_VGAE,1.030701754385965
e4bc17ac-95d5-4aaf-bcb7-ffbb008818ef,512,16,0.0005,8,0.49135854089269626,0.019818640740394505,0.4649122807017544,0.03801667712723034,,,,,GAT_VGAE,1.0526315789473684
e4bc17ac-95d5-4aaf-bcb7-ffbb008818ef,512,16,0.0005,8,0.4970224523043228,0.021344317543531173,0.5,0.04094092296642126,,,,,GAT_VGAE,0.899122807017544
e4bc17ac-95d5-4aaf-bcb7-ffbb008818ef,512,16,0.0005,8,0.5003519177752946,0.020062164453235377,0.46710526315789475,0.038471958818748306,,,,,GAT_VGAE,1.1184210526315792
e4bc17ac-95d5-4aaf-bcb7-ffbb008818ef,512,16,0.0005,8,0.4989894115278216,0.020600131690339574,0.48026315789473684,0.03950572742851989,,,,,GAT_VGAE,0.9429824561403509
e4bc17ac-95d5-4aaf-bcb7-ffbb008818ef,512,16,0.0005,8,0.4976791831011024,0.02088698140200286,0.48026315789473684,0.0400329037565122,,,,,GAT_VGAE,0.986842105263158
e4bc17ac-95d5-4aaf-bcb7-ffbb008818ef,512,16,0.0005,8,0.4961468609829781,0.020404325340855664,0.4758771929824561,0.03913082679650167,,,,,GAT_VGAE,0.8771929824561404
e4bc17ac-95d5-4aaf-bcb7-ffbb008818ef,512,16,0.0005,8,0.50172790384144,0.02006783493499152,0.46710526315789475,0.03848238482384824,,,,,GAT_VGAE,1.0526315789473684
e4bc17ac-95d5-4aaf-bcb7-ffbb008818ef,512,16,0.0005,8,0.49815664723185205,0.020115213901218246,0.46710526315789475,0.038569488456315075,,,,,GAT_VGAE,1.074561403508772
e4bc17ac-95d5-4aaf-bcb7-ffbb008818ef,512,16,0.0005,8,0.49168459333326964,0.020404216226670536,0.46271929824561403,0.039084930999351675,,,,,GAT_VGAE,0.9649122807017544
e4bc17ac-95d5-4aaf-bcb7-ffbb008818ef,512,16,0.0005,8,0.49799668008480646,0.02071690113702062,0.47149122807017546,0.03968986523906221,,,,,GAT_VGAE,0.986842105263158
e4bc17ac-95d5-4aaf-bcb7-ffbb008818ef,512,16,0.0005,8,0.49823687951051643,0.020977011494252875,0.48026315789473684,0.040198237885462555,,,,,GAT_VGAE,1.030701754385965
e4bc17ac-95d5-4aaf-bcb7-ffbb008818ef,512,16,0.0005,8,0.4911243103903835,0.020977011494252875,0.48026315789473684,0.040198237885462555,,,,,GAT_VGAE,0.9649122807017544
e4bc17ac-95d5-4aaf-bcb7-ffbb008818ef,512,16,0.0005,8,0.49367194637837564,0.020165959089154768,0.4583333333333333,0.038632162661737524,,,,,GAT_VGAE,1.0526315789473684
e4bc17ac-95d5-4aaf-bcb7-ffbb008818ef,512,16,0.0005,8,0.5004721915817488,0.02060478870552323,0.47368421052631576,0.0394917268488893,,,,,GAT_VGAE,1.0087719298245614
e4bc17ac-95d5-4aaf-bcb7-ffbb008818ef,512,16,0.0005,8,0.4882332623429378,0.018641299125588547,0.42543859649122806,0.035717573414342264,,,,,GAT_VGAE,0.986842105263158
e4bc17ac-95d5-4aaf-bcb7-ffbb008818ef,512,16,0.0005,8,0.4932905819143213,0.02017982017982018,0.44298245614035087,0.03860118478884005,,,,,GAT_VGAE,0.986842105263158
e4bc17ac-95d5-4aaf-bcb7-ffbb008818ef,512,16,0.0005,8,0.4951512943013494,0.020394289598912305,0.4605263157894737,0.039058867292848506,,,,,GAT_VGAE,1.074561403508772
e4bc17ac-95d5-4aaf-bcb7-ffbb008818ef,512,16,0.0005,8,0.4948251921197477,0.01970008820935019,0.4407894736842105,0.0377146073740501,,,,,GAT_VGAE,0.899122807017544
e4bc17ac-95d5-4aaf-bcb7-ffbb008818ef,512,16,0.0005,8,0.49559592935341434,0.020011771630370805,0.4473684210526316,0.03830985915492958,,,,,GAT_VGAE,1.030701754385965
e4bc17ac-95d5-4aaf-bcb7-ffbb008818ef,512,16,0.0005,8,0.5013435051746586,0.02093272320124623,0.47149122807017546,0.04008576489232777,,,,,GAT_VGAE,0.9429824561403509
e4bc17ac-95d5-4aaf-bcb7-ffbb008818ef,512,16,0.0005,8,0.49722653974347963,0.020770059762907807,0.4649122807017544,0.03976366876113664,,,,,GAT_VGAE,0.986842105263158
e4bc17ac-95d5-4aaf-bcb7-ffbb008818ef,512,16,0.0005,8,0.5023545413160919,0.020663989814905494,0.46271929824561403,0.03956126371050905,,,,,GAT_VGAE,1.030701754385965
e4bc17ac-95d5-4aaf-bcb7-ffbb008818ef,512,16,0.0005,8,0.49741744581013403,0.02011129551889095,0.4517543859649123,0.03850827180110291,,,,,GAT_VGAE,0.986842105263158
e4bc17ac-95d5-4aaf-bcb7-ffbb008818ef,512,16,0.0005,8,0.4900806441343788,0.01990643973325371,0.43859649122807015,0.03808435685042369,,,,,GAT_VGAE,0.899122807017544
e4bc17ac-95d5-4aaf-bcb7-ffbb008818ef,512,16,0.0005,8,0.4832777626565052,0.018998978549540347,0.40789473684210525,0.03630685145422604,,,,,GAT_VGAE,0.986842105263158
e4bc17ac-95d5-4aaf-bcb7-ffbb008818ef,512,16,0.0005,8,0.49507538949214813,0.020274948076352488,0.44956140350877194,0.038800037853695464,,,,,GAT_VGAE,1.0526315789473684
e4bc17ac-95d5-4aaf-bcb7-ffbb008818ef,512,16,0.0005,8,0.4919714001025063,0.01988862370723946,0.43859649122807015,0.0380517503805175,,,,,GAT_VGAE,1.0526315789473684
e4bc17ac-95d5-4aaf-bcb7-ffbb008818ef,512,16,0.0005,8,0.4980993455672388,0.020356999598876855,0.4451754385964912,0.038933640199462986,,,,,GAT_VGAE,0.9210526315789475
e4bc17ac-95d5-4aaf-bcb7-ffbb008818ef,512,16,0.0005,8,0.4909345483673801,0.019902020820575628,0.4276315789473684,0.038033937975424224,,,,,GAT_VGAE,0.8114035087719299
e4bc17ac-95d5-4aaf-bcb7-ffbb008818ef,512,16,0.0005,8,0.4941957691475104,0.020312655581001694,0.4473684210526316,0.038860843889894275,,,,,GAT_VGAE,0.986842105263158
e4bc17ac-95d5-4aaf-bcb7-ffbb008818ef,512,16,0.0005,8,0.4961858579491734,0.020620661494487547,0.44298245614035087,0.03940694498634413,,,,,GAT_VGAE,0.9649122807017544
e4bc17ac-95d5-4aaf-bcb7-ffbb008818ef,512,16,0.0005,8,0.48738676952315463,0.019692049858594324,0.41228070175438597,0.037588723382985106,,,,,GAT_VGAE,0.9210526315789475
e4bc17ac-95d5-4aaf-bcb7-ffbb008818ef,512,16,0.0005,8,0.49457693464745156,0.01999000499750125,0.43859649122807015,0.03823726221202562,,,,,GAT_VGAE,0.8771929824561404
e4bc17ac-95d5-4aaf-bcb7-ffbb008818ef,512,16,0.0005,8,0.4905131921165643,0.020099461251554082,0.42543859649122806,0.03838543727740404,,,,,GAT_VGAE,0.899122807017544
e4bc17ac-95d5-4aaf-bcb7-ffbb008818ef,512,16,0.0005,8,0.494330716557316,0.019945327528601803,0.43201754385964913,0.038130262266524724,,,,,GAT_VGAE,0.8333333333333333
e4bc17ac-95d5-4aaf-bcb7-ffbb008818ef,512,16,0.0005,8,0.4890278752701933,0.020012639561828523,0.4166666666666667,0.03819095477386935,,,,,GAT_VGAE,0.9649122807017544
e4bc17ac-95d5-4aaf-bcb7-ffbb008818ef,512,16,0.0005,8,0.4979458944949017,0.020531526836894215,0.43201754385964913,0.03920007959407024,,,,,GAT_VGAE,1.0087719298245614
e4bc17ac-95d5-4aaf-bcb7-ffbb008818ef,512,16,0.0005,8,0.49072598423567537,0.02065459167461074,0.4276315789473684,0.039405880569869656,,,,,GAT_VGAE,0.9210526315789475
e4bc17ac-95d5-4aaf-bcb7-ffbb008818ef,512,16,0.0005,8,0.493092662362675,0.02047244094488189,0.4276315789473684,0.03907424105801022,,,,,GAT_VGAE,0.9649122807017544
e4bc17ac-95d5-4aaf-bcb7-ffbb008818ef,512,16,0.0005,8,0.4907358827003092,0.019595381845143523,0.4057017543859649,0.037385066181671214,,,,,GAT_VGAE,0.7894736842105263
e4bc17ac-95d5-4aaf-bcb7-ffbb008818ef,512,16,0.0005,8,0.48517065748885,0.01865907653383934,0.3881578947368421,0.0356065178032589,,,,,GAT_VGAE,0.899122807017544
e4bc17ac-95d5-4aaf-bcb7-ffbb008818ef,512,16,0.0005,8,0.4923316246295288,0.01990795247779086,0.40789473684210525,0.03796305745484233,,,,,GAT_VGAE,0.9429824561403509
e4bc17ac-95d5-4aaf-bcb7-ffbb008818ef,512,16,0.0005,8,0.4902383231941221,0.020293242668933276,0.41885964912280704,0.03871098500202675,,,,,GAT_VGAE,1.0087719298245614
e4bc17ac-95d5-4aaf-bcb7-ffbb008818ef,512,16,0.0005,8,0.4992982038315713,0.020715429791777897,0.42543859649122806,0.0395071784950616,,,,,GAT_VGAE,0.899122807017544
e4bc17ac-95d5-4aaf-bcb7-ffbb008818ef,512,16,0.0005,8,0.4966344225424748,0.020386380616928167,0.41885964912280704,0.03888040712468194,,,,,GAT_VGAE,0.899122807017544
e4bc17ac-95d5-4aaf-bcb7-ffbb008818ef,512,16,0.0005,8,0.49567954402200387,0.020678336980306345,0.4144736842105263,0.03939141308878699,,,,,GAT_VGAE,0.7894736842105263
e4bc17ac-95d5-4aaf-bcb7-ffbb008818ef,512,16,0.0005,8,0.48910268577677185,0.019394461803684947,0.39473684210526316,0.03697237342097155,,,,,GAT_VGAE,0.9210526315789475
e4bc17ac-95d5-4aaf-bcb7-ffbb008818ef,512,16,0.0005,8,0.48160502161546126,0.019314019314019316,0.3815789473684211,0.03676703645007924,,,,,GAT_VGAE,0.9429824561403509
e4bc17ac-95d5-4aaf-bcb7-ffbb008818ef,512,16,0.0005,8,0.5036918786032402,0.020343432133872907,0.40789473684210525,0.03875403687884155,,,,,GAT_VGAE,0.899122807017544
e4bc17ac-95d5-4aaf-bcb7-ffbb008818ef,512,16,0.0005,8,0.48862586827939025,0.019592903015130076,0.39473684210526316,0.037332780255107334,,,,,GAT_VGAE,0.8333333333333333
e4bc17ac-95d5-4aaf-bcb7-ffbb008818ef,512,16,0.0005,8,0.49204262925504655,0.019258439402324294,0.3815789473684211,0.0366663154567485,,,,,GAT_VGAE,0.8771929824561404
e4bc17ac-95d5-4aaf-bcb7-ffbb008818ef,512,16,0.0005,8,0.4864946641804111,0.019253650621957816,0.39035087719298245,0.03669724770642202,,,,,GAT_VGAE,0.899122807017544
e4bc17ac-95d5-4aaf-bcb7-ffbb008818ef,512,16,0.0005,8,0.5041985407176078,0.01997641161727849,0.5942982456140351,0.038653544430181146,,,,,GAT_VGAE,1.1184210526315792
ffcdfba8-9ef4-4401-b523-6805b42d92da,512,16,0.0005,8,0.5004041458550204,0.019973130317957905,0.48903508771929827,0.03837879700542122,,,,,GAT_VGAE,1.030701754385965
ffcdfba8-9ef4-4401-b523-6805b42d92da,512,16,0.0005,8,0.49077473044341935,0.019494061111614832,0.47149122807017546,0.03744013931214628,,,,,GAT_VGAE,0.8552631578947368
ffcdfba8-9ef4-4401-b523-6805b42d92da,512,16,0.0005,8,0.49501172097591106,0.019879076584829607,0.4758771929824561,0.03816391136123813,,,,,GAT_VGAE,0.899122807017544
ffcdfba8-9ef4-4401-b523-6805b42d92da,512,16,0.0005,8,0.47969029047168826,0.019727138643067847,0.4692982456140351,0.03786270346779901,,,,,GAT_VGAE,0.8552631578947368
ffcdfba8-9ef4-4401-b523-6805b42d92da,512,16,0.0005,8,0.49460926631585317,0.019842373667130275,0.4692982456140351,0.0380749043679388,,,,,GAT_VGAE,0.8114035087719299
ffcdfba8-9ef4-4401-b523-6805b42d92da,512,16,0.0005,8,0.48627262023003437,0.01907255048616305,0.4473684210526316,0.036585365853658534,,,,,GAT_VGAE,0.8114035087719299
ffcdfba8-9ef4-4401-b523-6805b42d92da,512,16,0.0005,8,0.4848936994432188,0.019438244047619048,0.4583333333333333,0.03729478943611706,,,,,GAT_VGAE,0.7236842105263158
ffcdfba8-9ef4-4401-b523-6805b42d92da,512,16,0.0005,8,0.5014831779821537,0.020613614573346116,0.47149122807017546,0.03950027558331802,,,,,GAT_VGAE,0.9210526315789475
ffcdfba8-9ef4-4401-b523-6805b42d92da,512,16,0.0005,8,0.4907765708614668,0.01973119816985988,0.45394736842105265,0.03781858043299534,,,,,GAT_VGAE,0.986842105263158
ffcdfba8-9ef4-4401-b523-6805b42d92da,512,16,0.0005,8,0.4857877446860665,0.019590728348365824,0.44298245614035087,0.03752205814061484,,,,,GAT_VGAE,0.899122807017544
ffcdfba8-9ef4-4401-b523-6805b42d92da,512,16,0.0005,8,0.4959735134993172,0.019646559383947083,0.43640350877192985,0.037600377893245156,,,,,GAT_VGAE,0.9649122807017544
ffcdfba8-9ef4-4401-b523-6805b42d92da,512,16,0.0005,8,0.49390388879338615,0.01951645790853481,0.4407894736842105,0.03737796373779637,,,,,GAT_VGAE,0.9649122807017544
ffcdfba8-9ef4-4401-b523-6805b42d92da,512,16,0.0005,8,0.4863473312545563,0.018726591760299626,0.4166666666666667,0.035842293906810034,,,,,GAT_VGAE,0.9429824561403509
ffcdfba8-9ef4-4401-b523-6805b42d92da,512,16,0.0005,8,0.482007128088321,0.020522940305870745,0.45614035087719296,0.03927863280143518,,,,,GAT_VGAE,0.7456140350877194
ffcdfba8-9ef4-4401-b523-6805b42d92da,512,16,0.0005,8,0.497277275592356,0.018893783651492902,0.4232456140350877,0.036172804798050795,,,,,GAT_VGAE,0.9210526315789475
ffcdfba8-9ef4-4401-b523-6805b42d92da,512,16,0.0005,8,0.48526934368901753,0.019619741100323624,0.42543859649122806,0.03750966744006187,,,,,GAT_VGAE,0.8771929824561404
ffcdfba8-9ef4-4401-b523-6805b42d92da,512,16,0.0005,8,0.4875841916645179,0.01937791910960946,0.4276315789473684,0.037075767658522676,,,,,GAT_VGAE,0.8771929824561404
ffcdfba8-9ef4-4401-b523-6805b42d92da,512,16,0.0005,8,0.4797294366609683,0.018572432486698123,0.4057017543859649,0.035518863396371315,,,,,GAT_VGAE,0.8771929824561404
ffcdfba8-9ef4-4401-b523-6805b42d92da,512,16,0.0005,8,0.4814930048197067,0.019706872648049118,0.43640350877192985,0.03771082054197461,,,,,GAT_VGAE,0.9210526315789475
ffcdfba8-9ef4-4401-b523-6805b42d92da,512,16,0.0005,8,0.48970907865290153,0.019929185634800204,0.43201754385964913,0.03810076394932792,,,,,GAT_VGAE,0.899122807017544
ffcdfba8-9ef4-4401-b523-6805b42d92da,512,16,0.0005,8,0.49234485574305936,0.020184602900902727,0.43640350877192985,0.03858458555501697,,,,,GAT_VGAE,0.8771929824561404
ffcdfba8-9ef4-4401-b523-6805b42d92da,512,16,0.0005,8,0.48876663538950804,0.019640908640015872,0.4342105263157895,0.037581854417765966,,,,,GAT_VGAE,0.9210526315789475
ffcdfba8-9ef4-4401-b523-6805b42d92da,512,16,0.0005,8,0.48992420860034314,0.019246949936895245,0.40131578947368424,0.0367322360497792,,,,,GAT_VGAE,0.8771929824561404
ffcdfba8-9ef4-4401-b523-6805b42d92da,512,16,0.0005,8,0.49663974483250406,0.01978289540428122,0.4276315789473684,0.03781634829826433,,,,,GAT_VGAE,1.030701754385965
ffcdfba8-9ef4-4401-b523-6805b42d92da,512,16,0.0005,8,0.48928021150681095,0.019349077197856716,0.4276315789473684,0.037022973229542434,,,,,GAT_VGAE,1.074561403508772
ffcdfba8-9ef4-4401-b523-6805b42d92da,512,16,0.0005,8,0.48873783533411647,0.019449617214980345,0.41228070175438597,0.037146808931041296,,,,,GAT_VGAE,0.9210526315789475
ffcdfba8-9ef4-4401-b523-6805b42d92da,512,16,0.0005,8,0.48009503321904834,0.018536172015676304,0.38377192982456143,0.03536425179347277,,,,,GAT_VGAE,0.7894736842105263
ffcdfba8-9ef4-4401-b523-6805b42d92da,512,16,0.0005,8,0.4904398738408351,0.020397597846344998,0.43201754385964913,0.03895590270911608,,,,,GAT_VGAE,0.899122807017544
ffcdfba8-9ef4-4401-b523-6805b42d92da,512,16,0.0005,8,0.4927170181168763,0.019450447669033654,0.4144736842105263,0.03715718077263344,,,,,GAT_VGAE,1.0964912280701755
ffcdfba8-9ef4-4401-b523-6805b42d92da,512,16,0.0005,8,0.49051090402926206,0.01876702653617193,0.40789473684210525,0.03588309057586573,,,,,GAT_VGAE,1.030701754385965
ffcdfba8-9ef4-4401-b523-6805b42d92da,512,16,0.0005,8,0.4910417900244169,0.01922661481961547,0.39035087719298245,0.03664813670990323,,,,,GAT_VGAE,1.0964912280701755
ffcdfba8-9ef4-4401-b523-6805b42d92da,512,16,0.0005,8,0.4716988968633706,0.018468280467445742,0.3881578947368421,0.035258964143426295,,,,,GAT_VGAE,0.7675438596491229
ffcdfba8-9ef4-4401-b523-6805b42d92da,512,16,0.0005,8,0.48649744967799646,0.019222554463904314,0.39473684210526316,0.03665987780040733,,,,,GAT_VGAE,0.9649122807017544
ffcdfba8-9ef4-4401-b523-6805b42d92da,512,16,0.0005,8,0.4864773543025591,0.019377758639250727,0.39473684210526316,0.03694202154951257,,,,,GAT_VGAE,0.9210526315789475
ffcdfba8-9ef4-4401-b523-6805b42d92da,512,16,0.0005,8,0.47962940745303656,0.018940979489326076,0.3969298245614035,0.03615661206552138,,,,,GAT_VGAE,0.8552631578947368
ffcdfba8-9ef4-4401-b523-6805b42d92da,512,16,0.0005,8,0.484848186402315,0.01868085994573158,0.3925438596491228,0.03566447499501893,,,,,GAT_VGAE,1.030701754385965
ffcdfba8-9ef4-4401-b523-6805b42d92da,512,16,0.0005,8,0.49185013147548606,0.019053876478318004,0.3815789473684211,0.03629536921151439,,,,,GAT_VGAE,1.0087719298245614
ffcdfba8-9ef4-4401-b523-6805b42d92da,512,16,0.0005,8,0.49099568009117334,0.019995653118887197,0.40350877192982454,0.03810312694139573,,,,,GAT_VGAE,1.030701754385965
ffcdfba8-9ef4-4401-b523-6805b42d92da,512,16,0.0005,8,0.47947292217797266,0.018158916762884433,0.3793859649122807,0.034658920164279274,,,,,GAT_VGAE,0.8552631578947368
ffcdfba8-9ef4-4401-b523-6805b42d92da,512,16,0.0005,8,0.47959593174098375,0.018710574147332407,0.38377192982456143,0.035681516974207364,,,,,GAT_VGAE,0.8771929824561404
ffcdfba8-9ef4-4401-b523-6805b42d92da,512,16,0.0005,8,0.48552431620013564,0.020127691808245862,0.40789473684210525,0.038362380117562135,,,,,GAT_VGAE,0.899122807017544
ffcdfba8-9ef4-4401-b523-6805b42d92da,512,16,0.0005,8,0.48618094751485863,0.01936697653829128,0.38377192982456143,0.03687315634218289,,,,,GAT_VGAE,0.9429824561403509
ffcdfba8-9ef4-4401-b523-6805b42d92da,512,16,0.0005,8,0.4840364128202924,0.01893728417065835,0.37280701754385964,0.03604367645499841,,,,,GAT_VGAE,0.9210526315789475
ffcdfba8-9ef4-4401-b523-6805b42d92da,512,16,0.0005,8,0.48527799862794346,0.02034090909090909,0.3925438596491228,0.03867761452031115,,,,,GAT_VGAE,0.7894736842105263
ffcdfba8-9ef4-4401-b523-6805b42d92da,512,16,0.0005,8,0.4741175543649543,0.018368028498274517,0.3618421052631579,0.0349613306494332,,,,,GAT_VGAE,1.030701754385965
ffcdfba8-9ef4-4401-b523-6805b42d92da,512,16,0.0005,8,0.47728620709139935,0.018768596932936598,0.35964912280701755,0.03567544050467696,,,,,GAT_VGAE,0.9649122807017544
ffcdfba8-9ef4-4401-b523-6805b42d92da,512,16,0.0005,8,0.4711794513047271,0.017654476670870115,0.33771929824561403,0.03355485346987689,,,,,GAT_VGAE,0.8771929824561404
ffcdfba8-9ef4-4401-b523-6805b42d92da,512,16,0.0005,8,0.48581739033893934,0.01973908111174135,0.3815789473684211,0.03753640383993097,,,,,GAT_VGAE,0.8114035087719299
ffcdfba8-9ef4-4401-b523-6805b42d92da,512,16,0.0005,8,0.4895957685904108,0.019439421338155516,0.37719298245614036,0.03697334479793637,,,,,GAT_VGAE,1.0526315789473684
ffcdfba8-9ef4-4401-b523-6805b42d92da,512,16,0.0005,8,0.4879363581449541,0.019578827546955037,0.37719298245614036,0.03722540850557299,,,,,GAT_VGAE,0.8552631578947368
ffcdfba8-9ef4-4401-b523-6805b42d92da,512,16,0.0005,8,0.47782445475874413,0.018391339774182284,0.34649122807017546,0.0349287056482812,,,,,GAT_VGAE,0.986842105263158
ffcdfba8-9ef4-4401-b523-6805b42d92da,512,16,0.0005,8,0.47157439506951015,0.017255643540952607,0.3201754385964912,0.03274643938544353,,,,,GAT_VGAE,0.899122807017544
ffcdfba8-9ef4-4401-b523-6805b42d92da,512,16,0.0005,8,0.47891880712259693,0.01765056648777579,0.32456140350877194,0.033480375523130865,,,,,GAT_VGAE,0.8333333333333333
ffcdfba8-9ef4-4401-b523-6805b42d92da,512,16,0.0005,8,0.47098924161246886,0.018361257746155612,0.3508771929824561,0.03489640130861505,,,,,GAT_VGAE,0.9649122807017544
ffcdfba8-9ef4-4401-b523-6805b42d92da,512,16,0.0005,8,0.48042247840841446,0.018833256775378962,0.35964912280701755,0.03579223046704496,,,,,GAT_VGAE,0.9429824561403509
ffcdfba8-9ef4-4401-b523-6805b42d92da,512,16,0.0005,8,0.47860941792650746,0.018124697921701304,0.32894736842105265,0.03435639028859368,,,,,GAT_VGAE,0.899122807017544
ffcdfba8-9ef4-4401-b523-6805b42d92da,512,16,0.0005,8,0.4831725603816291,0.018973910872550244,0.3333333333333333,0.03590409826384788,,,,,GAT_VGAE,0.8771929824561404
ffcdfba8-9ef4-4401-b523-6805b42d92da,512,16,0.0005,8,0.4892194777112442,0.019746955185053802,0.36622807017543857,0.0374733535285538,,,,,GAT_VGAE,0.899122807017544
ffcdfba8-9ef4-4401-b523-6805b42d92da,512,16,0.0005,8,0.47950356265141164,0.018097392546731754,0.3333333333333333,0.03433088650479955,,,,,GAT_VGAE,0.9649122807017544
ffcdfba8-9ef4-4401-b523-6805b42d92da,512,16,0.0005,8,0.48441782702537506,0.01927437641723356,0.3355263157894737,0.036454610436025735,,,,,GAT_VGAE,0.8333333333333333
ffcdfba8-9ef4-4401-b523-6805b42d92da,512,16,0.0005,8,0.47412337406526656,0.019386676066267185,0.4824561403508772,0.03727549983056591,,,,,GAT_VGAE,0.9649122807017544
ffcdfba8-9ef4-4401-b523-6805b42d92da,512,16,0.0005,8,0.4708187791084498,0.01841309375555951,0.45394736842105265,0.0353906650709523,,,,,GAT_VGAE,0.6359649122807018
ffcdfba8-9ef4-4401-b523-6805b42d92da,512,16,0.0005,8,0.47487884080324205,0.01953930267993188,0.4780701754385965,0.03754413157668131,,,,,GAT_VGAE,0.9429824561403509
ffcdfba8-9ef4-4401-b523-6805b42d92da,512,16,0.0005,8,0.46640655093322125,0.018129340669252276,0.4407894736842105,0.03482630165468249,,,,,GAT_VGAE,0.8552631578947368
ffcdfba8-9ef4-4401-b523-6805b42d92da,512,16,0.0005,8,0.47625512531555714,0.018473240967128497,0.4473684210526316,0.035481346204017744,,,,,GAT_VGAE,0.7017543859649124
ffcdfba8-9ef4-4401-b523-6805b42d92da,512,16,0.0005,8,0.47907484472840606,0.019406810692054192,0.4649122807017544,0.03725834797891037,,,,,GAT_VGAE,1.0526315789473684
ffcdfba8-9ef4-4401-b523-6805b42d92da,512,16,0.0005,8,0.47000103660303,0.018911017723369266,0.45394736842105265,0.03630941940010524,,,,,GAT_VGAE,0.8114035087719299
ffcdfba8-9ef4-4401-b523-6805b42d92da,512,16,0.0005,8,0.46926541653535037,0.01827917282127031,0.4342105263157895,0.03508150248051028,,,,,GAT_VGAE,0.8552631578947368
ffcdfba8-9ef4-4401-b523-6805b42d92da,512,16,0.0005,8,0.4680239302097559,0.01862673484295106,0.4473684210526316,0.03576437587657784,,,,,GAT_VGAE,0.8114035087719299
ffcdfba8-9ef4-4401-b523-6805b42d92da,512,16,0.0005,8,0.4686139085465433,0.018969685698344802,0.4473684210526316,0.03639607493309545,,,,,GAT_VGAE,0.899122807017544
ffcdfba8-9ef4-4401-b523-6805b42d92da,512,16,0.0005,8,0.46274411901874085,0.017979211536660735,0.42105263157894735,0.034485855410866635,,,,,GAT_VGAE,0.8333333333333333
ffcdfba8-9ef4-4401-b523-6805b42d92da,512,16,0.0005,8,0.4738731269518379,0.01826959485043544,0.4232456140350877,0.03502722323049002,,,,,GAT_VGAE,0.9429824561403509
ffcdfba8-9ef4-4401-b523-6805b42d92da,512,16,0.0005,8,0.47010136425713167,0.0182832948421863,0.4166666666666667,0.03502949852507375,,,,,GAT_VGAE,0.9429824561403509
ffcdfba8-9ef4-4401-b523-6805b42d92da,512,16,0.0005,8,0.4725823472671882,0.018580276322058123,0.4276315789473684,0.03561318601041001,,,,,GAT_VGAE,0.7894736842105263
ffcdfba8-9ef4-4401-b523-6805b42d92da,512,16,0.0005,8,0.46361165229349915,0.018056343354131216,0.41885964912280704,0.03462026463657785,,,,,GAT_VGAE,0.7894736842105263
ffcdfba8-9ef4-4401-b523-6805b42d92da,512,16,0.0005,8,0.46811749308400746,0.01830027785762192,0.41885964912280704,0.03506839254567153,,,,,GAT_VGAE,0.9210526315789475
ffcdfba8-9ef4-4401-b523-6805b42d92da,512,16,0.0005,8,0.4668544688931547,0.018717339667458432,0.43201754385964913,0.035880156634186325,,,,,GAT_VGAE,0.8771929824561404
ffcdfba8-9ef4-4401-b523-6805b42d92da,512,16,0.0005,8,0.46691684414265566,0.018037586174331852,0.41885964912280704,0.03458578542326845,,,,,GAT_VGAE,0.8552631578947368
ffcdfba8-9ef4-4401-b523-6805b42d92da,512,16,0.0005,8,0.46327659672680155,0.018164344065353194,0.4144736842105263,0.03480342509897799,,,,,GAT_VGAE,0.7456140350877194
ffcdfba8-9ef4-4401-b523-6805b42d92da,512,16,0.0005,8,0.46374520695451205,0.018371156302190786,0.4100877192982456,0.03516690173953926,,,,,GAT_VGAE,0.9210526315789475
ffcdfba8-9ef4-4401-b523-6805b42d92da,512,16,0.0005,8,0.46941702718963985,0.019030973880959316,0.4298245614035088,0.036448163644816366,,,,,GAT_VGAE,0.8333333333333333
ffcdfba8-9ef4-4401-b523-6805b42d92da,512,16,0.0005,8,0.4714834187287307,0.018590317128939257,0.4100877192982456,0.03556823585354256,,,,,GAT_VGAE,0.8771929824561404
ffcdfba8-9ef4-4401-b523-6805b42d92da,512,16,0.0005,8,0.4640234582668793,0.018569924380204845,0.42543859649122806,0.0355865358158305,,,,,GAT_VGAE,0.7675438596491229
ffcdfba8-9ef4-4401-b523-6805b42d92da,512,16,0.0005,8,0.4672808489878298,0.01855873642645607,0.41228070175438597,0.035518609484224445,,,,,GAT_VGAE,0.7456140350877194
ffcdfba8-9ef4-4401-b523-6805b42d92da,512,16,0.0005,8,0.46820846942478683,0.01869433297445434,0.41885964912280704,0.035791248945938346,,,,,GAT_VGAE,0.7675438596491229
ffcdfba8-9ef4-4401-b523-6805b42d92da,512,16,0.0005,8,0.4721091111238448,0.01922693763697948,0.4232456140350877,0.03678292357537641,,,,,GAT_VGAE,0.6578947368421053
ffcdfba8-9ef4-4401-b523-6805b42d92da,512,16,0.0005,8,0.4691179343864106,0.018397103434778354,0.41228070175438597,0.03522248243559719,,,,,GAT_VGAE,0.7675438596491229
ffcdfba8-9ef4-4401-b523-6805b42d92da,512,16,0.0005,8,0.47052839098517474,0.01830641213901126,0.4100877192982456,0.035048261643707244,,,,,GAT_VGAE,0.7894736842105263
