_MEMBER_MyList,_LogP_MyList,GO,Description,_PATTERN_,_RANK_,GiniIndex
1,-3,GO:0010564,regulation of cell cycle process,M1,1,0
1,-18,GO:1903039,positive regulation of leukocyte cell-cell adhesion,M1,1,0
1,-3.7,GO:0060759,regulation of response to cytokine stimulus,M1,1,0
1,-2.3,R-HSA-5683057,MAPK family signaling cascades,M1,1,0
1,-3.4,GO:0009191,ribonucleoside diphosphate catabolic process,M1,1,0
1,-4,GO:1902253,regulation of intrinsic apoptotic signaling pathway by p53 class mediator,M1,1,0
1,-2.7,GO:0048525,negative regulation of viral process,M1,1,0
1,-6.1,R-HSA-5626467,RHO GTPases activate IQGAPs,M1,1,0
1,-12,hsa04672,Intestinal immune network for IgA production,M1,1,0
1,-3,GO:0051248,negative regulation of protein metabolic process,M1,1,0
1,-2.3,GO:0001934,positive regulation of protein phosphorylation,M1,1,0
1,-2.8,GO:0009132,nucleoside diphosphate metabolic process,M1,1,0
1,-3.8,R-HSA-1640170,Cell Cycle,M1,1,0
1,-3.4,GO:0050830,defense response to Gram-positive bacterium,M1,1,0
1,-4.6,GO:0051129,negative regulation of cellular component organization,M1,1,0
1,-3.7,GO:0042267,natural killer cell mediated cytotoxicity,M1,1,0
1,-3.2,GO:0098754,detoxification,M1,1,0
1,-11,CORUM:3055,Nop56p-associated pre-rRNA complex,M1,1,0
1,-9.8,GO:0070663,regulation of leukocyte proliferation,M1,1,0
1,-3,R-HSA-70326,Glucose metabolism,M1,1,0
1,-9.9,hsa04658,Th1 and Th2 cell differentiation,M1,1,0
1,-5,GO:0046686,response to cadmium ion,M1,1,0
1,-16,GO:1903037,regulation of leukocyte cell-cell adhesion,M1,1,0
1,-3.4,GO:0009137,purine nucleoside diphosphate catabolic process,M1,1,0
1,-5.6,hsa05163,Human cytomegalovirus infection,M1,1,0
1,-2.2,WP2884,NRF2 pathway,M1,1,0
1,-5.4,WP4629,Aerobic glycolysis,M1,1,0
1,-3,R-HSA-3214858,RMTs methylate histone arginines,M1,1,0
1,-3.4,GO:0042269,regulation of natural killer cell mediated cytotoxicity,M1,1,0
1,-2.7,GO:0035967,cellular response to topologically incorrect protein,M1,1,0
1,-2.5,GO:0006282,regulation of DNA repair,M1,1,0
1,-3.8,GO:0045596,negative regulation of cell differentiation,M1,1,0
1,-13,R-HSA-9010553,Regulation of expression of SLITs and ROBOs,M1,1,0
1,-3.3,R-HSA-9833482,PKR-mediated signaling,M1,1,0
1,-2.4,hsa01200,Carbon metabolism,M1,1,0
1,-6.6,GO:0097501,stress response to metal ion,M1,1,0
1,-2.9,GO:0031397,negative regulation of protein ubiquitination,M1,1,0
1,-2.4,GO:0031401,positive regulation of protein modification process,M1,1,0
1,-5.7,GO:0001909,leukocyte mediated cytotoxicity,M1,1,0
1,-3.4,GO:0040011,locomotion,M1,1,0
1,-13,R-HSA-9711097,Cellular response to starvation,M1,1,0
1,-4.7,GO:0043254,regulation of protein-containing complex assembly,M1,1,0
1,-2.2,GO:0045739,positive regulation of DNA repair,M1,1,0
1,-2.8,GO:0051338,regulation of transferase activity,M1,1,0
1,-4.3,GO:0061077,chaperone-mediated protein folding,M1,1,0
1,-2.4,GO:0141060,disruption of anatomical structure in another organism,M1,1,0
1,-3.4,GO:0050821,protein stabilization,M1,1,0
1,-3.6,GO:0046718,symbiont entry into host cell,M1,1,0
1,-2.6,GO:0010639,negative regulation of organelle organization,M1,1,0
1,-2.6,hsa04015,Rap1 signaling pathway,M1,1,0
1,-5.7,GO:0070432,regulation of nucleotide-binding oligomerization domain containing 2 signaling pathway,M1,1,0
1,-3.3,WP4879,Overlap between signal transduction pathways contributing to LMNA laminopathies,M1,1,0
1,-4.3,hsa04144,Endocytosis,M1,1,0
1,-3.6,GO:0052372,modulation by symbiont of entry into host,M1,1,0
1,-14,R-HSA-72737,Cap-dependent Translation Initiation,M1,1,0
1,-17,GO:0050863,regulation of T cell activation,M1,1,0
1,-15,R-HSA-156902,Peptide chain elongation,M1,1,0
1,-9.3,GO:0002428,antigen processing and presentation of peptide antigen via MHC class Ib,M1,1,0
1,-2.7,hsa05165,Human papillomavirus infection,M1,1,0
1,-3.7,R-HSA-194315,Signaling by Rho GTPases,M1,1,0
1,-3,GO:0002520,immune system development,M1,1,0
1,-5.5,GO:0071346,cellular response to type II interferon,M1,1,0
1,-15,WP477,Cytoplasmic ribosomal proteins,M1,1,0
1,-13,R-HSA-376176,Signaling by ROBO receptors,M1,1,0
1,-2.2,WP4630,Measles virus infection,M1,1,0
1,-3.6,R-HSA-69278,"Cell Cycle, Mitotic",M1,1,0
1,-4.1,GO:0044403,biological process involved in symbiotic interaction,M1,1,0
1,-17,hsa05166,Human T-cell leukemia virus 1 infection,M1,1,0
1,-15,R-HSA-2262752,Cellular responses to stress,M1,1,0
1,-5.6,WP3529,Zinc homeostasis,M1,1,0
1,-3,GO:0032272,negative regulation of protein polymerization,M1,1,0
1,-4.8,GO:0031348,negative regulation of defense response,M1,1,0
1,-3.2,WP5124,Alzheimer 39 s disease,M1,1,0
1,-18,GO:0019886,antigen processing and presentation of exogenous peptide antigen via MHC class II,M1,1,0
1,-5,GO:0016045,detection of bacterium,M1,1,0
1,-6.6,R-HSA-72695,"Formation of the ternary complex, and subsequently, the 43S complex",M1,1,0
1,-5.2,GO:0019730,antimicrobial humoral response,M1,1,0
1,-3.6,hsa05417,Lipid and atherosclerosis,M1,1,0
1,-2.5,hsa04714,Thermogenesis,M1,1,0
1,-2.4,GO:0001818,negative regulation of cytokine production,M1,1,0
1,-3.9,GO:0002683,negative regulation of immune system process,M1,1,0
1,-3.5,GO:0046032,ADP catabolic process,M1,1,0
1,-3.2,M54,PID IL12 2PATHWAY,M1,1,0
1,-3.9,R-HSA-2172127,DAP12 interactions,M1,1,0
1,-4.3,GO:0040017,positive regulation of locomotion,M1,1,0
1,-2.3,GO:0061564,axon development,M1,1,0
1,-3.2,GO:0002285,lymphocyte activation involved in immune response,M1,1,0
1,-3,GO:0006090,pyruvate metabolic process,M1,1,0
1,-7.4,R-HSA-9735869,SARS-CoV-1 modulates host translation machinery,M1,1,0
1,-2.5,GO:0042274,ribosomal small subunit biogenesis,M1,1,0
1,-7.8,GO:0080135,regulation of cellular response to stress,M1,1,0
1,-2,GO:0070507,regulation of microtubule cytoskeleton organization,M1,1,0
1,-2.5,GO:0071826,protein-RNA complex organization,M1,1,0
1,-2.9,GO:0032729,positive regulation of type II interferon production,M1,1,0
1,-7.2,GO:0002708,positive regulation of lymphocyte mediated immunity,M1,1,0
1,-5.5,GO:0045926,negative regulation of growth,M1,1,0
1,-2.6,GO:0002263,cell activation involved in immune response,M1,1,0
1,-7.8,GO:2001234,negative regulation of apoptotic signaling pathway,M1,1,0
1,-2.3,WP5473,Cytokine cytokine receptor interaction,M1,1,0
1,-2.8,GO:0005996,monosaccharide metabolic process,M1,1,0
1,-2.4,GO:0050900,leukocyte migration,M1,1,0
1,-4.4,GO:1903902,positive regulation of viral life cycle,M1,1,0
1,-9.8,GO:0002822,regulation of adaptive immune response based on somatic recombination of immune receptors built from immunoglobulin superfamily domains,M1,1,0
1,-3.3,GO:1901292,nucleoside phosphate catabolic process,M1,1,0
1,-3.3,GO:0006163,purine nucleotide metabolic process,M1,1,0
1,-5.5,GO:0032103,positive regulation of response to external stimulus,M1,1,0
1,-3.1,GO:0110053,regulation of actin filament organization,M1,1,0
1,-4.8,GO:0090083,regulation of inclusion body assembly,M1,1,0
1,-7.1,GO:0010273,detoxification of copper ion,M1,1,0
1,-4.6,R-HSA-1445148,Translocation of SLC2A4 (GLUT4) to the plasma membrane,M1,1,0
1,-4,GO:1905897,regulation of response to endoplasmic reticulum stress,M1,1,0
1,-13,hsa05164,Influenza A,M1,1,0
1,-2.2,GO:0051345,positive regulation of hydrolase activity,M1,1,0
1,-2.2,GO:0002768,immune response-regulating cell surface receptor signaling pathway,M1,1,0
1,-8.5,R-HSA-9754678,SARS-CoV-2 modulates host translation machinery,M1,1,0
1,-3.5,GO:0006935,chemotaxis,M1,1,0
1,-3.9,GO:0009150,purine ribonucleotide metabolic process,M1,1,0
1,-2.3,R-HSA-9842860,Regulation of endogenous retroelements,M1,1,0
1,-6.5,GO:0006417,regulation of translation,M1,1,0
1,-3.4,GO:0061844,antimicrobial humoral immune response mediated by antimicrobial peptide,M1,1,0
1,-9.1,GO:0002711,positive regulation of T cell mediated immunity,M1,1,0
1,-13,GO:0002483,antigen processing and presentation of endogenous peptide antigen,M1,1,0
1,-2,hsa05016,Huntington disease,M1,1,0
1,-4.9,GO:0045862,positive regulation of proteolysis,M1,1,0
1,-8.2,R-HSA-1236977,Endosomal/Vacuolar pathway,M1,1,0
1,-15,R-HSA-156842,Eukaryotic Translation Elongation,M1,1,0
1,-14,GO:0022407,regulation of cell-cell adhesion,M1,1,0
1,-2.6,GO:0030097,hemopoiesis,M1,1,0
1,-16,GO:0002694,regulation of leukocyte activation,M1,1,0
1,-5.5,GO:0042110,T cell activation,M1,1,0
1,-5.3,WP4628,Aerobic glycolysis augmented,M1,1,0
1,-3.6,GO:0071674,mononuclear cell migration,M1,1,0
1,-2.1,GO:0031507,heterochromatin formation,M1,1,0
1,-9.4,GO:0002709,regulation of T cell mediated immunity,M1,1,0
1,-14,hsa04514,Cell adhesion molecules,M1,1,0
1,-9.5,GO:0002819,regulation of adaptive immune response,M1,1,0
1,-8.9,R-HSA-71291,Metabolism of amino acids and derivatives,M1,1,0
1,-4.5,GO:0030335,positive regulation of cell migration,M1,1,0
1,-23,GO:0048002,antigen processing and presentation of peptide antigen,M1,1,0
1,-9.1,GO:0031343,positive regulation of cell killing,M1,1,0
1,-4.3,GO:0071216,cellular response to biotic stimulus,M1,1,0
1,-4,GO:0050678,regulation of epithelial cell proliferation,M1,1,0
1,-4.4,GO:0042026,protein refolding,M1,1,0
1,-2.3,R-HSA-1852241,Organelle biogenesis and maintenance,M1,1,0
1,-11,GO:1903706,regulation of hemopoiesis,M1,1,0
1,-3.8,GO:0032677,regulation of interleukin-8 production,M1,1,0
1,-5.1,GO:0046649,lymphocyte activation,M1,1,0
1,-13,R-HSA-389948,Co-inhibition by PD-1,M1,1,0
1,-3.9,R-HSA-6802955,Paradoxical activation of RAF signaling by kinase inactive BRAF,M1,1,0
1,-5,GO:0045639,positive regulation of myeloid cell differentiation,M1,1,0
1,-12,GO:0045087,innate immune response,M1,1,0
1,-4.2,GO:0071356,cellular response to tumor necrosis factor,M1,1,0
1,-5.2,WP534,Glycolysis and gluconeogenesis,M1,1,0
1,-4.5,GO:0002832,negative regulation of response to biotic stimulus,M1,1,0
1,-3.1,GO:0060760,positive regulation of response to cytokine stimulus,M1,1,0
1,-8,GO:0001910,regulation of leukocyte mediated cytotoxicity,M1,1,0
1,-2.8,GO:0044092,negative regulation of molecular function,M1,1,0
1,-2.6,GO:0006364,rRNA processing,M1,1,0
1,-4.8,R-HSA-9678108,SARS-CoV-1 Infection,M1,1,0
1,-3.1,hsa04217,Necroptosis,M1,1,0
1,-7.8,GO:0031341,regulation of cell killing,M1,1,0
1,-3,GO:0048545,response to steroid hormone,M1,1,0
1,-15,GO:0050865,regulation of cell activation,M1,1,0
1,-6.4,GO:0061687,detoxification of inorganic compound,M1,1,0
1,-2.7,GO:0032273,positive regulation of protein polymerization,M1,1,0
1,-2.4,GO:0032970,regulation of actin filament-based process,M1,1,0
1,-2,GO:0007162,negative regulation of cell adhesion,M1,1,0
1,-6.6,GO:0034655,nucleobase-containing compound catabolic process,M1,1,0
1,-4.7,GO:0006986,response to unfolded protein,M1,1,0
1,-2,GO:0030100,regulation of endocytosis,M1,1,0
1,-5.6,GO:0046688,response to copper ion,M1,1,0
1,-9.6,hsa04640,Hematopoietic cell lineage,M1,1,0
1,-20,WP4217,Ebola virus infection in host,M1,1,0
1,-2.7,GO:0051492,regulation of stress fiber assembly,M1,1,0
1,-2.4,GO:0016072,rRNA metabolic process,M1,1,0
1,-3.8,GO:0009595,detection of biotic stimulus,M1,1,0
1,-5.3,GO:0046034,ATP metabolic process,M1,1,0
1,-7.8,R-HSA-5661231,Metallothioneins bind metals,M1,1,0
1,-3.2,R-HSA-70171,Glycolysis,M1,1,0
1,-2.7,R-HSA-373760,L1CAM interactions,M1,1,0
1,-5.9,hsa05203,Viral carcinogenesis,M1,1,0
1,-2.1,GO:0070372,regulation of ERK1 and ERK2 cascade,M1,1,0
1,-6.2,GO:0045088,regulation of innate immune response,M1,1,0
1,-4.9,GO:0071396,cellular response to lipid,M1,1,0
1,-3.2,R-HSA-450531,Regulation of mRNA stability by proteins that bind AU-rich elements,M1,1,0
1,-2.3,GO:0002698,negative regulation of immune effector process,M1,1,0
1,-20,GO:0002396,MHC protein complex assembly,M1,1,0
1,-2.6,GO:0051099,positive regulation of binding,M1,1,0
1,-2.3,WP2006,miR targeted genes in squamous cell,M1,1,0
1,-15,R-HSA-192823,Viral mRNA Translation,M1,1,0
1,-6.3,R-HSA-983170,"Antigen Presentation: Folding, assembly and peptide loading of class I MHC",M1,1,0
1,-3.1,GO:0050851,antigen receptor-mediated signaling pathway,M1,1,0
1,-3.2,GO:0050921,positive regulation of chemotaxis,M1,1,0
1,-3.8,GO:0062207,regulation of pattern recognition receptor signaling pathway,M1,1,0
1,-14,R-HSA-156827,L13a-mediated translational silencing of Ceruloplasmin expression,M1,1,0
1,-5.8,GO:0009141,nucleoside triphosphate metabolic process,M1,1,0
1,-3.9,GO:2000765,regulation of cytoplasmic translation,M1,1,0
1,-19,GO:0050870,positive regulation of T cell activation,M1,1,0
1,-2.3,GO:0043068,positive regulation of programmed cell death,M1,1,0
1,-11,GO:0002697,regulation of immune effector process,M1,1,0
1,-3.4,GO:0034605,cellular response to heat,M1,1,0
1,-3.4,GO:0009181,purine ribonucleoside diphosphate catabolic process,M1,1,0
1,-4.4,GO:0002685,regulation of leukocyte migration,M1,1,0
1,-14,hsa05310,Asthma,M1,1,0
1,-18,GO:0002495,antigen processing and presentation of peptide antigen via MHC class II,M1,1,0
1,-2.6,GO:0031110,regulation of microtubule polymerization or depolymerization,M1,1,0
1,-4.4,GO:0035966,response to topologically incorrect protein,M1,1,0
1,-2.3,R-HSA-9658195,Leishmania infection,M1,1,0
1,-2.9,R-HSA-983169,Class I MHC mediated antigen processing & presentation,M1,1,0
1,-17,GO:0002696,positive regulation of leukocyte activation,M1,1,0
1,-4.5,R-HSA-909733,Interferon alpha/beta signaling,M1,1,0
1,-2.6,GO:0022408,negative regulation of cell-cell adhesion,M1,1,0
1,-2.6,GO:0032755,positive regulation of interleukin-6 production,M1,1,0
1,-5.2,hsa04141,Protein processing in endoplasmic reticulum,M1,1,0
1,-7.5,GO:0002474,antigen processing and presentation of peptide antigen via MHC class I,M1,1,0
1,-2.8,GO:0046434,organophosphate catabolic process,M1,1,0
1,-4.8,GO:0009144,purine nucleoside triphosphate metabolic process,M1,1,0
1,-5.3,GO:0022613,ribonucleoprotein complex biogenesis,M1,1,0
1,-3.6,GO:0046631,alpha-beta T cell activation,M1,1,0
1,-3.8,GO:0006873,intracellular monoatomic ion homeostasis,M1,1,0
1,-8.1,GO:2001233,regulation of apoptotic signaling pathway,M1,1,0
1,-2.8,GO:0032680,regulation of tumor necrosis factor production,M1,1,0
1,-15,R-HSA-2408557,Selenocysteine synthesis,M1,1,0
1,-4.4,WP2359,Parkin ubiquitin proteasomal system pathway,M1,1,0
1,-2.1,GO:0008064,regulation of actin polymerization or depolymerization,M1,1,0
1,-6.4,R-HSA-72649,Translation initiation complex formation,M1,1,0
1,-2.3,GO:0000278,mitotic cell cycle,M1,1,0
1,-4.8,GO:0006334,nucleosome assembly,M1,1,0
1,-4.9,GO:2001243,negative regulation of intrinsic apoptotic signaling pathway,M1,1,0
1,-3.9,GO:0002690,positive regulation of leukocyte chemotaxis,M1,1,0
1,-2.9,GO:0051336,regulation of hydrolase activity,M1,1,0
1,-5,GO:1903573,negative regulation of response to endoplasmic reticulum stress,M1,1,0
1,-3.9,R-HSA-6802949,Signaling by RAS mutants,M1,1,0
1,-2.1,WP51,Regulation of actin cytoskeleton,M1,1,0
1,-3.6,GO:1901800,positive regulation of proteasomal protein catabolic process,M1,1,0
1,-3,R-HSA-2299718,Condensation of Prophase Chromosomes,M1,1,0
1,-3.5,GO:0010562,positive regulation of phosphorus metabolic process,M1,1,0
1,-7.2,GO:0006959,humoral immune response,M1,1,0
1,-10,hsa05140,Leishmaniasis,M1,1,0
1,-5.2,hsa05014,Amyotrophic lateral sclerosis,M1,1,0
1,-2.2,hsa05418,Fluid shear stress and atherosclerosis,M1,1,0
1,-3.6,GO:0040008,regulation of growth,M1,1,0
1,-3.8,GO:0045824,negative regulation of innate immune response,M1,1,0
1,-3.9,GO:0071677,positive regulation of mononuclear cell migration,M1,1,0
1,-2.4,GO:0002429,immune response-activating cell surface receptor signaling pathway,M1,1,0
1,-6.4,GO:0034341,response to type II interferon,M1,1,0
1,-20,R-HSA-8953897,Cellular responses to stimuli,M1,1,0
1,-4.6,WP5362,TAR syndrome,M1,1,0
1,-3,GO:1902904,negative regulation of supramolecular fiber organization,M1,1,0
1,-2.8,R-HSA-9845323,Regulation of endogenous retroelements by Piwi-interacting RNAs (piRNAs),M1,1,0
1,-2.7,GO:0002757,immune response-activating signaling pathway,M1,1,0
1,-5,hsa05020,Prion disease,M1,1,0
1,-4.2,hsa04218,Cellular senescence,M1,1,0
1,-2.4,GO:0002764,immune response-regulating signaling pathway,M1,1,0
1,-2.1,WP289,Myometrial relaxation and contraction pathways,M1,1,0
1,-9.6,GO:0032946,positive regulation of mononuclear cell proliferation,M1,1,0
1,-13,R-HSA-8868773,rRNA processing in the nucleus and cytosol,M1,1,0
1,-3.4,GO:0071622,regulation of granulocyte chemotaxis,M1,1,0
1,-2.6,GO:0110020,regulation of actomyosin structure organization,M1,1,0
1,-4,GO:0045648,positive regulation of erythrocyte differentiation,M1,1,0
1,-3,GO:0062208,positive regulation of pattern recognition receptor signaling pathway,M1,1,0
1,-4.4,GO:0034728,nucleosome organization,M1,1,0
1,-2.2,GO:0048667,cell morphogenesis involved in neuron differentiation,M1,1,0
1,-8.6,R-HSA-202403,TCR signaling,M1,1,0
1,-3.4,R-HSA-68875,Mitotic Prophase,M1,1,0
1,-9.5,hsa05150,Staphylococcus aureus infection,M1,1,0
1,-4,GO:0031342,negative regulation of cell killing,M1,1,0
1,-2.2,GO:0061041,regulation of wound healing,M1,1,0
1,-3.1,GO:0009179,purine ribonucleoside diphosphate metabolic process,M1,1,0
1,-2.4,GO:0032870,cellular response to hormone stimulus,M1,1,0
1,-2.2,R-HSA-71387,Metabolism of carbohydrates,M1,1,0
1,-6,GO:0002700,regulation of production of molecular mediator of immune response,M1,1,0
1,-3.3,GO:0030595,leukocyte chemotaxis,M1,1,0
1,-3.2,R-HSA-3371453,Regulation of HSF1-mediated heat shock response,M1,1,0
1,-5.5,WP5049,Glycolysis in senescence,M1,1,0
1,-4.1,GO:0001911,negative regulation of leukocyte mediated cytotoxicity,M1,1,0
1,-16,CORUM:306,"Ribosome, cytoplasmic",M1,1,0
1,-3.5,GO:0006457,protein folding,M1,1,0
1,-2.9,GO:0050727,regulation of inflammatory response,M1,1,0
1,-9.9,GO:0002699,positive regulation of immune effector process,M1,1,0
1,-4.4,GO:0098581,detection of external biotic stimulus,M1,1,0
1,-10,hsa05171,Coronavirus disease - COVID-19,M1,1,0
1,-4,WP5355,Metabolic epileptic disorders,M1,1,0
1,-2.8,GO:0006195,purine nucleotide catabolic process,M1,1,0
1,-2.8,R-HSA-5250924,B-WICH complex positively regulates rRNA expression,M1,1,0
1,-11,hsa05323,Rheumatoid arthritis,M1,1,0
1,-3.6,GO:0045732,positive regulation of protein catabolic process,M1,1,0
1,-5.1,GO:0046598,positive regulation of viral entry into host cell,M1,1,0
1,-20,GO:0019882,antigen processing and presentation,M1,1,0
1,-3.7,GO:0002228,natural killer cell mediated immunity,M1,1,0
1,-3.6,GO:0060326,cell chemotaxis,M1,1,0
1,-2.6,GO:1903312,negative regulation of mRNA metabolic process,M1,1,0
1,-3.3,GO:0009134,nucleoside diphosphate catabolic process,M1,1,0
1,-4.9,hsa05167,Kaposi sarcoma-associated herpesvirus infection,M1,1,0
1,-7.1,GO:1990169,stress response to copper ion,M1,1,0
1,-3.6,GO:0006096,glycolytic process,M1,1,0
1,-4,WP2446,Retinoblastoma gene in cancer,M1,1,0
1,-2.6,GO:0070664,negative regulation of leukocyte proliferation,M1,1,0
1,-4.4,GO:2000147,positive regulation of cell motility,M1,1,0
1,-2.5,GO:0032231,regulation of actin filament bundle assembly,M1,1,0
1,-4.4,GO:0031333,negative regulation of protein-containing complex assembly,M1,1,0
1,-3,GO:0002521,leukocyte differentiation,M1,1,0
1,-4,GO:0006401,RNA catabolic process,M1,1,0
1,-2.7,GO:0061136,regulation of proteasomal protein catabolic process,M1,1,0
1,-2.2,GO:0030098,lymphocyte differentiation,M1,1,0
1,-3.5,GO:0045622,regulation of T-helper cell differentiation,M1,1,0
1,-13,R-HSA-202427,Phosphorylation of CD3 and TCR zeta chains,M1,1,0
1,-6.4,R-HSA-72662,"Activation of the mRNA upon binding of the cap-binding complex and eIFs, and subsequent binding to 43S",M1,1,0
1,-21,hsa04940,Type I diabetes mellitus,M1,1,0
1,-4.3,GO:0046635,positive regulation of alpha-beta T cell activation,M1,1,0
1,-6.2,GO:0001775,cell activation,M1,1,0
1,-4.4,R-HSA-68886,M Phase,M1,1,0
1,-4.1,hsa05012,Parkinson disease,M1,1,0
1,-2.1,GO:0030832,regulation of actin filament length,M1,1,0
1,-3.8,GO:0141188,nucleic acid catabolic process,M1,1,0
1,-5.8,GO:0051085,chaperone cofactor-dependent protein refolding,M1,1,0
1,-7.4,GO:0002486,"antigen processing and presentation of endogenous peptide antigen via MHC class I via ER pathway, TAP-independent",M1,1,0
1,-3.9,R-HSA-6802946,Signaling by moderate kinase activity BRAF mutants,M1,1,0
1,-2.9,GO:0010720,positive regulation of cell development,M1,1,0
1,-3.7,hsa05130,Pathogenic Escherichia coli infection,M1,1,0
1,-3.8,GO:2001237,negative regulation of extrinsic apoptotic signaling pathway,M1,1,0
1,-2.6,GO:0043123,positive regulation of canonical NF-kappaB signal transduction,M1,1,0
1,-4.1,GO:0030162,regulation of proteolysis,M1,1,0
1,-3.4,GO:0065004,protein-DNA complex assembly,M1,1,0
1,-25,hsa04612,Antigen processing and presentation,M1,1,0
1,-4.1,R-HSA-9656223,Signaling by RAF1 mutants,M1,1,0
1,-3.2,GO:0071675,regulation of mononuclear cell migration,M1,1,0
1,-9.7,GO:0050671,positive regulation of lymphocyte proliferation,M1,1,0
1,-9.2,GO:0001912,positive regulation of leukocyte mediated cytotoxicity,M1,1,0
1,-3.3,GO:1903052,positive regulation of proteolysis involved in protein catabolic process,M1,1,0
1,-2.6,GO:2000060,positive regulation of ubiquitin-dependent protein catabolic process,M1,1,0
1,-20,hsa05320,Autoimmune thyroid disease,M1,1,0
1,-4.7,GO:0071222,cellular response to lipopolysaccharide,M1,1,0
1,-3.6,GO:0009166,nucleotide catabolic process,M1,1,0
1,-11,GO:0002250,adaptive immune response,M1,1,0
1,-4.2,GO:0046637,regulation of alpha-beta T cell differentiation,M1,1,0
1,-16,R-HSA-168255,Influenza Infection,M1,1,0
1,-6.3,GO:0001906,cell killing,M1,1,0
1,-4,GO:1902235,regulation of endoplasmic reticulum stress-induced intrinsic apoptotic signaling pathway,M1,1,0
1,-2.3,R-HSA-9824443,Parasitic Infection Pathways,M1,1,0
1,-3.3,GO:0071824,protein-DNA complex organization,M1,1,0
1,-4.4,GO:0010038,response to metal ion,M1,1,0
1,-14,GO:0019883,antigen processing and presentation of endogenous antigen,M1,1,0
1,-7.8,WP183,Proteasome degradation,M1,1,0
1,-4.6,GO:0043370,"regulation of CD4-positive, alpha-beta T cell differentiation",M1,1,0
1,-2.5,GO:0007409,axonogenesis,M1,1,0
1,-6.5,GO:0002831,regulation of response to biotic stimulus,M1,1,0
1,-3.6,hsa03082,ATP-dependent chromatin remodeling,M1,1,0
1,-5.5,GO:0009617,response to bacterium,M1,1,0
1,-4.2,GO:0050792,regulation of viral process,M1,1,0
1,-5.2,GO:0051084,'de novo' post-translational protein folding,M1,1,0
1,-4.1,hsa05010,Alzheimer disease,M1,1,0
1,-3,GO:0019731,antibacterial humoral response,M1,1,0
1,-4.4,GO:0002252,immune effector process,M1,1,0
1,-2.1,hsa04921,Oxytocin signaling pathway,M1,1,0
1,-4.3,GO:0002716,negative regulation of natural killer cell mediated immunity,M1,1,0
1,-5.7,R-HSA-9692914,SARS-CoV-1-host interactions,M1,1,0
1,-4.9,GO:1903708,positive regulation of hemopoiesis,M1,1,0
1,-2.4,GO:0006006,glucose metabolic process,M1,1,0
1,-5.2,GO:0045321,leukocyte activation,M1,1,0
1,-13,R-HSA-202430,Translocation of ZAP-70 to Immunological synapse,M1,1,0
1,-2.1,GO:0071383,cellular response to steroid hormone stimulus,M1,1,0
1,-5.1,GO:0075294,positive regulation by symbiont of entry into host,M1,1,0
1,-3.6,WP5078,T cell modulation in pancreatic cancer,M1,1,0
1,-4.8,GO:0002443,leukocyte mediated immunity,M1,1,0
1,-4.8,GO:0098543,detection of other organism,M1,1,0
1,-2.4,GO:0141061,disruption of cell in another organism,M1,1,0
1,-2.5,GO:0072523,purine-containing compound catabolic process,M1,1,0
1,-8,GO:0001819,positive regulation of cytokine production,M1,1,0
1,-2.7,hsa04814,Motor proteins,M1,1,0
1,-2.3,GO:0072524,pyridine-containing compound metabolic process,M1,1,0
1,-7.3,GO:0002824,positive regulation of adaptive immune response based on somatic recombination of immune receptors built from immunoglobulin superfamily domains,M1,1,0
1,-3,GO:0042327,positive regulation of phosphorylation,M1,1,0
1,-6.3,GO:0071280,cellular response to copper ion,M1,1,0
1,-18,GO:0051251,positive regulation of lymphocyte activation,M1,1,0
1,-4.3,GO:0002237,response to molecule of bacterial origin,M1,1,0
1,-3,hsa04971,Gastric acid secretion,M1,1,0
1,-6,GO:0032649,regulation of type II interferon production,M1,1,0
1,-3.1,GO:0009135,purine nucleoside diphosphate metabolic process,M1,1,0
1,-8.9,GO:0032944,regulation of mononuclear cell proliferation,M1,1,0
1,-2.5,WP3391,Senescence associated secretory phenotype SASP,M1,1,0
1,-6.1,GO:2001242,regulation of intrinsic apoptotic signaling pathway,M1,1,0
1,-2.8,WP4018,Clear cell renal cell carcinoma pathways,M1,1,0
1,-3.9,GO:0002437,inflammatory response to antigenic stimulus,M1,1,0
1,-3.2,GO:0001961,positive regulation of cytokine-mediated signaling pathway,M1,1,0
1,-9.2,GO:0070665,positive regulation of leukocyte proliferation,M1,1,0
1,-8.6,CORUM:308,"60S ribosomal subunit, cytoplasmic",M1,1,0
1,-20,GO:0019884,antigen processing and presentation of exogenous antigen,M1,1,0
1,-5.6,R-HSA-1236975,Antigen processing-Cross presentation,M1,1,0
1,-2.3,GO:0051347,positive regulation of transferase activity,M1,1,0
1,-5,GO:0071248,cellular response to metal ion,M1,1,0
1,-16,GO:0045785,positive regulation of cell adhesion,M1,1,0
1,-3.6,R-HSA-6802952,Signaling by BRAF and RAF1 fusions,M1,1,0
1,-13,R-HSA-8953854,Metabolism of RNA,M1,1,0
1,-9.4,R-HSA-2132295,MHC class II antigen presentation,M1,1,0
1,-3.3,GO:0019725,cellular homeostasis,M1,1,0
1,-22,hsa05330,Allograft rejection,M1,1,0
1,-4.9,hsa04613,Neutrophil extracellular trap formation,M1,1,0
1,-2.3,R-HSA-73886,Chromosome Maintenance,M1,1,0
1,-4.6,GO:0032757,positive regulation of interleukin-8 production,M1,1,0
1,-2.5,WP4932,7q11 23 copy number variation syndrome,M1,1,0
1,-21,GO:0002478,antigen processing and presentation of exogenous peptide antigen,M1,1,0
1,-7.2,GO:0002476,antigen processing and presentation of endogenous peptide antigen via MHC class Ib,M1,1,0
1,-12,R-HSA-6791226,Major pathway of rRNA processing in the nucleolus and cytosol,M1,1,0
1,-3.5,GO:0006402,mRNA catabolic process,M1,1,0
1,-18,R-HSA-1280215,Cytokine Signaling in Immune system,M1,1,0
1,-3.2,GO:0031113,regulation of microtubule polymerization,M1,1,0
1,-4.3,hsa05132,Salmonella infection,M1,1,0
1,-2.9,GO:0009185,ribonucleoside diphosphate metabolic process,M1,1,0
1,-16,hsa05169,Epstein-Barr virus infection,M1,1,0
1,-3.2,GO:0009636,response to toxic substance,M1,1,0
1,-4.9,WP2272,Pathogenic Escherichia coli infection,M1,1,0
1,-2.6,R-HSA-157579,Telomere Maintenance,M1,1,0
1,-2.2,R-HSA-195721,Signaling by WNT,M1,1,0
1,-3.7,WP4290,Metabolic reprogramming in colon cancer,M1,1,0
1,-5.7,GO:0070670,response to interleukin-4,M1,1,0
1,-18,GO:0002504,antigen processing and presentation of peptide or polysaccharide antigen via MHC class II,M1,1,0
1,-3.6,GO:0044409,symbiont entry into host,M1,1,0
1,-2.6,GO:0050920,regulation of chemotaxis,M1,1,0
1,-8.7,GO:0019885,antigen processing and presentation of endogenous peptide antigen via MHC class I,M1,1,0
1,-5.1,GO:0070424,"regulation of nucleotide-binding domain, leucine rich repeat containing receptor signaling pathway",M1,1,0
1,-3.2,GO:0051493,regulation of cytoskeleton organization,M1,1,0
1,-3.5,GO:0002718,regulation of cytokine production involved in immune response,M1,1,0
1,-17,R-HSA-9824446,Viral Infection Pathways,M1,1,0
1,-10,R-HSA-9705683,SARS-CoV-2-host interactions,M1,1,0
1,-4.6,GO:0031349,positive regulation of defense response,M1,1,0
1,-3.6,R-HSA-198933,Immunoregulatory interactions between a Lymphoid and a non-Lymphoid cell,M1,1,0
1,-19,R-HSA-877300,Interferon gamma signaling,M1,1,0
1,-5.3,GO:0090084,negative regulation of inclusion body assembly,M1,1,0
1,-11,GO:0071345,cellular response to cytokine stimulus,M1,1,0
1,-3.8,GO:0043085,positive regulation of catalytic activity,M1,1,0
1,-2.8,GO:0030901,midbrain development,M1,1,0
1,-12,R-HSA-422475,Axon guidance,M1,1,0
1,-3,GO:0051494,negative regulation of cytoskeleton organization,M1,1,0
1,-3.5,GO:0042330,taxis,M1,1,0
1,-4.8,R-HSA-5663220,RHO GTPases Activate Formins,M1,1,0
1,-2.7,GO:0072521,purine-containing compound metabolic process,M1,1,0
1,-3.1,GO:1903038,negative regulation of leukocyte cell-cell adhesion,M1,1,0
1,-7.1,GO:0002821,positive regulation of adaptive immune response,M1,1,0
1,-4.1,GO:0002253,activation of immune response,M1,1,0
1,-8.8,R-HSA-9694516,SARS-CoV-2 Infection,M1,1,0
1,-4.7,hsa05170,Human immunodeficiency virus 1 infection,M1,1,0
1,-4.3,GO:0002637,regulation of immunoglobulin production,M1,1,0
1,-2.4,GO:0009615,response to virus,M1,1,0
1,-2.6,R-HSA-5250913,Positive epigenetic regulation of rRNA expression,M1,1,0
1,-9.3,hsa04659,Th17 cell differentiation,M1,1,0
1,-4.6,WP4884,Pathogenesis of SARS CoV 2 mediated by nsp9 nsp10 complex,M1,1,0
1,-3.3,GO:0050868,negative regulation of T cell activation,M1,1,0
1,-2.6,GO:0042325,regulation of phosphorylation,M1,1,0
1,-2.1,GO:0001932,regulation of protein phosphorylation,M1,1,0
1,-3.1,WP2059,Alzheimer 39 s disease and miRNA effects,M1,1,0
1,-5.6,GO:0045619,regulation of lymphocyte differentiation,M1,1,0
1,-4.4,GO:0045953,negative regulation of natural killer cell mediated cytotoxicity,M1,1,0
1,-15,R-HSA-72764,Eukaryotic Translation Termination,M1,1,0
1,-3.8,GO:0046596,regulation of viral entry into host cell,M1,1,0
1,-3.2,GO:0032655,regulation of interleukin-12 production,M1,1,0
1,-14,R-HSA-72706,GTP hydrolysis and joining of the 60S ribosomal subunit,M1,1,0
1,-2.6,GO:0002366,leukocyte activation involved in immune response,M1,1,0
1,-2.2,R-HSA-9006934,Signaling by Receptor Tyrosine Kinases,M1,1,0
1,-5.1,GO:0006458,'de novo' protein folding,M1,1,0
1,-3.7,GO:0002695,negative regulation of leukocyte activation,M1,1,0
1,-14,R-HSA-927802,Nonsense-Mediated Decay (NMD),M1,1,0
1,-3.6,GO:0032689,negative regulation of type II interferon production,M1,1,0
1,-3,GO:0002704,negative regulation of leukocyte mediated immunity,M1,1,0
1,-4.1,GO:2000514,"regulation of CD4-positive, alpha-beta T cell activation",M1,1,0
1,-2.7,GO:1903555,regulation of tumor necrosis factor superfamily cytokine production,M1,1,0
1,-2.3,hsa04210,Apoptosis,M1,1,0
1,-3.3,GO:0031647,regulation of protein stability,M1,1,0
1,-2.5,GO:0006979,response to oxidative stress,M1,1,0
1,-7,GO:0045727,positive regulation of translation,M1,1,0
1,-3.7,R-HSA-190828,Gap junction trafficking,M1,1,0
1,-3.3,GO:0050801,monoatomic ion homeostasis,M1,1,0
1,-4.7,GO:0042254,ribosome biogenesis,M1,1,0
1,-4.6,GO:0048524,positive regulation of viral process,M1,1,0
1,-3,GO:2001236,regulation of extrinsic apoptotic signaling pathway,M1,1,0
1,-2.9,GO:0043122,regulation of canonical NF-kappaB signal transduction,M1,1,0
1,-4,GO:0051250,negative regulation of lymphocyte activation,M1,1,0
1,-3.4,GO:0033209,tumor necrosis factor-mediated signaling pathway,M1,1,0
1,-2.6,GO:1903131,mononuclear cell differentiation,M1,1,0
1,-7.4,R-HSA-5660526,Response to metal ions,M1,1,0
1,-5.5,GO:1902105,regulation of leukocyte differentiation,M1,1,0
1,-3.5,GO:0045937,positive regulation of phosphate metabolic process,M1,1,0
1,-2.9,R-HSA-4420097,VEGFA-VEGFR2 Pathway,M1,1,0
1,-3.8,GO:0030003,intracellular monoatomic cation homeostasis,M1,1,0
1,-6.1,R-HSA-195258,RHO GTPase Effectors,M1,1,0
1,-2.9,GO:0009896,positive regulation of catabolic process,M1,1,0
1,-9,R-HSA-1280218,Adaptive Immune System,M1,1,0
1,-16,R-HSA-1799339,SRP-dependent cotranslational protein targeting to membrane,M1,1,0
1,-6.7,GO:0002705,positive regulation of leukocyte mediated immunity,M1,1,0
1,-3.8,GO:0001959,regulation of cytokine-mediated signaling pathway,M1,1,0
1,-4.8,GO:0045089,positive regulation of innate immune response,M1,1,0
1,-4,GO:1902903,regulation of supramolecular fiber organization,M1,1,0
1,-3.4,GO:0046031,ADP metabolic process,M1,1,0
1,-3.2,GO:0051701,biological process involved in interaction with host,M1,1,0
1,-14,R-HSA-72613,Eukaryotic Translation Initiation,M1,1,0
1,-2.5,GO:1901796,regulation of signal transduction by p53 class mediator,M1,1,0
1,-4.6,GO:0039531,regulation of cytoplasmic pattern recognition receptor signaling pathway,M1,1,0
1,-3.9,R-HSA-437239,Recycling pathway of L1,M1,1,0
1,-2.3,GO:0016032,viral process,M1,1,0
1,-2.8,GO:0009261,ribonucleotide catabolic process,M1,1,0
1,-13,GO:0002181,cytoplasmic translation,M1,1,0
1,-3.9,R-HSA-9649948,Signaling downstream of RAS mutants,M1,1,0
1,-2.2,hsa04915,Estrogen signaling pathway,M1,1,0
1,-22,hsa05416,Viral myocarditis,M1,1,0
1,-17,GO:0050867,positive regulation of cell activation,M1,1,0
1,-2.8,GO:0050871,positive regulation of B cell activation,M1,1,0
1,-3,GO:0062197,cellular response to chemical stress,M1,1,0
1,-5,WP2877,Vitamin D receptor pathway,M1,1,0
1,-6.3,GO:0071294,cellular response to zinc ion,M1,1,0
1,-13,R-HSA-168273,Influenza Viral RNA Transcription and Replication,M1,1,0
1,-2.7,GO:1901874,negative regulation of post-translational protein modification,M1,1,0
1,-4.7,GO:0032271,regulation of protein polymerization,M1,1,0
1,-2.9,GO:0019058,viral life cycle,M1,1,0
1,-3.6,R-HSA-157858,Gap junction trafficking and regulation,M1,1,0
1,-4.8,GO:0009199,ribonucleoside triphosphate metabolic process,M1,1,0
1,-2.4,hsa04668,TNF signaling pathway,M1,1,0
1,-5.1,R-HSA-3371497,HSP90 chaperone cycle for steroid hormone receptors (SHR) in the presence of ligand,M1,1,0
1,-2.6,hsa03040,Spliceosome,M1,1,0
1,-6.8,CORUM:280,HMGB1-HMGB2-HSC70-ERP60-GAPDH complex,M1,1,0
1,-14,R-HSA-975957,Nonsense Mediated Decay (NMD) enhanced by the Exon Junction Complex (EJC),M1,1,0
1,-2.6,GO:0036503,ERAD pathway,M1,1,0
1,-5.6,GO:0006882,intracellular zinc ion homeostasis,M1,1,0
1,-6,GO:0046634,regulation of alpha-beta T cell activation,M1,1,0
1,-7.2,GO:0002484,antigen processing and presentation of endogenous peptide antigen via MHC class I via ER pathway,M1,1,0
1,-19,WP2328,Allograft rejection,M1,1,0
1,-3,GO:0055086,nucleobase-containing small molecule metabolic process,M1,1,0
1,-5.2,R-HSA-3371568,Attenuation phase,M1,1,0
1,-2.8,GO:0016071,mRNA metabolic process,M1,1,0
1,-3.5,GO:0050866,negative regulation of cell activation,M1,1,0
1,-3.3,GO:1903320,regulation of protein modification by small protein conjugation or removal,M1,1,0
1,-2.5,GO:0051402,neuron apoptotic process,M1,1,0
1,-5.9,CORUM:338,"40S ribosomal subunit, cytoplasmic",M1,1,0
1,-4.9,GO:0009205,purine ribonucleoside triphosphate metabolic process,M1,1,0
1,-2.6,GO:0032956,regulation of actin cytoskeleton organization,M1,1,0
1,-3.5,GO:0034599,cellular response to oxidative stress,M1,1,0
1,-3.9,GO:0034612,response to tumor necrosis factor,M1,1,0
1,-5.5,GO:0002687,positive regulation of leukocyte migration,M1,1,0
1,-7,GO:0002702,positive regulation of production of molecular mediator of immune response,M1,1,0
1,-12,R-HSA-9675108,Nervous system development,M1,1,0
1,-10,GO:0001914,regulation of T cell mediated cytotoxicity,M1,1,0
1,-3.4,GO:0072526,pyridine-containing compound catabolic process,M1,1,0
1,-8.4,GO:0002475,antigen processing and presentation via MHC class Ib,M1,1,0
1,-2.5,GO:0022618,protein-RNA complex assembly,M1,1,0
1,-6.3,GO:0002703,regulation of leukocyte mediated immunity,M1,1,0
1,-3.1,GO:0006753,nucleoside phosphate metabolic process,M1,1,0
1,-3.7,GO:0031396,regulation of protein ubiquitination,M1,1,0
1,-4.5,GO:0032496,response to lipopolysaccharide,M1,1,0
1,-2.3,GO:0030833,regulation of actin filament polymerization,M1,1,0
1,-9.9,WP3888,VEGFA VEGFR2 signaling,M1,1,0
1,-4.7,hsa04978,Mineral absorption,M1,1,0
1,-18,hsa05168,Herpes simplex virus 1 infection,M1,1,0
1,-18,R-HSA-913531,Interferon Signaling,M1,1,0
1,-4.3,GO:0002460,adaptive immune response based on somatic recombination of immune receptors built from immunoglobulin superfamily domains,M1,1,0
1,-3.3,GO:0043903,regulation of biological process involved in symbiotic interaction,M1,1,0
1,-9.4,R-HSA-202424,Downstream TCR signaling,M1,1,0
1,-12,hsa03010,Ribosome,M1,1,0
1,-17,GO:0022409,positive regulation of cell-cell adhesion,M1,1,0
1,-2.6,GO:0017148,negative regulation of translation,M1,1,0
1,-4.1,GO:0002720,positive regulation of cytokine production involved in immune response,M1,1,0
1,-4.9,GO:1902107,positive regulation of leukocyte differentiation,M1,1,0
1,-3.6,GO:0050852,T cell receptor signaling pathway,M1,1,0
1,-3.7,R-HSA-9705671,SARS-CoV-2 activates/modulates innate and adaptive immune responses,M1,1,0
1,-7.5,GO:0042129,regulation of T cell proliferation,M1,1,0
1,-2.5,R-HSA-1169410,Antiviral mechanism by IFN-stimulated genes,M1,1,0
1,-13,R-HSA-72312,rRNA processing,M1,1,0
1,-5.8,GO:0071353,cellular response to interleukin-4,M1,1,0
1,-2.8,R-HSA-194138,Signaling by VEGF,M1,1,0
1,-3.6,GO:0050777,negative regulation of immune response,M1,1,0
1,-4,GO:0032675,regulation of interleukin-6 production,M1,1,0
1,-2.1,GO:0048872,homeostasis of number of cells,M1,1,0
1,-19,GO:0002503,peptide antigen assembly with MHC class II protein complex,M1,1,0
1,-5.6,GO:0002833,positive regulation of response to biotic stimulus,M1,1,0
1,-2.8,WP2882,Nuclear receptors meta pathway,M1,1,0
1,-6.2,GO:0071276,cellular response to cadmium ion,M1,1,0
1,-2.2,hsa05162,Measles,M1,1,0
1,-3,GO:0034620,cellular response to unfolded protein,M1,1,0
1,-4.7,GO:0045582,positive regulation of T cell differentiation,M1,1,0
1,-3.2,R-HSA-6802957,Oncogenic MAPK signaling,M1,1,0
1,-2.8,hsa05034,Alcoholism,M1,1,0
1,-3.2,GO:0002707,negative regulation of lymphocyte mediated immunity,M1,1,0
1,-2.4,hsa05131,Shigellosis,M1,1,0
1,-2,GO:0009266,response to temperature stimulus,M1,1,0
1,-3.5,GO:0140694,membraneless organelle assembly,M1,1,0
1,-4.5,GO:0045621,positive regulation of lymphocyte differentiation,M1,1,0
1,-15,R-HSA-975956,Nonsense Mediated Decay (NMD) independent of the Exon Junction Complex (EJC),M1,1,0
1,-2.6,R-HSA-4839726,Chromatin organization,M1,1,0
1,-11,R-HSA-72766,Translation,M1,1,0
1,-2.4,GO:0043065,positive regulation of apoptotic process,M1,1,0
1,-7.9,GO:0042102,positive regulation of T cell proliferation,M1,1,0
1,-2.9,R-HSA-3371556,Cellular response to heat stress,M1,1,0
1,-6.1,M272,PID CD8 TCR DOWNSTREAM PATHWAY,M1,1,0
1,-13,hsa05322,Systemic lupus erythematosus,M1,1,0
1,-3.8,GO:0009259,ribonucleotide metabolic process,M1,1,0
1,-17,GO:0051249,regulation of lymphocyte activation,M1,1,0
1,-6.4,WP5115,Network map of SARS CoV 2 signaling,M1,1,0
1,-3.7,GO:0019693,ribose phosphate metabolic process,M1,1,0
1,-6.5,GO:0042270,protection from natural killer cell mediated cytotoxicity,M1,1,0
1,-2.6,GO:0001776,leukocyte homeostasis,M1,1,0
1,-7.2,GO:0002706,regulation of lymphocyte mediated immunity,M1,1,0
1,-9.6,R-HSA-388841,Regulation of T cell activation by CD28 family,M1,1,0
1,-6.9,GO:0045637,regulation of myeloid cell differentiation,M1,1,0
1,-11,hsa05321,Inflammatory bowel disease,M1,1,0
1,-3.3,GO:1901873,regulation of post-translational protein modification,M1,1,0
1,-2.2,GO:0070661,leukocyte proliferation,M1,1,0
1,-3.3,GO:0042255,ribosome assembly,M1,1,0
1,-7.6,CORUM:305,"40S ribosomal subunit, cytoplasmic",M1,1,0
1,-3,hsa01230,Biosynthesis of amino acids,M1,1,0
1,-2.8,hsa05022,Pathways of neurodegeneration - multiple diseases,M1,1,0
1,-3.3,R-HSA-9824439,Bacterial Infection Pathways,M1,1,0
1,-2.6,R-HSA-3247509,Chromatin modifying enzymes,M1,1,0
1,-3.1,GO:0006954,inflammatory response,M1,1,0
1,-5.4,GO:0002449,lymphocyte mediated immunity,M1,1,0
1,-21,hsa05332,Graft-versus-host disease,M1,1,0
1,-3.3,GO:0002715,regulation of natural killer cell mediated immunity,M1,1,0
1,-6,R-HSA-1236974,ER-Phagosome pathway,M1,1,0
1,-2.4,GO:0019362,pyridine nucleotide metabolic process,M1,1,0
1,-2.3,GO:0016052,carbohydrate catabolic process,M1,1,0
1,-5,WP3286,Copper homeostasis,M1,1,0
1,-19,GO:0002399,MHC class II protein complex assembly,M1,1,0
1,-2.7,GO:0009408,response to heat,M1,1,0
1,-2.7,GO:1901136,carbohydrate derivative catabolic process,M1,1,0
1,-15,R-HSA-9633012,Response of EIF2AK4 (GCN2) to amino acid deficiency,M1,1,0
1,-3.1,hsa00010,Glycolysis / Gluconeogenesis,M1,1,0
1,-2.9,R-HSA-68877,Mitotic Prometaphase,M1,1,0
1,-2.9,GO:0009154,purine ribonucleotide catabolic process,M1,1,0
1,-2.4,GO:1903050,regulation of proteolysis involved in protein catabolic process,M1,1,0
1,-4,M5493,WNT SIGNALING,M1,1,0
1,-4.8,GO:0002639,positive regulation of immunoglobulin production,M1,1,0
1,-3.9,GO:1902532,negative regulation of intracellular signal transduction,M1,1,0
1,-2,GO:0019318,hexose metabolic process,M1,1,0
1,-3.1,M167,PID AP1 PATHWAY,M1,1,0
1,-3.7,GO:0032102,negative regulation of response to external stimulus,M1,1,0
1,-3.4,GO:0019364,pyridine nucleotide catabolic process,M1,1,0
1,-22,hsa04145,Phagosome,M1,1,0
1,-3.8,GO:0098771,inorganic ion homeostasis,M1,1,0
1,-14,R-HSA-2408522,Selenoamino acid metabolism,M1,1,0
1,-6.8,GO:0045646,regulation of erythrocyte differentiation,M1,1,0
1,-2.8,GO:0048871,multicellular organismal-level homeostasis,M1,1,0
1,-9.2,GO:0006412,translation,M1,1,0
1,-2.1,GO:0071407,cellular response to organic cyclic compound,M1,1,0
1,-6.4,R-HSA-72702,Ribosomal scanning and start codon recognition,M1,1,0
1,-2.4,GO:0031640,killing of cells of another organism,M1,1,0
1,-12,hsa05152,Tuberculosis,M1,1,0
1,-3.1,GO:0010803,regulation of tumor necrosis factor-mediated signaling pathway,M1,1,0
1,-6.5,GO:0050918,positive chemotaxis,M1,1,0
1,-4.4,WP5284,Cell interactions of the pancreatic cancer microenvironment,M1,1,0
1,-2.7,R-HSA-977225,Amyloid fiber formation,M1,1,0
1,-11,GO:0001916,positive regulation of T cell mediated cytotoxicity,M1,1,0
1,-2.2,GO:0019221,cytokine-mediated signaling pathway,M1,1,0
1,-3.3,GO:0050864,regulation of B cell activation,M1,1,0
1,-12,R-HSA-202433,Generation of second messenger molecules,M1,1,0
1,-17,GO:0050778,positive regulation of immune response,M1,1,0
1,-2.4,GO:0046496,nicotinamide nucleotide metabolic process,M1,1,0
1,-3.6,R-HSA-9716542,"Signaling by Rho GTPases, Miro GTPases and RHOBTB3",M1,1,0
1,-3.3,hsa04650,Natural killer cell mediated cytotoxicity,M1,1,0
1,-9,GO:0050670,regulation of lymphocyte proliferation,M1,1,0
1,-12,hsa05145,Toxoplasmosis,M1,1,0
1,-8.8,R-HSA-9679506,SARS-CoV Infections,M1,1,0
1,-3.4,GO:0002688,regulation of leukocyte chemotaxis,M1,1,0
1,-4.7,GO:1902236,negative regulation of endoplasmic reticulum stress-induced intrinsic apoptotic signaling pathway,M1,1,0
1,-2.7,GO:1903321,negative regulation of protein modification by small protein conjugation or removal,M1,1,0
1,-20,GO:0002501,peptide antigen assembly with MHC protein complex,M1,1,0
1,-6.1,GO:0045580,regulation of T cell differentiation,M1,1,0
1,-4.6,R-HSA-3371571,HSF1-dependent transactivation,M1,1,0
1,-3.8,R-HSA-6798695,Neutrophil degranulation,M1,1,0
1,-4.5,GO:0071219,cellular response to molecule of bacterial origin,M1,1,0
1,-3.8,GO:0009117,nucleotide metabolic process,M1,1,0
1,-3.5,GO:0050679,positive regulation of epithelial cell proliferation,M1,1,0
1,-3.4,GO:1903900,regulation of viral life cycle,M1,1,0
1,-2.5,GO:0042176,regulation of protein catabolic process,M1,1,0
1,-3.4,GO:0055080,monoatomic cation homeostasis,M1,1,0
1,-4.9,GO:0010043,response to zinc ion,M1,1,0
1,-3.8,GO:0055082,intracellular chemical homeostasis,M1,1,0
1,-15,R-HSA-72689,Formation of a pool of free 40S subunits,M1,1,0
