_MEMBER_MyList,_LogP_MyList,GO,Description,_PATTERN_,_RANK_,CHILD_GO_MyList
1,-22.573896405436415,GO:0002376,immune system process,M1,1,GO:0048002 antigen processing and presentation of peptide antigen
1,-20.497792158034088,GO:0009987,cellular process,M1,1,GO:0002396 MHC protein complex assembly
1,-17.881052227081433,GO:0048518,positive regulation of biological process,M1,1,GO:1903039 positive regulation of leukocyte cell-cell adhesion
1,-16.919147478581525,GO:0032501,multicellular organismal process,M1,1,GO:0050867 positive regulation of cell activation
1,-15.506326824321752,GO:0050789,regulation of biological process,M1,1,GO:1903037 regulation of leukocyte cell-cell adhesion
1,-11.68529159681187,GO:0044419,biological process involved in interspecies interaction between organisms,M1,1,GO:0045087 innate immune response
1,-10.68065419008533,GO:0050896,response to stimulus,M1,1,GO:0071345 cellular response to cytokine stimulus
1,-7.774669995759102,GO:0048519,negative regulation of biological process,M1,1,GO:2001234 negative regulation of apoptotic signaling pathway
1,-7.095864745391836,GO:0098754,detoxification,M1,1,GO:0010273 detoxification of copper ion
1,-6.845616419877745,GO:0042592,homeostatic process,M1,1,GO:0045646 regulation of erythrocyte differentiation
1,-6.531014590887398,GO:0040011,locomotion,M1,1,GO:0050918 positive chemotaxis
1,-5.541392302112313,GO:0040007,growth,M1,1,GO:0045926 negative regulation of growth
1,-5.10271666404661,GO:0016032,viral process,M1,1,GO:0046598 positive regulation of viral entry into host cell
1,-3.8399576296433353,GO:0032502,developmental process,M1,1,GO:0045596 negative regulation of cell differentiation
1,-3.8061894572137556,GO:0065007,biological regulation,M1,1,GO:0043085 positive regulation of catalytic activity
1,-2.0380660748893997,GO:0051179,localization,M1,1,GO:0030100 regulation of endocytosis
